2026-06-15T12:11:01.522-04:00  INFO 161626 --- [core-sifa-test] [main] c.s.core_sifa.CoreSifaApplicationTests   : Starting CoreSifaApplicationTests using Java 21.0.11 with PID 161626 (started by andres-ortega in /home/andres-ortega/Escritorio/proyects/core-sifa)
2026-06-15T12:11:01.527-04:00  INFO 161626 --- [core-sifa-test] [main] c.s.core_sifa.CoreSifaApplicationTests   : The following 1 profile is active: "test"
2026-06-15T12:11:06.613-04:00  INFO 161626 --- [core-sifa-test] [main] .s.d.r.c.RepositoryConfigurationDelegate : Bootstrapping Spring Data JPA repositories in DEFAULT mode.
2026-06-15T12:11:07.026-04:00  INFO 161626 --- [core-sifa-test] [main] .s.d.r.c.RepositoryConfigurationDelegate : Finished Spring Data repository scanning in 368 ms. Found 10 JPA repository interfaces.
2026-06-15T12:11:09.945-04:00  INFO 161626 --- [core-sifa-test] [main] o.hibernate.jpa.internal.util.LogHelper  : HHH000204: Processing PersistenceUnitInfo [name: default]
2026-06-15T12:11:10.283-04:00  INFO 161626 --- [core-sifa-test] [main] org.hibernate.Version                    : HHH000412: Hibernate ORM core version 6.6.8.Final
2026-06-15T12:11:10.474-04:00  INFO 161626 --- [core-sifa-test] [main] o.h.c.internal.RegionFactoryInitiator    : HHH000026: Second-level cache disabled
2026-06-15T12:11:12.077-04:00  INFO 161626 --- [core-sifa-test] [main] o.s.o.j.p.SpringPersistenceUnitInfo      : No LoadTimeWeaver setup: ignoring JPA class transformer
2026-06-15T12:11:12.271-04:00  INFO 161626 --- [core-sifa-test] [main] com.zaxxer.hikari.HikariDataSource       : HikariPool-1 - Starting...
2026-06-15T12:11:13.651-04:00  INFO 161626 --- [core-sifa-test] [main] com.zaxxer.hikari.pool.HikariPool        : HikariPool-1 - Added connection conn0: url=jdbc:h2:mem:testdb user=SA
2026-06-15T12:11:13.660-04:00  INFO 161626 --- [core-sifa-test] [main] com.zaxxer.hikari.HikariDataSource       : HikariPool-1 - Start completed.
2026-06-15T12:11:13.822-04:00  WARN 161626 --- [core-sifa-test] [main] org.hibernate.orm.deprecation            : HHH90000025: H2Dialect does not need to be specified explicitly using 'hibernate.dialect' (remove the property setting and it will be selected by default)
2026-06-15T12:11:13.976-04:00  INFO 161626 --- [core-sifa-test] [main] org.hibernate.orm.connections.pooling    : HHH10001005: Database info:
	Database JDBC URL [Connecting through datasource 'HikariDataSource (HikariPool-1)']
	Database driver: undefined/unknown
	Database version: 2.3.232
	Autocommit mode: undefined/unknown
	Isolation level: undefined/unknown
	Minimum pool size: undefined/unknown
	Maximum pool size: undefined/unknown
2026-06-15T12:11:20.803-04:00  INFO 161626 --- [core-sifa-test] [main] o.h.e.t.j.p.i.JtaPlatformInitiator       : HHH000489: No JTA platform available (set 'hibernate.transaction.jta.platform' to enable JTA platform integration)
2026-06-15T12:11:21.135-04:00  INFO 161626 --- [core-sifa-test] [main] j.LocalContainerEntityManagerFactoryBean : Initialized JPA EntityManagerFactory for persistence unit 'default'
2026-06-15T12:11:21.305-04:00  WARN 161626 --- [core-sifa-test] [main] o.s.w.c.s.GenericWebApplicationContext   : Exception encountered during context initialization - cancelling refresh attempt: org.springframework.beans.factory.BeanCreationException: Error creating bean with name 'firebaseConfig': Injection of autowired dependencies failed
2026-06-15T12:11:21.308-04:00  INFO 161626 --- [core-sifa-test] [main] j.LocalContainerEntityManagerFactoryBean : Closing JPA EntityManagerFactory for persistence unit 'default'
2026-06-15T12:11:21.348-04:00  INFO 161626 --- [core-sifa-test] [main] com.zaxxer.hikari.HikariDataSource       : HikariPool-1 - Shutdown initiated...
2026-06-15T12:11:21.355-04:00  INFO 161626 --- [core-sifa-test] [main] com.zaxxer.hikari.HikariDataSource       : HikariPool-1 - Shutdown completed.
2026-06-15T12:11:21.466-04:00  INFO 161626 --- [core-sifa-test] [main] .s.b.a.l.ConditionEvaluationReportLogger : 

Error starting ApplicationContext. To display the condition evaluation report re-run your application with 'debug' enabled.
2026-06-15T12:11:21.585-04:00 ERROR 161626 --- [core-sifa-test] [main] o.s.boot.SpringApplication               : Application run failed

org.springframework.beans.factory.BeanCreationException: Error creating bean with name 'firebaseConfig': Injection of autowired dependencies failed
	at org.springframework.beans.factory.annotation.AutowiredAnnotationBeanPostProcessor.postProcessProperties(AutowiredAnnotationBeanPostProcessor.java:515) ~[spring-beans-6.2.3.jar:6.2.3]
	at org.springframework.beans.factory.support.AbstractAutowireCapableBeanFactory.populateBean(AbstractAutowireCapableBeanFactory.java:1445) ~[spring-beans-6.2.3.jar:6.2.3]
	at org.springframework.beans.factory.support.AbstractAutowireCapableBeanFactory.doCreateBean(AbstractAutowireCapableBeanFactory.java:600) ~[spring-beans-6.2.3.jar:6.2.3]
	at org.springframework.beans.factory.support.AbstractAutowireCapableBeanFactory.createBean(AbstractAutowireCapableBeanFactory.java:523) ~[spring-beans-6.2.3.jar:6.2.3]
	at org.springframework.beans.factory.support.AbstractBeanFactory.lambda$doGetBean$0(AbstractBeanFactory.java:339) ~[spring-beans-6.2.3.jar:6.2.3]
	at org.springframework.beans.factory.support.DefaultSingletonBeanRegistry.getSingleton(DefaultSingletonBeanRegistry.java:346) ~[spring-beans-6.2.3.jar:6.2.3]
	at org.springframework.beans.factory.support.AbstractBeanFactory.doGetBean(AbstractBeanFactory.java:337) ~[spring-beans-6.2.3.jar:6.2.3]
	at org.springframework.beans.factory.support.AbstractBeanFactory.getBean(AbstractBeanFactory.java:202) ~[spring-beans-6.2.3.jar:6.2.3]
	at org.springframework.beans.factory.support.DefaultListableBeanFactory.instantiateSingleton(DefaultListableBeanFactory.java:1155) ~[spring-beans-6.2.3.jar:6.2.3]
	at org.springframework.beans.factory.support.DefaultListableBeanFactory.preInstantiateSingleton(DefaultListableBeanFactory.java:1121) ~[spring-beans-6.2.3.jar:6.2.3]
	at org.springframework.beans.factory.support.DefaultListableBeanFactory.preInstantiateSingletons(DefaultListableBeanFactory.java:1056) ~[spring-beans-6.2.3.jar:6.2.3]
	at org.springframework.context.support.AbstractApplicationContext.finishBeanFactoryInitialization(AbstractApplicationContext.java:987) ~[spring-context-6.2.3.jar:6.2.3]
	at org.springframework.context.support.AbstractApplicationContext.refresh(AbstractApplicationContext.java:627) ~[spring-context-6.2.3.jar:6.2.3]
	at org.springframework.boot.SpringApplication.refresh(SpringApplication.java:752) ~[spring-boot-3.4.3.jar:3.4.3]
	at org.springframework.boot.SpringApplication.refreshContext(SpringApplication.java:439) ~[spring-boot-3.4.3.jar:3.4.3]
	at org.springframework.boot.SpringApplication.run(SpringApplication.java:318) ~[spring-boot-3.4.3.jar:3.4.3]
	at org.springframework.boot.test.context.SpringBootContextLoader.lambda$loadContext$3(SpringBootContextLoader.java:137) ~[spring-boot-test-3.4.3.jar:3.4.3]
	at org.springframework.util.function.ThrowingSupplier.get(ThrowingSupplier.java:58) ~[spring-core-6.2.3.jar:6.2.3]
	at org.springframework.util.function.ThrowingSupplier.get(ThrowingSupplier.java:46) ~[spring-core-6.2.3.jar:6.2.3]
	at org.springframework.boot.SpringApplication.withHook(SpringApplication.java:1461) ~[spring-boot-3.4.3.jar:3.4.3]
	at org.springframework.boot.test.context.SpringBootContextLoader$ContextLoaderHook.run(SpringBootContextLoader.java:553) ~[spring-boot-test-3.4.3.jar:3.4.3]
	at org.springframework.boot.test.context.SpringBootContextLoader.loadContext(SpringBootContextLoader.java:137) ~[spring-boot-test-3.4.3.jar:3.4.3]
	at org.springframework.boot.test.context.SpringBootContextLoader.loadContext(SpringBootContextLoader.java:108) ~[spring-boot-test-3.4.3.jar:3.4.3]
	at org.springframework.test.context.cache.DefaultCacheAwareContextLoaderDelegate.loadContextInternal(DefaultCacheAwareContextLoaderDelegate.java:225) ~[spring-test-6.2.3.jar:6.2.3]
	at org.springframework.test.context.cache.DefaultCacheAwareContextLoaderDelegate.loadContext(DefaultCacheAwareContextLoaderDelegate.java:152) ~[spring-test-6.2.3.jar:6.2.3]
	at org.springframework.test.context.support.DefaultTestContext.getApplicationContext(DefaultTestContext.java:130) ~[spring-test-6.2.3.jar:6.2.3]
	at org.springframework.test.context.web.ServletTestExecutionListener.setUpRequestContextIfNecessary(ServletTestExecutionListener.java:200) ~[spring-test-6.2.3.jar:6.2.3]
	at org.springframework.test.context.web.ServletTestExecutionListener.prepareTestInstance(ServletTestExecutionListener.java:139) ~[spring-test-6.2.3.jar:6.2.3]
	at org.springframework.test.context.TestContextManager.prepareTestInstance(TestContextManager.java:260) ~[spring-test-6.2.3.jar:6.2.3]
	at org.springframework.test.context.junit.jupiter.SpringExtension.postProcessTestInstance(SpringExtension.java:160) ~[spring-test-6.2.3.jar:6.2.3]
	at org.junit.jupiter.engine.descriptor.ClassBasedTestDescriptor.lambda$invokeTestInstancePostProcessors$11(ClassBasedTestDescriptor.java:378) ~[junit-jupiter-engine-5.11.4.jar:5.11.4]
	at org.junit.jupiter.engine.descriptor.ClassBasedTestDescriptor.executeAndMaskThrowable(ClassBasedTestDescriptor.java:383) ~[junit-jupiter-engine-5.11.4.jar:5.11.4]
	at org.junit.jupiter.engine.descriptor.ClassBasedTestDescriptor.lambda$invokeTestInstancePostProcessors$12(ClassBasedTestDescriptor.java:378) ~[junit-jupiter-engine-5.11.4.jar:5.11.4]
	at java.base/java.util.stream.ForEachOps$ForEachOp$OfRef.accept(ForEachOps.java:184) ~[na:na]
	at java.base/java.util.stream.ReferencePipeline$3$1.accept(ReferencePipeline.java:197) ~[na:na]
	at java.base/java.util.stream.ReferencePipeline$2$1.accept(ReferencePipeline.java:179) ~[na:na]
	at java.base/java.util.stream.ReferencePipeline$3$1.accept(ReferencePipeline.java:197) ~[na:na]
	at java.base/java.util.ArrayList$ArrayListSpliterator.forEachRemaining(ArrayList.java:1708) ~[na:na]
	at java.base/java.util.stream.AbstractPipeline.copyInto(AbstractPipeline.java:509) ~[na:na]
	at java.base/java.util.stream.AbstractPipeline.wrapAndCopyInto(AbstractPipeline.java:499) ~[na:na]
	at java.base/java.util.stream.ForEachOps$ForEachOp.evaluateSequential(ForEachOps.java:151) ~[na:na]
	at java.base/java.util.stream.ForEachOps$ForEachOp$OfRef.evaluateSequential(ForEachOps.java:174) ~[na:na]
	at java.base/java.util.stream.AbstractPipeline.evaluate(AbstractPipeline.java:234) ~[na:na]
	at java.base/java.util.stream.ReferencePipeline.forEach(ReferencePipeline.java:596) ~[na:na]
	at org.junit.jupiter.engine.descriptor.ClassBasedTestDescriptor.invokeTestInstancePostProcessors(ClassBasedTestDescriptor.java:377) ~[junit-jupiter-engine-5.11.4.jar:5.11.4]
	at org.junit.jupiter.engine.descriptor.ClassBasedTestDescriptor.lambda$instantiateAndPostProcessTestInstance$7(ClassBasedTestDescriptor.java:290) ~[junit-jupiter-engine-5.11.4.jar:5.11.4]
	at org.junit.platform.engine.support.hierarchical.ThrowableCollector.execute(ThrowableCollector.java:73) ~[junit-platform-engine-1.11.4.jar:1.11.4]
	at org.junit.jupiter.engine.descriptor.ClassBasedTestDescriptor.instantiateAndPostProcessTestInstance(ClassBasedTestDescriptor.java:289) ~[junit-jupiter-engine-5.11.4.jar:5.11.4]
	at org.junit.jupiter.engine.descriptor.ClassBasedTestDescriptor.lambda$testInstancesProvider$5(ClassBasedTestDescriptor.java:279) ~[junit-jupiter-engine-5.11.4.jar:5.11.4]
	at java.base/java.util.Optional.orElseGet(Optional.java:364) ~[na:na]
	at org.junit.jupiter.engine.descriptor.ClassBasedTestDescriptor.lambda$testInstancesProvider$6(ClassBasedTestDescriptor.java:278) ~[junit-jupiter-engine-5.11.4.jar:5.11.4]
	at org.junit.jupiter.engine.execution.TestInstancesProvider.getTestInstances(TestInstancesProvider.java:31) ~[junit-jupiter-engine-5.11.4.jar:5.11.4]
	at org.junit.jupiter.engine.descriptor.TestMethodTestDescriptor.lambda$prepare$1(TestMethodTestDescriptor.java:105) ~[junit-jupiter-engine-5.11.4.jar:5.11.4]
	at org.junit.platform.engine.support.hierarchical.ThrowableCollector.execute(ThrowableCollector.java:73) ~[junit-platform-engine-1.11.4.jar:1.11.4]
	at org.junit.jupiter.engine.descriptor.TestMethodTestDescriptor.prepare(TestMethodTestDescriptor.java:104) ~[junit-jupiter-engine-5.11.4.jar:5.11.4]
	at org.junit.jupiter.engine.descriptor.TestMethodTestDescriptor.prepare(TestMethodTestDescriptor.java:68) ~[junit-jupiter-engine-5.11.4.jar:5.11.4]
	at org.junit.platform.engine.support.hierarchical.NodeTestTask.lambda$prepare$2(NodeTestTask.java:128) ~[junit-platform-engine-1.11.4.jar:1.11.4]
	at org.junit.platform.engine.support.hierarchical.ThrowableCollector.execute(ThrowableCollector.java:73) ~[junit-platform-engine-1.11.4.jar:1.11.4]
	at org.junit.platform.engine.support.hierarchical.NodeTestTask.prepare(NodeTestTask.java:128) ~[junit-platform-engine-1.11.4.jar:1.11.4]
	at org.junit.platform.engine.support.hierarchical.NodeTestTask.execute(NodeTestTask.java:95) ~[junit-platform-engine-1.11.4.jar:1.11.4]
	at java.base/java.util.ArrayList.forEach(ArrayList.java:1596) ~[na:na]
	at org.junit.platform.engine.support.hierarchical.SameThreadHierarchicalTestExecutorService.invokeAll(SameThreadHierarchicalTestExecutorService.java:41) ~[junit-platform-engine-1.11.4.jar:1.11.4]
	at org.junit.platform.engine.support.hierarchical.NodeTestTask.lambda$executeRecursively$6(NodeTestTask.java:160) ~[junit-platform-engine-1.11.4.jar:1.11.4]
	at org.junit.platform.engine.support.hierarchical.ThrowableCollector.execute(ThrowableCollector.java:73) ~[junit-platform-engine-1.11.4.jar:1.11.4]
	at org.junit.platform.engine.support.hierarchical.NodeTestTask.lambda$executeRecursively$8(NodeTestTask.java:146) ~[junit-platform-engine-1.11.4.jar:1.11.4]
	at org.junit.platform.engine.support.hierarchical.Node.around(Node.java:137) ~[junit-platform-engine-1.11.4.jar:1.11.4]
	at org.junit.platform.engine.support.hierarchical.NodeTestTask.lambda$executeRecursively$9(NodeTestTask.java:144) ~[junit-platform-engine-1.11.4.jar:1.11.4]
	at org.junit.platform.engine.support.hierarchical.ThrowableCollector.execute(ThrowableCollector.java:73) ~[junit-platform-engine-1.11.4.jar:1.11.4]
	at org.junit.platform.engine.support.hierarchical.NodeTestTask.executeRecursively(NodeTestTask.java:143) ~[junit-platform-engine-1.11.4.jar:1.11.4]
	at org.junit.platform.engine.support.hierarchical.NodeTestTask.execute(NodeTestTask.java:100) ~[junit-platform-engine-1.11.4.jar:1.11.4]
	at java.base/java.util.ArrayList.forEach(ArrayList.java:1596) ~[na:na]
	at org.junit.platform.engine.support.hierarchical.SameThreadHierarchicalTestExecutorService.invokeAll(SameThreadHierarchicalTestExecutorService.java:41) ~[junit-platform-engine-1.11.4.jar:1.11.4]
	at org.junit.platform.engine.support.hierarchical.NodeTestTask.lambda$executeRecursively$6(NodeTestTask.java:160) ~[junit-platform-engine-1.11.4.jar:1.11.4]
	at org.junit.platform.engine.support.hierarchical.ThrowableCollector.execute(ThrowableCollector.java:73) ~[junit-platform-engine-1.11.4.jar:1.11.4]
	at org.junit.platform.engine.support.hierarchical.NodeTestTask.lambda$executeRecursively$8(NodeTestTask.java:146) ~[junit-platform-engine-1.11.4.jar:1.11.4]
	at org.junit.platform.engine.support.hierarchical.Node.around(Node.java:137) ~[junit-platform-engine-1.11.4.jar:1.11.4]
	at org.junit.platform.engine.support.hierarchical.NodeTestTask.lambda$executeRecursively$9(NodeTestTask.java:144) ~[junit-platform-engine-1.11.4.jar:1.11.4]
	at org.junit.platform.engine.support.hierarchical.ThrowableCollector.execute(ThrowableCollector.java:73) ~[junit-platform-engine-1.11.4.jar:1.11.4]
	at org.junit.platform.engine.support.hierarchical.NodeTestTask.executeRecursively(NodeTestTask.java:143) ~[junit-platform-engine-1.11.4.jar:1.11.4]
	at org.junit.platform.engine.support.hierarchical.NodeTestTask.execute(NodeTestTask.java:100) ~[junit-platform-engine-1.11.4.jar:1.11.4]
	at org.junit.platform.engine.support.hierarchical.SameThreadHierarchicalTestExecutorService.submit(SameThreadHierarchicalTestExecutorService.java:35) ~[junit-platform-engine-1.11.4.jar:1.11.4]
	at org.junit.platform.engine.support.hierarchical.HierarchicalTestExecutor.execute(HierarchicalTestExecutor.java:57) ~[junit-platform-engine-1.11.4.jar:1.11.4]
	at org.junit.platform.engine.support.hierarchical.HierarchicalTestEngine.execute(HierarchicalTestEngine.java:54) ~[junit-platform-engine-1.11.4.jar:1.11.4]
	at org.junit.platform.launcher.core.EngineExecutionOrchestrator.execute(EngineExecutionOrchestrator.java:198) ~[junit-platform-launcher-1.11.4.jar:1.11.4]
	at org.junit.platform.launcher.core.EngineExecutionOrchestrator.execute(EngineExecutionOrchestrator.java:169) ~[junit-platform-launcher-1.11.4.jar:1.11.4]
	at org.junit.platform.launcher.core.EngineExecutionOrchestrator.execute(EngineExecutionOrchestrator.java:93) ~[junit-platform-launcher-1.11.4.jar:1.11.4]
	at org.junit.platform.launcher.core.EngineExecutionOrchestrator.lambda$execute$0(EngineExecutionOrchestrator.java:58) ~[junit-platform-launcher-1.11.4.jar:1.11.4]
	at org.junit.platform.launcher.core.EngineExecutionOrchestrator.withInterceptedStreams(EngineExecutionOrchestrator.java:141) ~[junit-platform-launcher-1.11.4.jar:1.11.4]
	at org.junit.platform.launcher.core.EngineExecutionOrchestrator.execute(EngineExecutionOrchestrator.java:57) ~[junit-platform-launcher-1.11.4.jar:1.11.4]
	at org.junit.platform.launcher.core.DefaultLauncher.execute(DefaultLauncher.java:103) ~[junit-platform-launcher-1.11.4.jar:1.11.4]
	at org.junit.platform.launcher.core.DefaultLauncher.execute(DefaultLauncher.java:85) ~[junit-platform-launcher-1.11.4.jar:1.11.4]
	at org.junit.platform.launcher.core.DelegatingLauncher.execute(DelegatingLauncher.java:47) ~[junit-platform-launcher-1.11.4.jar:1.11.4]
	at org.apache.maven.surefire.junitplatform.LazyLauncher.execute(LazyLauncher.java:56) ~[surefire-junit-platform-3.5.2.jar:3.5.2]
	at org.apache.maven.surefire.junitplatform.JUnitPlatformProvider.execute(JUnitPlatformProvider.java:184) ~[surefire-junit-platform-3.5.2.jar:3.5.2]
	at org.apache.maven.surefire.junitplatform.JUnitPlatformProvider.invokeAllTests(JUnitPlatformProvider.java:148) ~[surefire-junit-platform-3.5.2.jar:3.5.2]
	at org.apache.maven.surefire.junitplatform.JUnitPlatformProvider.invoke(JUnitPlatformProvider.java:122) ~[surefire-junit-platform-3.5.2.jar:3.5.2]
	at org.apache.maven.surefire.booter.ForkedBooter.runSuitesInProcess(ForkedBooter.java:385) ~[surefire-booter-3.5.2.jar:3.5.2]
	at org.apache.maven.surefire.booter.ForkedBooter.execute(ForkedBooter.java:162) ~[surefire-booter-3.5.2.jar:3.5.2]
	at org.apache.maven.surefire.booter.ForkedBooter.run(ForkedBooter.java:507) ~[surefire-booter-3.5.2.jar:3.5.2]
	at org.apache.maven.surefire.booter.ForkedBooter.main(ForkedBooter.java:495) ~[surefire-booter-3.5.2.jar:3.5.2]
Caused by: org.springframework.util.PlaceholderResolutionException: Could not resolve placeholder 'FIREBASE_CREDENTIALS' in value "${FIREBASE_CREDENTIALS}"
	at org.springframework.util.PlaceholderResolutionException.withValue(PlaceholderResolutionException.java:81) ~[spring-core-6.2.3.jar:6.2.3]
	at org.springframework.util.PlaceholderParser$ParsedValue.resolve(PlaceholderParser.java:423) ~[spring-core-6.2.3.jar:6.2.3]
	at org.springframework.util.PlaceholderParser.replacePlaceholders(PlaceholderParser.java:128) ~[spring-core-6.2.3.jar:6.2.3]
	at org.springframework.util.PropertyPlaceholderHelper.parseStringValue(PropertyPlaceholderHelper.java:118) ~[spring-core-6.2.3.jar:6.2.3]
	at org.springframework.util.PropertyPlaceholderHelper.replacePlaceholders(PropertyPlaceholderHelper.java:114) ~[spring-core-6.2.3.jar:6.2.3]
	at org.springframework.core.env.AbstractPropertyResolver.doResolvePlaceholders(AbstractPropertyResolver.java:255) ~[spring-core-6.2.3.jar:6.2.3]
	at org.springframework.core.env.AbstractPropertyResolver.resolveRequiredPlaceholders(AbstractPropertyResolver.java:226) ~[spring-core-6.2.3.jar:6.2.3]
	at org.springframework.context.support.PropertySourcesPlaceholderConfigurer.lambda$processProperties$0(PropertySourcesPlaceholderConfigurer.java:201) ~[spring-context-6.2.3.jar:6.2.3]
	at org.springframework.beans.factory.support.AbstractBeanFactory.resolveEmbeddedValue(AbstractBeanFactory.java:971) ~[spring-beans-6.2.3.jar:6.2.3]
	at org.springframework.beans.factory.support.DefaultListableBeanFactory.doResolveDependency(DefaultListableBeanFactory.java:1574) ~[spring-beans-6.2.3.jar:6.2.3]
	at org.springframework.beans.factory.support.DefaultListableBeanFactory.resolveDependency(DefaultListableBeanFactory.java:1552) ~[spring-beans-6.2.3.jar:6.2.3]
	at org.springframework.beans.factory.annotation.AutowiredAnnotationBeanPostProcessor$AutowiredFieldElement.resolveFieldValue(AutowiredAnnotationBeanPostProcessor.java:785) ~[spring-beans-6.2.3.jar:6.2.3]
	at org.springframework.beans.factory.annotation.AutowiredAnnotationBeanPostProcessor$AutowiredFieldElement.inject(AutowiredAnnotationBeanPostProcessor.java:768) ~[spring-beans-6.2.3.jar:6.2.3]
	at org.springframework.beans.factory.annotation.InjectionMetadata.inject(InjectionMetadata.java:146) ~[spring-beans-6.2.3.jar:6.2.3]
	at org.springframework.beans.factory.annotation.AutowiredAnnotationBeanPostProcessor.postProcessProperties(AutowiredAnnotationBeanPostProcessor.java:509) ~[spring-beans-6.2.3.jar:6.2.3]
	... 99 common frames omitted

2026-06-15T12:11:21.635-04:00  WARN 161626 --- [core-sifa-test] [main] o.s.test.context.TestContextManager      : Caught exception while allowing TestExecutionListener [org.springframework.test.context.web.ServletTestExecutionListener] to prepare test instance [com.sifa.core_sifa.CoreSifaApplicationTests@e66047f]

java.lang.IllegalStateException: Failed to load ApplicationContext for [WebMergedContextConfiguration@72dd4320 testClass = com.sifa.core_sifa.CoreSifaApplicationTests, locations = [], classes = [com.sifa.core_sifa.CoreSifaApplication], contextInitializerClasses = [], activeProfiles = ["test"], propertySourceDescriptors = [], propertySourceProperties = ["org.springframework.boot.test.context.SpringBootTestContextBootstrapper=true"], contextCustomizers = [org.springframework.boot.test.context.filter.ExcludeFilterContextCustomizer@21ab988f, org.springframework.boot.test.json.DuplicateJsonObjectContextCustomizerFactory$DuplicateJsonObjectContextCustomizer@5972d253, org.springframework.boot.test.mock.mockito.MockitoContextCustomizer@0, org.springframework.boot.test.web.client.TestRestTemplateContextCustomizer@6dd93a21, org.springframework.boot.test.web.reactor.netty.DisableReactorResourceFactoryGlobalResourcesContextCustomizerFactory$DisableReactorResourceFactoryGlobalResourcesContextCustomizerCustomizer@4078695f, org.springframework.boot.test.autoconfigure.OnFailureConditionReportContextCustomizerFactory$OnFailureConditionReportContextCustomizer@42c2f48c, org.springframework.boot.test.autoconfigure.actuate.observability.ObservabilityContextCustomizerFactory$DisableObservabilityContextCustomizer@1f, org.springframework.boot.test.autoconfigure.properties.PropertyMappingContextCustomizer@0, org.springframework.boot.test.autoconfigure.web.servlet.WebDriverContextCustomizer@392a04e7, org.springframework.test.context.support.DynamicPropertiesContextCustomizer@0, org.springframework.boot.test.context.SpringBootTestAnnotation@cab3f97f], resourceBasePath = "src/main/webapp", contextLoader = org.springframework.boot.test.context.SpringBootContextLoader, parent = null]
	at org.springframework.test.context.cache.DefaultCacheAwareContextLoaderDelegate.loadContext(DefaultCacheAwareContextLoaderDelegate.java:180) ~[spring-test-6.2.3.jar:6.2.3]
	at org.springframework.test.context.support.DefaultTestContext.getApplicationContext(DefaultTestContext.java:130) ~[spring-test-6.2.3.jar:6.2.3]
	at org.springframework.test.context.web.ServletTestExecutionListener.setUpRequestContextIfNecessary(ServletTestExecutionListener.java:200) ~[spring-test-6.2.3.jar:6.2.3]
	at org.springframework.test.context.web.ServletTestExecutionListener.prepareTestInstance(ServletTestExecutionListener.java:139) ~[spring-test-6.2.3.jar:6.2.3]
	at org.springframework.test.context.TestContextManager.prepareTestInstance(TestContextManager.java:260) ~[spring-test-6.2.3.jar:6.2.3]
	at org.springframework.test.context.junit.jupiter.SpringExtension.postProcessTestInstance(SpringExtension.java:160) ~[spring-test-6.2.3.jar:6.2.3]
	at org.junit.jupiter.engine.descriptor.ClassBasedTestDescriptor.lambda$invokeTestInstancePostProcessors$11(ClassBasedTestDescriptor.java:378) ~[junit-jupiter-engine-5.11.4.jar:5.11.4]
	at org.junit.jupiter.engine.descriptor.ClassBasedTestDescriptor.executeAndMaskThrowable(ClassBasedTestDescriptor.java:383) ~[junit-jupiter-engine-5.11.4.jar:5.11.4]
	at org.junit.jupiter.engine.descriptor.ClassBasedTestDescriptor.lambda$invokeTestInstancePostProcessors$12(ClassBasedTestDescriptor.java:378) ~[junit-jupiter-engine-5.11.4.jar:5.11.4]
	at java.base/java.util.stream.ForEachOps$ForEachOp$OfRef.accept(ForEachOps.java:184) ~[na:na]
	at java.base/java.util.stream.ReferencePipeline$3$1.accept(ReferencePipeline.java:197) ~[na:na]
	at java.base/java.util.stream.ReferencePipeline$2$1.accept(ReferencePipeline.java:179) ~[na:na]
	at java.base/java.util.stream.ReferencePipeline$3$1.accept(ReferencePipeline.java:197) ~[na:na]
	at java.base/java.util.ArrayList$ArrayListSpliterator.forEachRemaining(ArrayList.java:1708) ~[na:na]
	at java.base/java.util.stream.AbstractPipeline.copyInto(AbstractPipeline.java:509) ~[na:na]
	at java.base/java.util.stream.AbstractPipeline.wrapAndCopyInto(AbstractPipeline.java:499) ~[na:na]
	at java.base/java.util.stream.ForEachOps$ForEachOp.evaluateSequential(ForEachOps.java:151) ~[na:na]
	at java.base/java.util.stream.ForEachOps$ForEachOp$OfRef.evaluateSequential(ForEachOps.java:174) ~[na:na]
	at java.base/java.util.stream.AbstractPipeline.evaluate(AbstractPipeline.java:234) ~[na:na]
	at java.base/java.util.stream.ReferencePipeline.forEach(ReferencePipeline.java:596) ~[na:na]
	at org.junit.jupiter.engine.descriptor.ClassBasedTestDescriptor.invokeTestInstancePostProcessors(ClassBasedTestDescriptor.java:377) ~[junit-jupiter-engine-5.11.4.jar:5.11.4]
	at org.junit.jupiter.engine.descriptor.ClassBasedTestDescriptor.lambda$instantiateAndPostProcessTestInstance$7(ClassBasedTestDescriptor.java:290) ~[junit-jupiter-engine-5.11.4.jar:5.11.4]
	at org.junit.platform.engine.support.hierarchical.ThrowableCollector.execute(ThrowableCollector.java:73) ~[junit-platform-engine-1.11.4.jar:1.11.4]
	at org.junit.jupiter.engine.descriptor.ClassBasedTestDescriptor.instantiateAndPostProcessTestInstance(ClassBasedTestDescriptor.java:289) ~[junit-jupiter-engine-5.11.4.jar:5.11.4]
	at org.junit.jupiter.engine.descriptor.ClassBasedTestDescriptor.lambda$testInstancesProvider$5(ClassBasedTestDescriptor.java:279) ~[junit-jupiter-engine-5.11.4.jar:5.11.4]
	at java.base/java.util.Optional.orElseGet(Optional.java:364) ~[na:na]
	at org.junit.jupiter.engine.descriptor.ClassBasedTestDescriptor.lambda$testInstancesProvider$6(ClassBasedTestDescriptor.java:278) ~[junit-jupiter-engine-5.11.4.jar:5.11.4]
	at org.junit.jupiter.engine.execution.TestInstancesProvider.getTestInstances(TestInstancesProvider.java:31) ~[junit-jupiter-engine-5.11.4.jar:5.11.4]
	at org.junit.jupiter.engine.descriptor.TestMethodTestDescriptor.lambda$prepare$1(TestMethodTestDescriptor.java:105) ~[junit-jupiter-engine-5.11.4.jar:5.11.4]
	at org.junit.platform.engine.support.hierarchical.ThrowableCollector.execute(ThrowableCollector.java:73) ~[junit-platform-engine-1.11.4.jar:1.11.4]
	at org.junit.jupiter.engine.descriptor.TestMethodTestDescriptor.prepare(TestMethodTestDescriptor.java:104) ~[junit-jupiter-engine-5.11.4.jar:5.11.4]
	at org.junit.jupiter.engine.descriptor.TestMethodTestDescriptor.prepare(TestMethodTestDescriptor.java:68) ~[junit-jupiter-engine-5.11.4.jar:5.11.4]
	at org.junit.platform.engine.support.hierarchical.NodeTestTask.lambda$prepare$2(NodeTestTask.java:128) ~[junit-platform-engine-1.11.4.jar:1.11.4]
	at org.junit.platform.engine.support.hierarchical.ThrowableCollector.execute(ThrowableCollector.java:73) ~[junit-platform-engine-1.11.4.jar:1.11.4]
	at org.junit.platform.engine.support.hierarchical.NodeTestTask.prepare(NodeTestTask.java:128) ~[junit-platform-engine-1.11.4.jar:1.11.4]
	at org.junit.platform.engine.support.hierarchical.NodeTestTask.execute(NodeTestTask.java:95) ~[junit-platform-engine-1.11.4.jar:1.11.4]
	at java.base/java.util.ArrayList.forEach(ArrayList.java:1596) ~[na:na]
	at org.junit.platform.engine.support.hierarchical.SameThreadHierarchicalTestExecutorService.invokeAll(SameThreadHierarchicalTestExecutorService.java:41) ~[junit-platform-engine-1.11.4.jar:1.11.4]
	at org.junit.platform.engine.support.hierarchical.NodeTestTask.lambda$executeRecursively$6(NodeTestTask.java:160) ~[junit-platform-engine-1.11.4.jar:1.11.4]
	at org.junit.platform.engine.support.hierarchical.ThrowableCollector.execute(ThrowableCollector.java:73) ~[junit-platform-engine-1.11.4.jar:1.11.4]
	at org.junit.platform.engine.support.hierarchical.NodeTestTask.lambda$executeRecursively$8(NodeTestTask.java:146) ~[junit-platform-engine-1.11.4.jar:1.11.4]
	at org.junit.platform.engine.support.hierarchical.Node.around(Node.java:137) ~[junit-platform-engine-1.11.4.jar:1.11.4]
	at org.junit.platform.engine.support.hierarchical.NodeTestTask.lambda$executeRecursively$9(NodeTestTask.java:144) ~[junit-platform-engine-1.11.4.jar:1.11.4]
	at org.junit.platform.engine.support.hierarchical.ThrowableCollector.execute(ThrowableCollector.java:73) ~[junit-platform-engine-1.11.4.jar:1.11.4]
	at org.junit.platform.engine.support.hierarchical.NodeTestTask.executeRecursively(NodeTestTask.java:143) ~[junit-platform-engine-1.11.4.jar:1.11.4]
	at org.junit.platform.engine.support.hierarchical.NodeTestTask.execute(NodeTestTask.java:100) ~[junit-platform-engine-1.11.4.jar:1.11.4]
	at java.base/java.util.ArrayList.forEach(ArrayList.java:1596) ~[na:na]
	at org.junit.platform.engine.support.hierarchical.SameThreadHierarchicalTestExecutorService.invokeAll(SameThreadHierarchicalTestExecutorService.java:41) ~[junit-platform-engine-1.11.4.jar:1.11.4]
	at org.junit.platform.engine.support.hierarchical.NodeTestTask.lambda$executeRecursively$6(NodeTestTask.java:160) ~[junit-platform-engine-1.11.4.jar:1.11.4]
	at org.junit.platform.engine.support.hierarchical.ThrowableCollector.execute(ThrowableCollector.java:73) ~[junit-platform-engine-1.11.4.jar:1.11.4]
	at org.junit.platform.engine.support.hierarchical.NodeTestTask.lambda$executeRecursively$8(NodeTestTask.java:146) ~[junit-platform-engine-1.11.4.jar:1.11.4]
	at org.junit.platform.engine.support.hierarchical.Node.around(Node.java:137) ~[junit-platform-engine-1.11.4.jar:1.11.4]
	at org.junit.platform.engine.support.hierarchical.NodeTestTask.lambda$executeRecursively$9(NodeTestTask.java:144) ~[junit-platform-engine-1.11.4.jar:1.11.4]
	at org.junit.platform.engine.support.hierarchical.ThrowableCollector.execute(ThrowableCollector.java:73) ~[junit-platform-engine-1.11.4.jar:1.11.4]
	at org.junit.platform.engine.support.hierarchical.NodeTestTask.executeRecursively(NodeTestTask.java:143) ~[junit-platform-engine-1.11.4.jar:1.11.4]
	at org.junit.platform.engine.support.hierarchical.NodeTestTask.execute(NodeTestTask.java:100) ~[junit-platform-engine-1.11.4.jar:1.11.4]
	at org.junit.platform.engine.support.hierarchical.SameThreadHierarchicalTestExecutorService.submit(SameThreadHierarchicalTestExecutorService.java:35) ~[junit-platform-engine-1.11.4.jar:1.11.4]
	at org.junit.platform.engine.support.hierarchical.HierarchicalTestExecutor.execute(HierarchicalTestExecutor.java:57) ~[junit-platform-engine-1.11.4.jar:1.11.4]
	at org.junit.platform.engine.support.hierarchical.HierarchicalTestEngine.execute(HierarchicalTestEngine.java:54) ~[junit-platform-engine-1.11.4.jar:1.11.4]
	at org.junit.platform.launcher.core.EngineExecutionOrchestrator.execute(EngineExecutionOrchestrator.java:198) ~[junit-platform-launcher-1.11.4.jar:1.11.4]
	at org.junit.platform.launcher.core.EngineExecutionOrchestrator.execute(EngineExecutionOrchestrator.java:169) ~[junit-platform-launcher-1.11.4.jar:1.11.4]
	at org.junit.platform.launcher.core.EngineExecutionOrchestrator.execute(EngineExecutionOrchestrator.java:93) ~[junit-platform-launcher-1.11.4.jar:1.11.4]
	at org.junit.platform.launcher.core.EngineExecutionOrchestrator.lambda$execute$0(EngineExecutionOrchestrator.java:58) ~[junit-platform-launcher-1.11.4.jar:1.11.4]
	at org.junit.platform.launcher.core.EngineExecutionOrchestrator.withInterceptedStreams(EngineExecutionOrchestrator.java:141) ~[junit-platform-launcher-1.11.4.jar:1.11.4]
	at org.junit.platform.launcher.core.EngineExecutionOrchestrator.execute(EngineExecutionOrchestrator.java:57) ~[junit-platform-launcher-1.11.4.jar:1.11.4]
	at org.junit.platform.launcher.core.DefaultLauncher.execute(DefaultLauncher.java:103) ~[junit-platform-launcher-1.11.4.jar:1.11.4]
	at org.junit.platform.launcher.core.DefaultLauncher.execute(DefaultLauncher.java:85) ~[junit-platform-launcher-1.11.4.jar:1.11.4]
	at org.junit.platform.launcher.core.DelegatingLauncher.execute(DelegatingLauncher.java:47) ~[junit-platform-launcher-1.11.4.jar:1.11.4]
	at org.apache.maven.surefire.junitplatform.LazyLauncher.execute(LazyLauncher.java:56) ~[surefire-junit-platform-3.5.2.jar:3.5.2]
	at org.apache.maven.surefire.junitplatform.JUnitPlatformProvider.execute(JUnitPlatformProvider.java:184) ~[surefire-junit-platform-3.5.2.jar:3.5.2]
	at org.apache.maven.surefire.junitplatform.JUnitPlatformProvider.invokeAllTests(JUnitPlatformProvider.java:148) ~[surefire-junit-platform-3.5.2.jar:3.5.2]
	at org.apache.maven.surefire.junitplatform.JUnitPlatformProvider.invoke(JUnitPlatformProvider.java:122) ~[surefire-junit-platform-3.5.2.jar:3.5.2]
	at org.apache.maven.surefire.booter.ForkedBooter.runSuitesInProcess(ForkedBooter.java:385) ~[surefire-booter-3.5.2.jar:3.5.2]
	at org.apache.maven.surefire.booter.ForkedBooter.execute(ForkedBooter.java:162) ~[surefire-booter-3.5.2.jar:3.5.2]
	at org.apache.maven.surefire.booter.ForkedBooter.run(ForkedBooter.java:507) ~[surefire-booter-3.5.2.jar:3.5.2]
	at org.apache.maven.surefire.booter.ForkedBooter.main(ForkedBooter.java:495) ~[surefire-booter-3.5.2.jar:3.5.2]
Caused by: org.springframework.beans.factory.BeanCreationException: Error creating bean with name 'firebaseConfig': Injection of autowired dependencies failed
	at org.springframework.beans.factory.annotation.AutowiredAnnotationBeanPostProcessor.postProcessProperties(AutowiredAnnotationBeanPostProcessor.java:515) ~[spring-beans-6.2.3.jar:6.2.3]
	at org.springframework.beans.factory.support.AbstractAutowireCapableBeanFactory.populateBean(AbstractAutowireCapableBeanFactory.java:1445) ~[spring-beans-6.2.3.jar:6.2.3]
	at org.springframework.beans.factory.support.AbstractAutowireCapableBeanFactory.doCreateBean(AbstractAutowireCapableBeanFactory.java:600) ~[spring-beans-6.2.3.jar:6.2.3]
	at org.springframework.beans.factory.support.AbstractAutowireCapableBeanFactory.createBean(AbstractAutowireCapableBeanFactory.java:523) ~[spring-beans-6.2.3.jar:6.2.3]
	at org.springframework.beans.factory.support.AbstractBeanFactory.lambda$doGetBean$0(AbstractBeanFactory.java:339) ~[spring-beans-6.2.3.jar:6.2.3]
	at org.springframework.beans.factory.support.DefaultSingletonBeanRegistry.getSingleton(DefaultSingletonBeanRegistry.java:346) ~[spring-beans-6.2.3.jar:6.2.3]
	at org.springframework.beans.factory.support.AbstractBeanFactory.doGetBean(AbstractBeanFactory.java:337) ~[spring-beans-6.2.3.jar:6.2.3]
	at org.springframework.beans.factory.support.AbstractBeanFactory.getBean(AbstractBeanFactory.java:202) ~[spring-beans-6.2.3.jar:6.2.3]
	at org.springframework.beans.factory.support.DefaultListableBeanFactory.instantiateSingleton(DefaultListableBeanFactory.java:1155) ~[spring-beans-6.2.3.jar:6.2.3]
	at org.springframework.beans.factory.support.DefaultListableBeanFactory.preInstantiateSingleton(DefaultListableBeanFactory.java:1121) ~[spring-beans-6.2.3.jar:6.2.3]
	at org.springframework.beans.factory.support.DefaultListableBeanFactory.preInstantiateSingletons(DefaultListableBeanFactory.java:1056) ~[spring-beans-6.2.3.jar:6.2.3]
	at org.springframework.context.support.AbstractApplicationContext.finishBeanFactoryInitialization(AbstractApplicationContext.java:987) ~[spring-context-6.2.3.jar:6.2.3]
	at org.springframework.context.support.AbstractApplicationContext.refresh(AbstractApplicationContext.java:627) ~[spring-context-6.2.3.jar:6.2.3]
	at org.springframework.boot.SpringApplication.refresh(SpringApplication.java:752) ~[spring-boot-3.4.3.jar:3.4.3]
	at org.springframework.boot.SpringApplication.refreshContext(SpringApplication.java:439) ~[spring-boot-3.4.3.jar:3.4.3]
	at org.springframework.boot.SpringApplication.run(SpringApplication.java:318) ~[spring-boot-3.4.3.jar:3.4.3]
	at org.springframework.boot.test.context.SpringBootContextLoader.lambda$loadContext$3(SpringBootContextLoader.java:137) ~[spring-boot-test-3.4.3.jar:3.4.3]
	at org.springframework.util.function.ThrowingSupplier.get(ThrowingSupplier.java:58) ~[spring-core-6.2.3.jar:6.2.3]
	at org.springframework.util.function.ThrowingSupplier.get(ThrowingSupplier.java:46) ~[spring-core-6.2.3.jar:6.2.3]
	at org.springframework.boot.SpringApplication.withHook(SpringApplication.java:1461) ~[spring-boot-3.4.3.jar:3.4.3]
	at org.springframework.boot.test.context.SpringBootContextLoader$ContextLoaderHook.run(SpringBootContextLoader.java:553) ~[spring-boot-test-3.4.3.jar:3.4.3]
	at org.springframework.boot.test.context.SpringBootContextLoader.loadContext(SpringBootContextLoader.java:137) ~[spring-boot-test-3.4.3.jar:3.4.3]
	at org.springframework.boot.test.context.SpringBootContextLoader.loadContext(SpringBootContextLoader.java:108) ~[spring-boot-test-3.4.3.jar:3.4.3]
	at org.springframework.test.context.cache.DefaultCacheAwareContextLoaderDelegate.loadContextInternal(DefaultCacheAwareContextLoaderDelegate.java:225) ~[spring-test-6.2.3.jar:6.2.3]
	at org.springframework.test.context.cache.DefaultCacheAwareContextLoaderDelegate.loadContext(DefaultCacheAwareContextLoaderDelegate.java:152) ~[spring-test-6.2.3.jar:6.2.3]
	... 75 common frames omitted
Caused by: org.springframework.util.PlaceholderResolutionException: Could not resolve placeholder 'FIREBASE_CREDENTIALS' in value "${FIREBASE_CREDENTIALS}"
	at org.springframework.util.PlaceholderResolutionException.withValue(PlaceholderResolutionException.java:81) ~[spring-core-6.2.3.jar:6.2.3]
	at org.springframework.util.PlaceholderParser$ParsedValue.resolve(PlaceholderParser.java:423) ~[spring-core-6.2.3.jar:6.2.3]
	at org.springframework.util.PlaceholderParser.replacePlaceholders(PlaceholderParser.java:128) ~[spring-core-6.2.3.jar:6.2.3]
	at org.springframework.util.PropertyPlaceholderHelper.parseStringValue(PropertyPlaceholderHelper.java:118) ~[spring-core-6.2.3.jar:6.2.3]
	at org.springframework.util.PropertyPlaceholderHelper.replacePlaceholders(PropertyPlaceholderHelper.java:114) ~[spring-core-6.2.3.jar:6.2.3]
	at org.springframework.core.env.AbstractPropertyResolver.doResolvePlaceholders(AbstractPropertyResolver.java:255) ~[spring-core-6.2.3.jar:6.2.3]
	at org.springframework.core.env.AbstractPropertyResolver.resolveRequiredPlaceholders(AbstractPropertyResolver.java:226) ~[spring-core-6.2.3.jar:6.2.3]
	at org.springframework.context.support.PropertySourcesPlaceholderConfigurer.lambda$processProperties$0(PropertySourcesPlaceholderConfigurer.java:201) ~[spring-context-6.2.3.jar:6.2.3]
	at org.springframework.beans.factory.support.AbstractBeanFactory.resolveEmbeddedValue(AbstractBeanFactory.java:971) ~[spring-beans-6.2.3.jar:6.2.3]
	at org.springframework.beans.factory.support.DefaultListableBeanFactory.doResolveDependency(DefaultListableBeanFactory.java:1574) ~[spring-beans-6.2.3.jar:6.2.3]
	at org.springframework.beans.factory.support.DefaultListableBeanFactory.resolveDependency(DefaultListableBeanFactory.java:1552) ~[spring-beans-6.2.3.jar:6.2.3]
	at org.springframework.beans.factory.annotation.AutowiredAnnotationBeanPostProcessor$AutowiredFieldElement.resolveFieldValue(AutowiredAnnotationBeanPostProcessor.java:785) ~[spring-beans-6.2.3.jar:6.2.3]
	at org.springframework.beans.factory.annotation.AutowiredAnnotationBeanPostProcessor$AutowiredFieldElement.inject(AutowiredAnnotationBeanPostProcessor.java:768) ~[spring-beans-6.2.3.jar:6.2.3]
	at org.springframework.beans.factory.annotation.InjectionMetadata.inject(InjectionMetadata.java:146) ~[spring-beans-6.2.3.jar:6.2.3]
	at org.springframework.beans.factory.annotation.AutowiredAnnotationBeanPostProcessor.postProcessProperties(AutowiredAnnotationBeanPostProcessor.java:509) ~[spring-beans-6.2.3.jar:6.2.3]
	... 99 common frames omitted

2026-06-15T12:12:56.651-04:00  INFO 163634 --- [core-sifa-test] [main] c.s.core_sifa.CoreSifaApplicationTests   : Starting CoreSifaApplicationTests using Java 21.0.11 with PID 163634 (started by andres-ortega in /home/andres-ortega/Escritorio/proyects/core-sifa)
2026-06-15T12:12:56.657-04:00  INFO 163634 --- [core-sifa-test] [main] c.s.core_sifa.CoreSifaApplicationTests   : The following 1 profile is active: "test"
2026-06-15T12:13:01.749-04:00  INFO 163634 --- [core-sifa-test] [main] .s.d.r.c.RepositoryConfigurationDelegate : Bootstrapping Spring Data JPA repositories in DEFAULT mode.
2026-06-15T12:13:02.159-04:00  INFO 163634 --- [core-sifa-test] [main] .s.d.r.c.RepositoryConfigurationDelegate : Finished Spring Data repository scanning in 363 ms. Found 10 JPA repository interfaces.
2026-06-15T12:13:10.558-04:00  INFO 163634 --- [core-sifa-test] [main] o.hibernate.jpa.internal.util.LogHelper  : HHH000204: Processing PersistenceUnitInfo [name: default]
2026-06-15T12:13:11.094-04:00  INFO 163634 --- [core-sifa-test] [main] org.hibernate.Version                    : HHH000412: Hibernate ORM core version 6.6.8.Final
2026-06-15T12:13:11.478-04:00  INFO 163634 --- [core-sifa-test] [main] o.h.c.internal.RegionFactoryInitiator    : HHH000026: Second-level cache disabled
2026-06-15T12:13:12.563-04:00  INFO 163634 --- [core-sifa-test] [main] o.s.o.j.p.SpringPersistenceUnitInfo      : No LoadTimeWeaver setup: ignoring JPA class transformer
2026-06-15T12:13:12.806-04:00  INFO 163634 --- [core-sifa-test] [main] com.zaxxer.hikari.HikariDataSource       : HikariPool-1 - Starting...
2026-06-15T12:13:14.789-04:00  INFO 163634 --- [core-sifa-test] [main] com.zaxxer.hikari.pool.HikariPool        : HikariPool-1 - Added connection conn0: url=jdbc:h2:mem:testdb user=SA
2026-06-15T12:13:14.800-04:00  INFO 163634 --- [core-sifa-test] [main] com.zaxxer.hikari.HikariDataSource       : HikariPool-1 - Start completed.
2026-06-15T12:13:15.058-04:00  WARN 163634 --- [core-sifa-test] [main] org.hibernate.orm.deprecation            : HHH90000025: H2Dialect does not need to be specified explicitly using 'hibernate.dialect' (remove the property setting and it will be selected by default)
2026-06-15T12:13:15.212-04:00  INFO 163634 --- [core-sifa-test] [main] org.hibernate.orm.connections.pooling    : HHH10001005: Database info:
	Database JDBC URL [Connecting through datasource 'HikariDataSource (HikariPool-1)']
	Database driver: undefined/unknown
	Database version: 2.3.232
	Autocommit mode: undefined/unknown
	Isolation level: undefined/unknown
	Minimum pool size: undefined/unknown
	Maximum pool size: undefined/unknown
2026-06-15T12:13:24.321-04:00  INFO 163634 --- [core-sifa-test] [main] o.h.e.t.j.p.i.JtaPlatformInitiator       : HHH000489: No JTA platform available (set 'hibernate.transaction.jta.platform' to enable JTA platform integration)
2026-06-15T12:13:24.872-04:00  INFO 163634 --- [core-sifa-test] [main] j.LocalContainerEntityManagerFactoryBean : Initialized JPA EntityManagerFactory for persistence unit 'default'
2026-06-15T12:13:25.263-04:00  WARN 163634 --- [core-sifa-test] [main] o.s.w.c.s.GenericWebApplicationContext   : Exception encountered during context initialization - cancelling refresh attempt: org.springframework.beans.factory.BeanCreationException: Error creating bean with name 's3Config': Injection of autowired dependencies failed
2026-06-15T12:13:25.266-04:00  INFO 163634 --- [core-sifa-test] [main] j.LocalContainerEntityManagerFactoryBean : Closing JPA EntityManagerFactory for persistence unit 'default'
2026-06-15T12:13:25.313-04:00  INFO 163634 --- [core-sifa-test] [main] com.zaxxer.hikari.HikariDataSource       : HikariPool-1 - Shutdown initiated...
2026-06-15T12:13:25.322-04:00  INFO 163634 --- [core-sifa-test] [main] com.zaxxer.hikari.HikariDataSource       : HikariPool-1 - Shutdown completed.
2026-06-15T12:13:25.642-04:00  INFO 163634 --- [core-sifa-test] [main] .s.b.a.l.ConditionEvaluationReportLogger : 

Error starting ApplicationContext. To display the condition evaluation report re-run your application with 'debug' enabled.
2026-06-15T12:13:25.833-04:00 ERROR 163634 --- [core-sifa-test] [main] o.s.boot.SpringApplication               : Application run failed

org.springframework.beans.factory.BeanCreationException: Error creating bean with name 's3Config': Injection of autowired dependencies failed
	at org.springframework.beans.factory.annotation.AutowiredAnnotationBeanPostProcessor.postProcessProperties(AutowiredAnnotationBeanPostProcessor.java:515) ~[spring-beans-6.2.3.jar:6.2.3]
	at org.springframework.beans.factory.support.AbstractAutowireCapableBeanFactory.populateBean(AbstractAutowireCapableBeanFactory.java:1445) ~[spring-beans-6.2.3.jar:6.2.3]
	at org.springframework.beans.factory.support.AbstractAutowireCapableBeanFactory.doCreateBean(AbstractAutowireCapableBeanFactory.java:600) ~[spring-beans-6.2.3.jar:6.2.3]
	at org.springframework.beans.factory.support.AbstractAutowireCapableBeanFactory.createBean(AbstractAutowireCapableBeanFactory.java:523) ~[spring-beans-6.2.3.jar:6.2.3]
	at org.springframework.beans.factory.support.AbstractBeanFactory.lambda$doGetBean$0(AbstractBeanFactory.java:339) ~[spring-beans-6.2.3.jar:6.2.3]
	at org.springframework.beans.factory.support.DefaultSingletonBeanRegistry.getSingleton(DefaultSingletonBeanRegistry.java:346) ~[spring-beans-6.2.3.jar:6.2.3]
	at org.springframework.beans.factory.support.AbstractBeanFactory.doGetBean(AbstractBeanFactory.java:337) ~[spring-beans-6.2.3.jar:6.2.3]
	at org.springframework.beans.factory.support.AbstractBeanFactory.getBean(AbstractBeanFactory.java:202) ~[spring-beans-6.2.3.jar:6.2.3]
	at org.springframework.beans.factory.support.DefaultListableBeanFactory.instantiateSingleton(DefaultListableBeanFactory.java:1155) ~[spring-beans-6.2.3.jar:6.2.3]
	at org.springframework.beans.factory.support.DefaultListableBeanFactory.preInstantiateSingleton(DefaultListableBeanFactory.java:1121) ~[spring-beans-6.2.3.jar:6.2.3]
	at org.springframework.beans.factory.support.DefaultListableBeanFactory.preInstantiateSingletons(DefaultListableBeanFactory.java:1056) ~[spring-beans-6.2.3.jar:6.2.3]
	at org.springframework.context.support.AbstractApplicationContext.finishBeanFactoryInitialization(AbstractApplicationContext.java:987) ~[spring-context-6.2.3.jar:6.2.3]
	at org.springframework.context.support.AbstractApplicationContext.refresh(AbstractApplicationContext.java:627) ~[spring-context-6.2.3.jar:6.2.3]
	at org.springframework.boot.SpringApplication.refresh(SpringApplication.java:752) ~[spring-boot-3.4.3.jar:3.4.3]
	at org.springframework.boot.SpringApplication.refreshContext(SpringApplication.java:439) ~[spring-boot-3.4.3.jar:3.4.3]
	at org.springframework.boot.SpringApplication.run(SpringApplication.java:318) ~[spring-boot-3.4.3.jar:3.4.3]
	at org.springframework.boot.test.context.SpringBootContextLoader.lambda$loadContext$3(SpringBootContextLoader.java:137) ~[spring-boot-test-3.4.3.jar:3.4.3]
	at org.springframework.util.function.ThrowingSupplier.get(ThrowingSupplier.java:58) ~[spring-core-6.2.3.jar:6.2.3]
	at org.springframework.util.function.ThrowingSupplier.get(ThrowingSupplier.java:46) ~[spring-core-6.2.3.jar:6.2.3]
	at org.springframework.boot.SpringApplication.withHook(SpringApplication.java:1461) ~[spring-boot-3.4.3.jar:3.4.3]
	at org.springframework.boot.test.context.SpringBootContextLoader$ContextLoaderHook.run(SpringBootContextLoader.java:553) ~[spring-boot-test-3.4.3.jar:3.4.3]
	at org.springframework.boot.test.context.SpringBootContextLoader.loadContext(SpringBootContextLoader.java:137) ~[spring-boot-test-3.4.3.jar:3.4.3]
	at org.springframework.boot.test.context.SpringBootContextLoader.loadContext(SpringBootContextLoader.java:108) ~[spring-boot-test-3.4.3.jar:3.4.3]
	at org.springframework.test.context.cache.DefaultCacheAwareContextLoaderDelegate.loadContextInternal(DefaultCacheAwareContextLoaderDelegate.java:225) ~[spring-test-6.2.3.jar:6.2.3]
	at org.springframework.test.context.cache.DefaultCacheAwareContextLoaderDelegate.loadContext(DefaultCacheAwareContextLoaderDelegate.java:152) ~[spring-test-6.2.3.jar:6.2.3]
	at org.springframework.test.context.support.DefaultTestContext.getApplicationContext(DefaultTestContext.java:130) ~[spring-test-6.2.3.jar:6.2.3]
	at org.springframework.test.context.web.ServletTestExecutionListener.setUpRequestContextIfNecessary(ServletTestExecutionListener.java:200) ~[spring-test-6.2.3.jar:6.2.3]
	at org.springframework.test.context.web.ServletTestExecutionListener.prepareTestInstance(ServletTestExecutionListener.java:139) ~[spring-test-6.2.3.jar:6.2.3]
	at org.springframework.test.context.TestContextManager.prepareTestInstance(TestContextManager.java:260) ~[spring-test-6.2.3.jar:6.2.3]
	at org.springframework.test.context.junit.jupiter.SpringExtension.postProcessTestInstance(SpringExtension.java:160) ~[spring-test-6.2.3.jar:6.2.3]
	at org.junit.jupiter.engine.descriptor.ClassBasedTestDescriptor.lambda$invokeTestInstancePostProcessors$11(ClassBasedTestDescriptor.java:378) ~[junit-jupiter-engine-5.11.4.jar:5.11.4]
	at org.junit.jupiter.engine.descriptor.ClassBasedTestDescriptor.executeAndMaskThrowable(ClassBasedTestDescriptor.java:383) ~[junit-jupiter-engine-5.11.4.jar:5.11.4]
	at org.junit.jupiter.engine.descriptor.ClassBasedTestDescriptor.lambda$invokeTestInstancePostProcessors$12(ClassBasedTestDescriptor.java:378) ~[junit-jupiter-engine-5.11.4.jar:5.11.4]
	at java.base/java.util.stream.ForEachOps$ForEachOp$OfRef.accept(ForEachOps.java:184) ~[na:na]
	at java.base/java.util.stream.ReferencePipeline$3$1.accept(ReferencePipeline.java:197) ~[na:na]
	at java.base/java.util.stream.ReferencePipeline$2$1.accept(ReferencePipeline.java:179) ~[na:na]
	at java.base/java.util.stream.ReferencePipeline$3$1.accept(ReferencePipeline.java:197) ~[na:na]
	at java.base/java.util.ArrayList$ArrayListSpliterator.forEachRemaining(ArrayList.java:1708) ~[na:na]
	at java.base/java.util.stream.AbstractPipeline.copyInto(AbstractPipeline.java:509) ~[na:na]
	at java.base/java.util.stream.AbstractPipeline.wrapAndCopyInto(AbstractPipeline.java:499) ~[na:na]
	at java.base/java.util.stream.ForEachOps$ForEachOp.evaluateSequential(ForEachOps.java:151) ~[na:na]
	at java.base/java.util.stream.ForEachOps$ForEachOp$OfRef.evaluateSequential(ForEachOps.java:174) ~[na:na]
	at java.base/java.util.stream.AbstractPipeline.evaluate(AbstractPipeline.java:234) ~[na:na]
	at java.base/java.util.stream.ReferencePipeline.forEach(ReferencePipeline.java:596) ~[na:na]
	at org.junit.jupiter.engine.descriptor.ClassBasedTestDescriptor.invokeTestInstancePostProcessors(ClassBasedTestDescriptor.java:377) ~[junit-jupiter-engine-5.11.4.jar:5.11.4]
	at org.junit.jupiter.engine.descriptor.ClassBasedTestDescriptor.lambda$instantiateAndPostProcessTestInstance$7(ClassBasedTestDescriptor.java:290) ~[junit-jupiter-engine-5.11.4.jar:5.11.4]
	at org.junit.platform.engine.support.hierarchical.ThrowableCollector.execute(ThrowableCollector.java:73) ~[junit-platform-engine-1.11.4.jar:1.11.4]
	at org.junit.jupiter.engine.descriptor.ClassBasedTestDescriptor.instantiateAndPostProcessTestInstance(ClassBasedTestDescriptor.java:289) ~[junit-jupiter-engine-5.11.4.jar:5.11.4]
	at org.junit.jupiter.engine.descriptor.ClassBasedTestDescriptor.lambda$testInstancesProvider$5(ClassBasedTestDescriptor.java:279) ~[junit-jupiter-engine-5.11.4.jar:5.11.4]
	at java.base/java.util.Optional.orElseGet(Optional.java:364) ~[na:na]
	at org.junit.jupiter.engine.descriptor.ClassBasedTestDescriptor.lambda$testInstancesProvider$6(ClassBasedTestDescriptor.java:278) ~[junit-jupiter-engine-5.11.4.jar:5.11.4]
	at org.junit.jupiter.engine.execution.TestInstancesProvider.getTestInstances(TestInstancesProvider.java:31) ~[junit-jupiter-engine-5.11.4.jar:5.11.4]
	at org.junit.jupiter.engine.descriptor.TestMethodTestDescriptor.lambda$prepare$1(TestMethodTestDescriptor.java:105) ~[junit-jupiter-engine-5.11.4.jar:5.11.4]
	at org.junit.platform.engine.support.hierarchical.ThrowableCollector.execute(ThrowableCollector.java:73) ~[junit-platform-engine-1.11.4.jar:1.11.4]
	at org.junit.jupiter.engine.descriptor.TestMethodTestDescriptor.prepare(TestMethodTestDescriptor.java:104) ~[junit-jupiter-engine-5.11.4.jar:5.11.4]
	at org.junit.jupiter.engine.descriptor.TestMethodTestDescriptor.prepare(TestMethodTestDescriptor.java:68) ~[junit-jupiter-engine-5.11.4.jar:5.11.4]
	at org.junit.platform.engine.support.hierarchical.NodeTestTask.lambda$prepare$2(NodeTestTask.java:128) ~[junit-platform-engine-1.11.4.jar:1.11.4]
	at org.junit.platform.engine.support.hierarchical.ThrowableCollector.execute(ThrowableCollector.java:73) ~[junit-platform-engine-1.11.4.jar:1.11.4]
	at org.junit.platform.engine.support.hierarchical.NodeTestTask.prepare(NodeTestTask.java:128) ~[junit-platform-engine-1.11.4.jar:1.11.4]
	at org.junit.platform.engine.support.hierarchical.NodeTestTask.execute(NodeTestTask.java:95) ~[junit-platform-engine-1.11.4.jar:1.11.4]
	at java.base/java.util.ArrayList.forEach(ArrayList.java:1596) ~[na:na]
	at org.junit.platform.engine.support.hierarchical.SameThreadHierarchicalTestExecutorService.invokeAll(SameThreadHierarchicalTestExecutorService.java:41) ~[junit-platform-engine-1.11.4.jar:1.11.4]
	at org.junit.platform.engine.support.hierarchical.NodeTestTask.lambda$executeRecursively$6(NodeTestTask.java:160) ~[junit-platform-engine-1.11.4.jar:1.11.4]
	at org.junit.platform.engine.support.hierarchical.ThrowableCollector.execute(ThrowableCollector.java:73) ~[junit-platform-engine-1.11.4.jar:1.11.4]
	at org.junit.platform.engine.support.hierarchical.NodeTestTask.lambda$executeRecursively$8(NodeTestTask.java:146) ~[junit-platform-engine-1.11.4.jar:1.11.4]
	at org.junit.platform.engine.support.hierarchical.Node.around(Node.java:137) ~[junit-platform-engine-1.11.4.jar:1.11.4]
	at org.junit.platform.engine.support.hierarchical.NodeTestTask.lambda$executeRecursively$9(NodeTestTask.java:144) ~[junit-platform-engine-1.11.4.jar:1.11.4]
	at org.junit.platform.engine.support.hierarchical.ThrowableCollector.execute(ThrowableCollector.java:73) ~[junit-platform-engine-1.11.4.jar:1.11.4]
	at org.junit.platform.engine.support.hierarchical.NodeTestTask.executeRecursively(NodeTestTask.java:143) ~[junit-platform-engine-1.11.4.jar:1.11.4]
	at org.junit.platform.engine.support.hierarchical.NodeTestTask.execute(NodeTestTask.java:100) ~[junit-platform-engine-1.11.4.jar:1.11.4]
	at java.base/java.util.ArrayList.forEach(ArrayList.java:1596) ~[na:na]
	at org.junit.platform.engine.support.hierarchical.SameThreadHierarchicalTestExecutorService.invokeAll(SameThreadHierarchicalTestExecutorService.java:41) ~[junit-platform-engine-1.11.4.jar:1.11.4]
	at org.junit.platform.engine.support.hierarchical.NodeTestTask.lambda$executeRecursively$6(NodeTestTask.java:160) ~[junit-platform-engine-1.11.4.jar:1.11.4]
	at org.junit.platform.engine.support.hierarchical.ThrowableCollector.execute(ThrowableCollector.java:73) ~[junit-platform-engine-1.11.4.jar:1.11.4]
	at org.junit.platform.engine.support.hierarchical.NodeTestTask.lambda$executeRecursively$8(NodeTestTask.java:146) ~[junit-platform-engine-1.11.4.jar:1.11.4]
	at org.junit.platform.engine.support.hierarchical.Node.around(Node.java:137) ~[junit-platform-engine-1.11.4.jar:1.11.4]
	at org.junit.platform.engine.support.hierarchical.NodeTestTask.lambda$executeRecursively$9(NodeTestTask.java:144) ~[junit-platform-engine-1.11.4.jar:1.11.4]
	at org.junit.platform.engine.support.hierarchical.ThrowableCollector.execute(ThrowableCollector.java:73) ~[junit-platform-engine-1.11.4.jar:1.11.4]
	at org.junit.platform.engine.support.hierarchical.NodeTestTask.executeRecursively(NodeTestTask.java:143) ~[junit-platform-engine-1.11.4.jar:1.11.4]
	at org.junit.platform.engine.support.hierarchical.NodeTestTask.execute(NodeTestTask.java:100) ~[junit-platform-engine-1.11.4.jar:1.11.4]
	at org.junit.platform.engine.support.hierarchical.SameThreadHierarchicalTestExecutorService.submit(SameThreadHierarchicalTestExecutorService.java:35) ~[junit-platform-engine-1.11.4.jar:1.11.4]
	at org.junit.platform.engine.support.hierarchical.HierarchicalTestExecutor.execute(HierarchicalTestExecutor.java:57) ~[junit-platform-engine-1.11.4.jar:1.11.4]
	at org.junit.platform.engine.support.hierarchical.HierarchicalTestEngine.execute(HierarchicalTestEngine.java:54) ~[junit-platform-engine-1.11.4.jar:1.11.4]
	at org.junit.platform.launcher.core.EngineExecutionOrchestrator.execute(EngineExecutionOrchestrator.java:198) ~[junit-platform-launcher-1.11.4.jar:1.11.4]
	at org.junit.platform.launcher.core.EngineExecutionOrchestrator.execute(EngineExecutionOrchestrator.java:169) ~[junit-platform-launcher-1.11.4.jar:1.11.4]
	at org.junit.platform.launcher.core.EngineExecutionOrchestrator.execute(EngineExecutionOrchestrator.java:93) ~[junit-platform-launcher-1.11.4.jar:1.11.4]
	at org.junit.platform.launcher.core.EngineExecutionOrchestrator.lambda$execute$0(EngineExecutionOrchestrator.java:58) ~[junit-platform-launcher-1.11.4.jar:1.11.4]
	at org.junit.platform.launcher.core.EngineExecutionOrchestrator.withInterceptedStreams(EngineExecutionOrchestrator.java:141) ~[junit-platform-launcher-1.11.4.jar:1.11.4]
	at org.junit.platform.launcher.core.EngineExecutionOrchestrator.execute(EngineExecutionOrchestrator.java:57) ~[junit-platform-launcher-1.11.4.jar:1.11.4]
	at org.junit.platform.launcher.core.DefaultLauncher.execute(DefaultLauncher.java:103) ~[junit-platform-launcher-1.11.4.jar:1.11.4]
	at org.junit.platform.launcher.core.DefaultLauncher.execute(DefaultLauncher.java:85) ~[junit-platform-launcher-1.11.4.jar:1.11.4]
	at org.junit.platform.launcher.core.DelegatingLauncher.execute(DelegatingLauncher.java:47) ~[junit-platform-launcher-1.11.4.jar:1.11.4]
	at org.apache.maven.surefire.junitplatform.LazyLauncher.execute(LazyLauncher.java:56) ~[surefire-junit-platform-3.5.2.jar:3.5.2]
	at org.apache.maven.surefire.junitplatform.JUnitPlatformProvider.execute(JUnitPlatformProvider.java:184) ~[surefire-junit-platform-3.5.2.jar:3.5.2]
	at org.apache.maven.surefire.junitplatform.JUnitPlatformProvider.invokeAllTests(JUnitPlatformProvider.java:148) ~[surefire-junit-platform-3.5.2.jar:3.5.2]
	at org.apache.maven.surefire.junitplatform.JUnitPlatformProvider.invoke(JUnitPlatformProvider.java:122) ~[surefire-junit-platform-3.5.2.jar:3.5.2]
	at org.apache.maven.surefire.booter.ForkedBooter.runSuitesInProcess(ForkedBooter.java:385) ~[surefire-booter-3.5.2.jar:3.5.2]
	at org.apache.maven.surefire.booter.ForkedBooter.execute(ForkedBooter.java:162) ~[surefire-booter-3.5.2.jar:3.5.2]
	at org.apache.maven.surefire.booter.ForkedBooter.run(ForkedBooter.java:507) ~[surefire-booter-3.5.2.jar:3.5.2]
	at org.apache.maven.surefire.booter.ForkedBooter.main(ForkedBooter.java:495) ~[surefire-booter-3.5.2.jar:3.5.2]
Caused by: org.springframework.util.PlaceholderResolutionException: Could not resolve placeholder 'AWS_S3_REGION' in value "${AWS_S3_REGION}"
	at org.springframework.util.PlaceholderResolutionException.withValue(PlaceholderResolutionException.java:81) ~[spring-core-6.2.3.jar:6.2.3]
	at org.springframework.util.PlaceholderParser$ParsedValue.resolve(PlaceholderParser.java:423) ~[spring-core-6.2.3.jar:6.2.3]
	at org.springframework.util.PlaceholderParser.replacePlaceholders(PlaceholderParser.java:128) ~[spring-core-6.2.3.jar:6.2.3]
	at org.springframework.util.PropertyPlaceholderHelper.parseStringValue(PropertyPlaceholderHelper.java:118) ~[spring-core-6.2.3.jar:6.2.3]
	at org.springframework.util.PropertyPlaceholderHelper.replacePlaceholders(PropertyPlaceholderHelper.java:114) ~[spring-core-6.2.3.jar:6.2.3]
	at org.springframework.core.env.AbstractPropertyResolver.doResolvePlaceholders(AbstractPropertyResolver.java:255) ~[spring-core-6.2.3.jar:6.2.3]
	at org.springframework.core.env.AbstractPropertyResolver.resolveRequiredPlaceholders(AbstractPropertyResolver.java:226) ~[spring-core-6.2.3.jar:6.2.3]
	at org.springframework.context.support.PropertySourcesPlaceholderConfigurer.lambda$processProperties$0(PropertySourcesPlaceholderConfigurer.java:201) ~[spring-context-6.2.3.jar:6.2.3]
	at org.springframework.beans.factory.support.AbstractBeanFactory.resolveEmbeddedValue(AbstractBeanFactory.java:971) ~[spring-beans-6.2.3.jar:6.2.3]
	at org.springframework.beans.factory.support.DefaultListableBeanFactory.doResolveDependency(DefaultListableBeanFactory.java:1574) ~[spring-beans-6.2.3.jar:6.2.3]
	at org.springframework.beans.factory.support.DefaultListableBeanFactory.resolveDependency(DefaultListableBeanFactory.java:1552) ~[spring-beans-6.2.3.jar:6.2.3]
	at org.springframework.beans.factory.annotation.AutowiredAnnotationBeanPostProcessor$AutowiredFieldElement.resolveFieldValue(AutowiredAnnotationBeanPostProcessor.java:785) ~[spring-beans-6.2.3.jar:6.2.3]
	at org.springframework.beans.factory.annotation.AutowiredAnnotationBeanPostProcessor$AutowiredFieldElement.inject(AutowiredAnnotationBeanPostProcessor.java:768) ~[spring-beans-6.2.3.jar:6.2.3]
	at org.springframework.beans.factory.annotation.InjectionMetadata.inject(InjectionMetadata.java:146) ~[spring-beans-6.2.3.jar:6.2.3]
	at org.springframework.beans.factory.annotation.AutowiredAnnotationBeanPostProcessor.postProcessProperties(AutowiredAnnotationBeanPostProcessor.java:509) ~[spring-beans-6.2.3.jar:6.2.3]
	... 99 common frames omitted

2026-06-15T12:13:25.895-04:00  WARN 163634 --- [core-sifa-test] [main] o.s.test.context.TestContextManager      : Caught exception while allowing TestExecutionListener [org.springframework.test.context.web.ServletTestExecutionListener] to prepare test instance [com.sifa.core_sifa.CoreSifaApplicationTests@39f97fea]

java.lang.IllegalStateException: Failed to load ApplicationContext for [WebMergedContextConfiguration@1f811284 testClass = com.sifa.core_sifa.CoreSifaApplicationTests, locations = [], classes = [com.sifa.core_sifa.CoreSifaApplication], contextInitializerClasses = [], activeProfiles = ["test"], propertySourceDescriptors = [], propertySourceProperties = ["org.springframework.boot.test.context.SpringBootTestContextBootstrapper=true"], contextCustomizers = [org.springframework.boot.test.context.filter.ExcludeFilterContextCustomizer@3a91d146, org.springframework.boot.test.json.DuplicateJsonObjectContextCustomizerFactory$DuplicateJsonObjectContextCustomizer@6b587673, org.springframework.boot.test.mock.mockito.MockitoContextCustomizer@0, org.springframework.boot.test.web.client.TestRestTemplateContextCustomizer@4cafa9aa, org.springframework.boot.test.web.reactor.netty.DisableReactorResourceFactoryGlobalResourcesContextCustomizerFactory$DisableReactorResourceFactoryGlobalResourcesContextCustomizerCustomizer@68ba310d, org.springframework.boot.test.autoconfigure.OnFailureConditionReportContextCustomizerFactory$OnFailureConditionReportContextCustomizer@566d0c69, org.springframework.boot.test.autoconfigure.actuate.observability.ObservabilityContextCustomizerFactory$DisableObservabilityContextCustomizer@1f, org.springframework.boot.test.autoconfigure.properties.PropertyMappingContextCustomizer@0, org.springframework.boot.test.autoconfigure.web.servlet.WebDriverContextCustomizer@65bb9029, org.springframework.test.context.bean.override.BeanOverrideContextCustomizer@e23c69f0, org.springframework.test.context.support.DynamicPropertiesContextCustomizer@0, org.springframework.boot.test.context.SpringBootTestAnnotation@cab3f97f], resourceBasePath = "src/main/webapp", contextLoader = org.springframework.boot.test.context.SpringBootContextLoader, parent = null]
	at org.springframework.test.context.cache.DefaultCacheAwareContextLoaderDelegate.loadContext(DefaultCacheAwareContextLoaderDelegate.java:180) ~[spring-test-6.2.3.jar:6.2.3]
	at org.springframework.test.context.support.DefaultTestContext.getApplicationContext(DefaultTestContext.java:130) ~[spring-test-6.2.3.jar:6.2.3]
	at org.springframework.test.context.web.ServletTestExecutionListener.setUpRequestContextIfNecessary(ServletTestExecutionListener.java:200) ~[spring-test-6.2.3.jar:6.2.3]
	at org.springframework.test.context.web.ServletTestExecutionListener.prepareTestInstance(ServletTestExecutionListener.java:139) ~[spring-test-6.2.3.jar:6.2.3]
	at org.springframework.test.context.TestContextManager.prepareTestInstance(TestContextManager.java:260) ~[spring-test-6.2.3.jar:6.2.3]
	at org.springframework.test.context.junit.jupiter.SpringExtension.postProcessTestInstance(SpringExtension.java:160) ~[spring-test-6.2.3.jar:6.2.3]
	at org.junit.jupiter.engine.descriptor.ClassBasedTestDescriptor.lambda$invokeTestInstancePostProcessors$11(ClassBasedTestDescriptor.java:378) ~[junit-jupiter-engine-5.11.4.jar:5.11.4]
	at org.junit.jupiter.engine.descriptor.ClassBasedTestDescriptor.executeAndMaskThrowable(ClassBasedTestDescriptor.java:383) ~[junit-jupiter-engine-5.11.4.jar:5.11.4]
	at org.junit.jupiter.engine.descriptor.ClassBasedTestDescriptor.lambda$invokeTestInstancePostProcessors$12(ClassBasedTestDescriptor.java:378) ~[junit-jupiter-engine-5.11.4.jar:5.11.4]
	at java.base/java.util.stream.ForEachOps$ForEachOp$OfRef.accept(ForEachOps.java:184) ~[na:na]
	at java.base/java.util.stream.ReferencePipeline$3$1.accept(ReferencePipeline.java:197) ~[na:na]
	at java.base/java.util.stream.ReferencePipeline$2$1.accept(ReferencePipeline.java:179) ~[na:na]
	at java.base/java.util.stream.ReferencePipeline$3$1.accept(ReferencePipeline.java:197) ~[na:na]
	at java.base/java.util.ArrayList$ArrayListSpliterator.forEachRemaining(ArrayList.java:1708) ~[na:na]
	at java.base/java.util.stream.AbstractPipeline.copyInto(AbstractPipeline.java:509) ~[na:na]
	at java.base/java.util.stream.AbstractPipeline.wrapAndCopyInto(AbstractPipeline.java:499) ~[na:na]
	at java.base/java.util.stream.ForEachOps$ForEachOp.evaluateSequential(ForEachOps.java:151) ~[na:na]
	at java.base/java.util.stream.ForEachOps$ForEachOp$OfRef.evaluateSequential(ForEachOps.java:174) ~[na:na]
	at java.base/java.util.stream.AbstractPipeline.evaluate(AbstractPipeline.java:234) ~[na:na]
	at java.base/java.util.stream.ReferencePipeline.forEach(ReferencePipeline.java:596) ~[na:na]
	at org.junit.jupiter.engine.descriptor.ClassBasedTestDescriptor.invokeTestInstancePostProcessors(ClassBasedTestDescriptor.java:377) ~[junit-jupiter-engine-5.11.4.jar:5.11.4]
	at org.junit.jupiter.engine.descriptor.ClassBasedTestDescriptor.lambda$instantiateAndPostProcessTestInstance$7(ClassBasedTestDescriptor.java:290) ~[junit-jupiter-engine-5.11.4.jar:5.11.4]
	at org.junit.platform.engine.support.hierarchical.ThrowableCollector.execute(ThrowableCollector.java:73) ~[junit-platform-engine-1.11.4.jar:1.11.4]
	at org.junit.jupiter.engine.descriptor.ClassBasedTestDescriptor.instantiateAndPostProcessTestInstance(ClassBasedTestDescriptor.java:289) ~[junit-jupiter-engine-5.11.4.jar:5.11.4]
	at org.junit.jupiter.engine.descriptor.ClassBasedTestDescriptor.lambda$testInstancesProvider$5(ClassBasedTestDescriptor.java:279) ~[junit-jupiter-engine-5.11.4.jar:5.11.4]
	at java.base/java.util.Optional.orElseGet(Optional.java:364) ~[na:na]
	at org.junit.jupiter.engine.descriptor.ClassBasedTestDescriptor.lambda$testInstancesProvider$6(ClassBasedTestDescriptor.java:278) ~[junit-jupiter-engine-5.11.4.jar:5.11.4]
	at org.junit.jupiter.engine.execution.TestInstancesProvider.getTestInstances(TestInstancesProvider.java:31) ~[junit-jupiter-engine-5.11.4.jar:5.11.4]
	at org.junit.jupiter.engine.descriptor.TestMethodTestDescriptor.lambda$prepare$1(TestMethodTestDescriptor.java:105) ~[junit-jupiter-engine-5.11.4.jar:5.11.4]
	at org.junit.platform.engine.support.hierarchical.ThrowableCollector.execute(ThrowableCollector.java:73) ~[junit-platform-engine-1.11.4.jar:1.11.4]
	at org.junit.jupiter.engine.descriptor.TestMethodTestDescriptor.prepare(TestMethodTestDescriptor.java:104) ~[junit-jupiter-engine-5.11.4.jar:5.11.4]
	at org.junit.jupiter.engine.descriptor.TestMethodTestDescriptor.prepare(TestMethodTestDescriptor.java:68) ~[junit-jupiter-engine-5.11.4.jar:5.11.4]
	at org.junit.platform.engine.support.hierarchical.NodeTestTask.lambda$prepare$2(NodeTestTask.java:128) ~[junit-platform-engine-1.11.4.jar:1.11.4]
	at org.junit.platform.engine.support.hierarchical.ThrowableCollector.execute(ThrowableCollector.java:73) ~[junit-platform-engine-1.11.4.jar:1.11.4]
	at org.junit.platform.engine.support.hierarchical.NodeTestTask.prepare(NodeTestTask.java:128) ~[junit-platform-engine-1.11.4.jar:1.11.4]
	at org.junit.platform.engine.support.hierarchical.NodeTestTask.execute(NodeTestTask.java:95) ~[junit-platform-engine-1.11.4.jar:1.11.4]
	at java.base/java.util.ArrayList.forEach(ArrayList.java:1596) ~[na:na]
	at org.junit.platform.engine.support.hierarchical.SameThreadHierarchicalTestExecutorService.invokeAll(SameThreadHierarchicalTestExecutorService.java:41) ~[junit-platform-engine-1.11.4.jar:1.11.4]
	at org.junit.platform.engine.support.hierarchical.NodeTestTask.lambda$executeRecursively$6(NodeTestTask.java:160) ~[junit-platform-engine-1.11.4.jar:1.11.4]
	at org.junit.platform.engine.support.hierarchical.ThrowableCollector.execute(ThrowableCollector.java:73) ~[junit-platform-engine-1.11.4.jar:1.11.4]
	at org.junit.platform.engine.support.hierarchical.NodeTestTask.lambda$executeRecursively$8(NodeTestTask.java:146) ~[junit-platform-engine-1.11.4.jar:1.11.4]
	at org.junit.platform.engine.support.hierarchical.Node.around(Node.java:137) ~[junit-platform-engine-1.11.4.jar:1.11.4]
	at org.junit.platform.engine.support.hierarchical.NodeTestTask.lambda$executeRecursively$9(NodeTestTask.java:144) ~[junit-platform-engine-1.11.4.jar:1.11.4]
	at org.junit.platform.engine.support.hierarchical.ThrowableCollector.execute(ThrowableCollector.java:73) ~[junit-platform-engine-1.11.4.jar:1.11.4]
	at org.junit.platform.engine.support.hierarchical.NodeTestTask.executeRecursively(NodeTestTask.java:143) ~[junit-platform-engine-1.11.4.jar:1.11.4]
	at org.junit.platform.engine.support.hierarchical.NodeTestTask.execute(NodeTestTask.java:100) ~[junit-platform-engine-1.11.4.jar:1.11.4]
	at java.base/java.util.ArrayList.forEach(ArrayList.java:1596) ~[na:na]
	at org.junit.platform.engine.support.hierarchical.SameThreadHierarchicalTestExecutorService.invokeAll(SameThreadHierarchicalTestExecutorService.java:41) ~[junit-platform-engine-1.11.4.jar:1.11.4]
	at org.junit.platform.engine.support.hierarchical.NodeTestTask.lambda$executeRecursively$6(NodeTestTask.java:160) ~[junit-platform-engine-1.11.4.jar:1.11.4]
	at org.junit.platform.engine.support.hierarchical.ThrowableCollector.execute(ThrowableCollector.java:73) ~[junit-platform-engine-1.11.4.jar:1.11.4]
	at org.junit.platform.engine.support.hierarchical.NodeTestTask.lambda$executeRecursively$8(NodeTestTask.java:146) ~[junit-platform-engine-1.11.4.jar:1.11.4]
	at org.junit.platform.engine.support.hierarchical.Node.around(Node.java:137) ~[junit-platform-engine-1.11.4.jar:1.11.4]
	at org.junit.platform.engine.support.hierarchical.NodeTestTask.lambda$executeRecursively$9(NodeTestTask.java:144) ~[junit-platform-engine-1.11.4.jar:1.11.4]
	at org.junit.platform.engine.support.hierarchical.ThrowableCollector.execute(ThrowableCollector.java:73) ~[junit-platform-engine-1.11.4.jar:1.11.4]
	at org.junit.platform.engine.support.hierarchical.NodeTestTask.executeRecursively(NodeTestTask.java:143) ~[junit-platform-engine-1.11.4.jar:1.11.4]
	at org.junit.platform.engine.support.hierarchical.NodeTestTask.execute(NodeTestTask.java:100) ~[junit-platform-engine-1.11.4.jar:1.11.4]
	at org.junit.platform.engine.support.hierarchical.SameThreadHierarchicalTestExecutorService.submit(SameThreadHierarchicalTestExecutorService.java:35) ~[junit-platform-engine-1.11.4.jar:1.11.4]
	at org.junit.platform.engine.support.hierarchical.HierarchicalTestExecutor.execute(HierarchicalTestExecutor.java:57) ~[junit-platform-engine-1.11.4.jar:1.11.4]
	at org.junit.platform.engine.support.hierarchical.HierarchicalTestEngine.execute(HierarchicalTestEngine.java:54) ~[junit-platform-engine-1.11.4.jar:1.11.4]
	at org.junit.platform.launcher.core.EngineExecutionOrchestrator.execute(EngineExecutionOrchestrator.java:198) ~[junit-platform-launcher-1.11.4.jar:1.11.4]
	at org.junit.platform.launcher.core.EngineExecutionOrchestrator.execute(EngineExecutionOrchestrator.java:169) ~[junit-platform-launcher-1.11.4.jar:1.11.4]
	at org.junit.platform.launcher.core.EngineExecutionOrchestrator.execute(EngineExecutionOrchestrator.java:93) ~[junit-platform-launcher-1.11.4.jar:1.11.4]
	at org.junit.platform.launcher.core.EngineExecutionOrchestrator.lambda$execute$0(EngineExecutionOrchestrator.java:58) ~[junit-platform-launcher-1.11.4.jar:1.11.4]
	at org.junit.platform.launcher.core.EngineExecutionOrchestrator.withInterceptedStreams(EngineExecutionOrchestrator.java:141) ~[junit-platform-launcher-1.11.4.jar:1.11.4]
	at org.junit.platform.launcher.core.EngineExecutionOrchestrator.execute(EngineExecutionOrchestrator.java:57) ~[junit-platform-launcher-1.11.4.jar:1.11.4]
	at org.junit.platform.launcher.core.DefaultLauncher.execute(DefaultLauncher.java:103) ~[junit-platform-launcher-1.11.4.jar:1.11.4]
	at org.junit.platform.launcher.core.DefaultLauncher.execute(DefaultLauncher.java:85) ~[junit-platform-launcher-1.11.4.jar:1.11.4]
	at org.junit.platform.launcher.core.DelegatingLauncher.execute(DelegatingLauncher.java:47) ~[junit-platform-launcher-1.11.4.jar:1.11.4]
	at org.apache.maven.surefire.junitplatform.LazyLauncher.execute(LazyLauncher.java:56) ~[surefire-junit-platform-3.5.2.jar:3.5.2]
	at org.apache.maven.surefire.junitplatform.JUnitPlatformProvider.execute(JUnitPlatformProvider.java:184) ~[surefire-junit-platform-3.5.2.jar:3.5.2]
	at org.apache.maven.surefire.junitplatform.JUnitPlatformProvider.invokeAllTests(JUnitPlatformProvider.java:148) ~[surefire-junit-platform-3.5.2.jar:3.5.2]
	at org.apache.maven.surefire.junitplatform.JUnitPlatformProvider.invoke(JUnitPlatformProvider.java:122) ~[surefire-junit-platform-3.5.2.jar:3.5.2]
	at org.apache.maven.surefire.booter.ForkedBooter.runSuitesInProcess(ForkedBooter.java:385) ~[surefire-booter-3.5.2.jar:3.5.2]
	at org.apache.maven.surefire.booter.ForkedBooter.execute(ForkedBooter.java:162) ~[surefire-booter-3.5.2.jar:3.5.2]
	at org.apache.maven.surefire.booter.ForkedBooter.run(ForkedBooter.java:507) ~[surefire-booter-3.5.2.jar:3.5.2]
	at org.apache.maven.surefire.booter.ForkedBooter.main(ForkedBooter.java:495) ~[surefire-booter-3.5.2.jar:3.5.2]
Caused by: org.springframework.beans.factory.BeanCreationException: Error creating bean with name 's3Config': Injection of autowired dependencies failed
	at org.springframework.beans.factory.annotation.AutowiredAnnotationBeanPostProcessor.postProcessProperties(AutowiredAnnotationBeanPostProcessor.java:515) ~[spring-beans-6.2.3.jar:6.2.3]
	at org.springframework.beans.factory.support.AbstractAutowireCapableBeanFactory.populateBean(AbstractAutowireCapableBeanFactory.java:1445) ~[spring-beans-6.2.3.jar:6.2.3]
	at org.springframework.beans.factory.support.AbstractAutowireCapableBeanFactory.doCreateBean(AbstractAutowireCapableBeanFactory.java:600) ~[spring-beans-6.2.3.jar:6.2.3]
	at org.springframework.beans.factory.support.AbstractAutowireCapableBeanFactory.createBean(AbstractAutowireCapableBeanFactory.java:523) ~[spring-beans-6.2.3.jar:6.2.3]
	at org.springframework.beans.factory.support.AbstractBeanFactory.lambda$doGetBean$0(AbstractBeanFactory.java:339) ~[spring-beans-6.2.3.jar:6.2.3]
	at org.springframework.beans.factory.support.DefaultSingletonBeanRegistry.getSingleton(DefaultSingletonBeanRegistry.java:346) ~[spring-beans-6.2.3.jar:6.2.3]
	at org.springframework.beans.factory.support.AbstractBeanFactory.doGetBean(AbstractBeanFactory.java:337) ~[spring-beans-6.2.3.jar:6.2.3]
	at org.springframework.beans.factory.support.AbstractBeanFactory.getBean(AbstractBeanFactory.java:202) ~[spring-beans-6.2.3.jar:6.2.3]
	at org.springframework.beans.factory.support.DefaultListableBeanFactory.instantiateSingleton(DefaultListableBeanFactory.java:1155) ~[spring-beans-6.2.3.jar:6.2.3]
	at org.springframework.beans.factory.support.DefaultListableBeanFactory.preInstantiateSingleton(DefaultListableBeanFactory.java:1121) ~[spring-beans-6.2.3.jar:6.2.3]
	at org.springframework.beans.factory.support.DefaultListableBeanFactory.preInstantiateSingletons(DefaultListableBeanFactory.java:1056) ~[spring-beans-6.2.3.jar:6.2.3]
	at org.springframework.context.support.AbstractApplicationContext.finishBeanFactoryInitialization(AbstractApplicationContext.java:987) ~[spring-context-6.2.3.jar:6.2.3]
	at org.springframework.context.support.AbstractApplicationContext.refresh(AbstractApplicationContext.java:627) ~[spring-context-6.2.3.jar:6.2.3]
	at org.springframework.boot.SpringApplication.refresh(SpringApplication.java:752) ~[spring-boot-3.4.3.jar:3.4.3]
	at org.springframework.boot.SpringApplication.refreshContext(SpringApplication.java:439) ~[spring-boot-3.4.3.jar:3.4.3]
	at org.springframework.boot.SpringApplication.run(SpringApplication.java:318) ~[spring-boot-3.4.3.jar:3.4.3]
	at org.springframework.boot.test.context.SpringBootContextLoader.lambda$loadContext$3(SpringBootContextLoader.java:137) ~[spring-boot-test-3.4.3.jar:3.4.3]
	at org.springframework.util.function.ThrowingSupplier.get(ThrowingSupplier.java:58) ~[spring-core-6.2.3.jar:6.2.3]
	at org.springframework.util.function.ThrowingSupplier.get(ThrowingSupplier.java:46) ~[spring-core-6.2.3.jar:6.2.3]
	at org.springframework.boot.SpringApplication.withHook(SpringApplication.java:1461) ~[spring-boot-3.4.3.jar:3.4.3]
	at org.springframework.boot.test.context.SpringBootContextLoader$ContextLoaderHook.run(SpringBootContextLoader.java:553) ~[spring-boot-test-3.4.3.jar:3.4.3]
	at org.springframework.boot.test.context.SpringBootContextLoader.loadContext(SpringBootContextLoader.java:137) ~[spring-boot-test-3.4.3.jar:3.4.3]
	at org.springframework.boot.test.context.SpringBootContextLoader.loadContext(SpringBootContextLoader.java:108) ~[spring-boot-test-3.4.3.jar:3.4.3]
	at org.springframework.test.context.cache.DefaultCacheAwareContextLoaderDelegate.loadContextInternal(DefaultCacheAwareContextLoaderDelegate.java:225) ~[spring-test-6.2.3.jar:6.2.3]
	at org.springframework.test.context.cache.DefaultCacheAwareContextLoaderDelegate.loadContext(DefaultCacheAwareContextLoaderDelegate.java:152) ~[spring-test-6.2.3.jar:6.2.3]
	... 75 common frames omitted
Caused by: org.springframework.util.PlaceholderResolutionException: Could not resolve placeholder 'AWS_S3_REGION' in value "${AWS_S3_REGION}"
	at org.springframework.util.PlaceholderResolutionException.withValue(PlaceholderResolutionException.java:81) ~[spring-core-6.2.3.jar:6.2.3]
	at org.springframework.util.PlaceholderParser$ParsedValue.resolve(PlaceholderParser.java:423) ~[spring-core-6.2.3.jar:6.2.3]
	at org.springframework.util.PlaceholderParser.replacePlaceholders(PlaceholderParser.java:128) ~[spring-core-6.2.3.jar:6.2.3]
	at org.springframework.util.PropertyPlaceholderHelper.parseStringValue(PropertyPlaceholderHelper.java:118) ~[spring-core-6.2.3.jar:6.2.3]
	at org.springframework.util.PropertyPlaceholderHelper.replacePlaceholders(PropertyPlaceholderHelper.java:114) ~[spring-core-6.2.3.jar:6.2.3]
	at org.springframework.core.env.AbstractPropertyResolver.doResolvePlaceholders(AbstractPropertyResolver.java:255) ~[spring-core-6.2.3.jar:6.2.3]
	at org.springframework.core.env.AbstractPropertyResolver.resolveRequiredPlaceholders(AbstractPropertyResolver.java:226) ~[spring-core-6.2.3.jar:6.2.3]
	at org.springframework.context.support.PropertySourcesPlaceholderConfigurer.lambda$processProperties$0(PropertySourcesPlaceholderConfigurer.java:201) ~[spring-context-6.2.3.jar:6.2.3]
	at org.springframework.beans.factory.support.AbstractBeanFactory.resolveEmbeddedValue(AbstractBeanFactory.java:971) ~[spring-beans-6.2.3.jar:6.2.3]
	at org.springframework.beans.factory.support.DefaultListableBeanFactory.doResolveDependency(DefaultListableBeanFactory.java:1574) ~[spring-beans-6.2.3.jar:6.2.3]
	at org.springframework.beans.factory.support.DefaultListableBeanFactory.resolveDependency(DefaultListableBeanFactory.java:1552) ~[spring-beans-6.2.3.jar:6.2.3]
	at org.springframework.beans.factory.annotation.AutowiredAnnotationBeanPostProcessor$AutowiredFieldElement.resolveFieldValue(AutowiredAnnotationBeanPostProcessor.java:785) ~[spring-beans-6.2.3.jar:6.2.3]
	at org.springframework.beans.factory.annotation.AutowiredAnnotationBeanPostProcessor$AutowiredFieldElement.inject(AutowiredAnnotationBeanPostProcessor.java:768) ~[spring-beans-6.2.3.jar:6.2.3]
	at org.springframework.beans.factory.annotation.InjectionMetadata.inject(InjectionMetadata.java:146) ~[spring-beans-6.2.3.jar:6.2.3]
	at org.springframework.beans.factory.annotation.AutowiredAnnotationBeanPostProcessor.postProcessProperties(AutowiredAnnotationBeanPostProcessor.java:509) ~[spring-beans-6.2.3.jar:6.2.3]
	... 99 common frames omitted

2026-06-15T12:14:25.212-04:00  INFO 165330 --- [core-sifa-test] [main] c.s.core_sifa.CoreSifaApplicationTests   : Starting CoreSifaApplicationTests using Java 21.0.11 with PID 165330 (started by andres-ortega in /home/andres-ortega/Escritorio/proyects/core-sifa)
2026-06-15T12:14:25.216-04:00  INFO 165330 --- [core-sifa-test] [main] c.s.core_sifa.CoreSifaApplicationTests   : The following 1 profile is active: "test"
2026-06-15T12:14:29.190-04:00  INFO 165330 --- [core-sifa-test] [main] .s.d.r.c.RepositoryConfigurationDelegate : Bootstrapping Spring Data JPA repositories in DEFAULT mode.
2026-06-15T12:14:29.472-04:00  INFO 165330 --- [core-sifa-test] [main] .s.d.r.c.RepositoryConfigurationDelegate : Finished Spring Data repository scanning in 253 ms. Found 10 JPA repository interfaces.
2026-06-15T12:14:35.326-04:00  INFO 165330 --- [core-sifa-test] [main] o.hibernate.jpa.internal.util.LogHelper  : HHH000204: Processing PersistenceUnitInfo [name: default]
2026-06-15T12:14:35.686-04:00  INFO 165330 --- [core-sifa-test] [main] org.hibernate.Version                    : HHH000412: Hibernate ORM core version 6.6.8.Final
2026-06-15T12:14:35.879-04:00  INFO 165330 --- [core-sifa-test] [main] o.h.c.internal.RegionFactoryInitiator    : HHH000026: Second-level cache disabled
2026-06-15T12:14:36.573-04:00  INFO 165330 --- [core-sifa-test] [main] o.s.o.j.p.SpringPersistenceUnitInfo      : No LoadTimeWeaver setup: ignoring JPA class transformer
2026-06-15T12:14:36.733-04:00  INFO 165330 --- [core-sifa-test] [main] com.zaxxer.hikari.HikariDataSource       : HikariPool-1 - Starting...
2026-06-15T12:14:37.984-04:00  INFO 165330 --- [core-sifa-test] [main] com.zaxxer.hikari.pool.HikariPool        : HikariPool-1 - Added connection conn0: url=jdbc:h2:mem:testdb user=SA
2026-06-15T12:14:37.995-04:00  INFO 165330 --- [core-sifa-test] [main] com.zaxxer.hikari.HikariDataSource       : HikariPool-1 - Start completed.
2026-06-15T12:14:38.097-04:00  WARN 165330 --- [core-sifa-test] [main] org.hibernate.orm.deprecation            : HHH90000025: H2Dialect does not need to be specified explicitly using 'hibernate.dialect' (remove the property setting and it will be selected by default)
2026-06-15T12:14:38.206-04:00  INFO 165330 --- [core-sifa-test] [main] org.hibernate.orm.connections.pooling    : HHH10001005: Database info:
	Database JDBC URL [Connecting through datasource 'HikariDataSource (HikariPool-1)']
	Database driver: undefined/unknown
	Database version: 2.3.232
	Autocommit mode: undefined/unknown
	Isolation level: undefined/unknown
	Minimum pool size: undefined/unknown
	Maximum pool size: undefined/unknown
2026-06-15T12:14:43.472-04:00  INFO 165330 --- [core-sifa-test] [main] o.h.e.t.j.p.i.JtaPlatformInitiator       : HHH000489: No JTA platform available (set 'hibernate.transaction.jta.platform' to enable JTA platform integration)
2026-06-15T12:14:43.717-04:00  INFO 165330 --- [core-sifa-test] [main] j.LocalContainerEntityManagerFactoryBean : Initialized JPA EntityManagerFactory for persistence unit 'default'
2026-06-15T12:14:43.924-04:00  WARN 165330 --- [core-sifa-test] [main] o.s.w.c.s.GenericWebApplicationContext   : Exception encountered during context initialization - cancelling refresh attempt: org.springframework.beans.factory.BeanCreationException: Error creating bean with name 's3Config': Injection of autowired dependencies failed
2026-06-15T12:14:43.926-04:00  INFO 165330 --- [core-sifa-test] [main] j.LocalContainerEntityManagerFactoryBean : Closing JPA EntityManagerFactory for persistence unit 'default'
2026-06-15T12:14:43.964-04:00  INFO 165330 --- [core-sifa-test] [main] com.zaxxer.hikari.HikariDataSource       : HikariPool-1 - Shutdown initiated...
2026-06-15T12:14:43.973-04:00  INFO 165330 --- [core-sifa-test] [main] com.zaxxer.hikari.HikariDataSource       : HikariPool-1 - Shutdown completed.
2026-06-15T12:14:44.043-04:00  INFO 165330 --- [core-sifa-test] [main] .s.b.a.l.ConditionEvaluationReportLogger : 

Error starting ApplicationContext. To display the condition evaluation report re-run your application with 'debug' enabled.
2026-06-15T12:14:44.126-04:00 ERROR 165330 --- [core-sifa-test] [main] o.s.boot.SpringApplication               : Application run failed

org.springframework.beans.factory.BeanCreationException: Error creating bean with name 's3Config': Injection of autowired dependencies failed
	at org.springframework.beans.factory.annotation.AutowiredAnnotationBeanPostProcessor.postProcessProperties(AutowiredAnnotationBeanPostProcessor.java:515) ~[spring-beans-6.2.3.jar:6.2.3]
	at org.springframework.beans.factory.support.AbstractAutowireCapableBeanFactory.populateBean(AbstractAutowireCapableBeanFactory.java:1445) ~[spring-beans-6.2.3.jar:6.2.3]
	at org.springframework.beans.factory.support.AbstractAutowireCapableBeanFactory.doCreateBean(AbstractAutowireCapableBeanFactory.java:600) ~[spring-beans-6.2.3.jar:6.2.3]
	at org.springframework.beans.factory.support.AbstractAutowireCapableBeanFactory.createBean(AbstractAutowireCapableBeanFactory.java:523) ~[spring-beans-6.2.3.jar:6.2.3]
	at org.springframework.beans.factory.support.AbstractBeanFactory.lambda$doGetBean$0(AbstractBeanFactory.java:339) ~[spring-beans-6.2.3.jar:6.2.3]
	at org.springframework.beans.factory.support.DefaultSingletonBeanRegistry.getSingleton(DefaultSingletonBeanRegistry.java:346) ~[spring-beans-6.2.3.jar:6.2.3]
	at org.springframework.beans.factory.support.AbstractBeanFactory.doGetBean(AbstractBeanFactory.java:337) ~[spring-beans-6.2.3.jar:6.2.3]
	at org.springframework.beans.factory.support.AbstractBeanFactory.getBean(AbstractBeanFactory.java:202) ~[spring-beans-6.2.3.jar:6.2.3]
	at org.springframework.beans.factory.support.DefaultListableBeanFactory.instantiateSingleton(DefaultListableBeanFactory.java:1155) ~[spring-beans-6.2.3.jar:6.2.3]
	at org.springframework.beans.factory.support.DefaultListableBeanFactory.preInstantiateSingleton(DefaultListableBeanFactory.java:1121) ~[spring-beans-6.2.3.jar:6.2.3]
	at org.springframework.beans.factory.support.DefaultListableBeanFactory.preInstantiateSingletons(DefaultListableBeanFactory.java:1056) ~[spring-beans-6.2.3.jar:6.2.3]
	at org.springframework.context.support.AbstractApplicationContext.finishBeanFactoryInitialization(AbstractApplicationContext.java:987) ~[spring-context-6.2.3.jar:6.2.3]
	at org.springframework.context.support.AbstractApplicationContext.refresh(AbstractApplicationContext.java:627) ~[spring-context-6.2.3.jar:6.2.3]
	at org.springframework.boot.SpringApplication.refresh(SpringApplication.java:752) ~[spring-boot-3.4.3.jar:3.4.3]
	at org.springframework.boot.SpringApplication.refreshContext(SpringApplication.java:439) ~[spring-boot-3.4.3.jar:3.4.3]
	at org.springframework.boot.SpringApplication.run(SpringApplication.java:318) ~[spring-boot-3.4.3.jar:3.4.3]
	at org.springframework.boot.test.context.SpringBootContextLoader.lambda$loadContext$3(SpringBootContextLoader.java:137) ~[spring-boot-test-3.4.3.jar:3.4.3]
	at org.springframework.util.function.ThrowingSupplier.get(ThrowingSupplier.java:58) ~[spring-core-6.2.3.jar:6.2.3]
	at org.springframework.util.function.ThrowingSupplier.get(ThrowingSupplier.java:46) ~[spring-core-6.2.3.jar:6.2.3]
	at org.springframework.boot.SpringApplication.withHook(SpringApplication.java:1461) ~[spring-boot-3.4.3.jar:3.4.3]
	at org.springframework.boot.test.context.SpringBootContextLoader$ContextLoaderHook.run(SpringBootContextLoader.java:553) ~[spring-boot-test-3.4.3.jar:3.4.3]
	at org.springframework.boot.test.context.SpringBootContextLoader.loadContext(SpringBootContextLoader.java:137) ~[spring-boot-test-3.4.3.jar:3.4.3]
	at org.springframework.boot.test.context.SpringBootContextLoader.loadContext(SpringBootContextLoader.java:108) ~[spring-boot-test-3.4.3.jar:3.4.3]
	at org.springframework.test.context.cache.DefaultCacheAwareContextLoaderDelegate.loadContextInternal(DefaultCacheAwareContextLoaderDelegate.java:225) ~[spring-test-6.2.3.jar:6.2.3]
	at org.springframework.test.context.cache.DefaultCacheAwareContextLoaderDelegate.loadContext(DefaultCacheAwareContextLoaderDelegate.java:152) ~[spring-test-6.2.3.jar:6.2.3]
	at org.springframework.test.context.support.DefaultTestContext.getApplicationContext(DefaultTestContext.java:130) ~[spring-test-6.2.3.jar:6.2.3]
	at org.springframework.test.context.web.ServletTestExecutionListener.setUpRequestContextIfNecessary(ServletTestExecutionListener.java:200) ~[spring-test-6.2.3.jar:6.2.3]
	at org.springframework.test.context.web.ServletTestExecutionListener.prepareTestInstance(ServletTestExecutionListener.java:139) ~[spring-test-6.2.3.jar:6.2.3]
	at org.springframework.test.context.TestContextManager.prepareTestInstance(TestContextManager.java:260) ~[spring-test-6.2.3.jar:6.2.3]
	at org.springframework.test.context.junit.jupiter.SpringExtension.postProcessTestInstance(SpringExtension.java:160) ~[spring-test-6.2.3.jar:6.2.3]
	at org.junit.jupiter.engine.descriptor.ClassBasedTestDescriptor.lambda$invokeTestInstancePostProcessors$11(ClassBasedTestDescriptor.java:378) ~[junit-jupiter-engine-5.11.4.jar:5.11.4]
	at org.junit.jupiter.engine.descriptor.ClassBasedTestDescriptor.executeAndMaskThrowable(ClassBasedTestDescriptor.java:383) ~[junit-jupiter-engine-5.11.4.jar:5.11.4]
	at org.junit.jupiter.engine.descriptor.ClassBasedTestDescriptor.lambda$invokeTestInstancePostProcessors$12(ClassBasedTestDescriptor.java:378) ~[junit-jupiter-engine-5.11.4.jar:5.11.4]
	at java.base/java.util.stream.ForEachOps$ForEachOp$OfRef.accept(ForEachOps.java:184) ~[na:na]
	at java.base/java.util.stream.ReferencePipeline$3$1.accept(ReferencePipeline.java:197) ~[na:na]
	at java.base/java.util.stream.ReferencePipeline$2$1.accept(ReferencePipeline.java:179) ~[na:na]
	at java.base/java.util.stream.ReferencePipeline$3$1.accept(ReferencePipeline.java:197) ~[na:na]
	at java.base/java.util.ArrayList$ArrayListSpliterator.forEachRemaining(ArrayList.java:1708) ~[na:na]
	at java.base/java.util.stream.AbstractPipeline.copyInto(AbstractPipeline.java:509) ~[na:na]
	at java.base/java.util.stream.AbstractPipeline.wrapAndCopyInto(AbstractPipeline.java:499) ~[na:na]
	at java.base/java.util.stream.ForEachOps$ForEachOp.evaluateSequential(ForEachOps.java:151) ~[na:na]
	at java.base/java.util.stream.ForEachOps$ForEachOp$OfRef.evaluateSequential(ForEachOps.java:174) ~[na:na]
	at java.base/java.util.stream.AbstractPipeline.evaluate(AbstractPipeline.java:234) ~[na:na]
	at java.base/java.util.stream.ReferencePipeline.forEach(ReferencePipeline.java:596) ~[na:na]
	at org.junit.jupiter.engine.descriptor.ClassBasedTestDescriptor.invokeTestInstancePostProcessors(ClassBasedTestDescriptor.java:377) ~[junit-jupiter-engine-5.11.4.jar:5.11.4]
	at org.junit.jupiter.engine.descriptor.ClassBasedTestDescriptor.lambda$instantiateAndPostProcessTestInstance$7(ClassBasedTestDescriptor.java:290) ~[junit-jupiter-engine-5.11.4.jar:5.11.4]
	at org.junit.platform.engine.support.hierarchical.ThrowableCollector.execute(ThrowableCollector.java:73) ~[junit-platform-engine-1.11.4.jar:1.11.4]
	at org.junit.jupiter.engine.descriptor.ClassBasedTestDescriptor.instantiateAndPostProcessTestInstance(ClassBasedTestDescriptor.java:289) ~[junit-jupiter-engine-5.11.4.jar:5.11.4]
	at org.junit.jupiter.engine.descriptor.ClassBasedTestDescriptor.lambda$testInstancesProvider$5(ClassBasedTestDescriptor.java:279) ~[junit-jupiter-engine-5.11.4.jar:5.11.4]
	at java.base/java.util.Optional.orElseGet(Optional.java:364) ~[na:na]
	at org.junit.jupiter.engine.descriptor.ClassBasedTestDescriptor.lambda$testInstancesProvider$6(ClassBasedTestDescriptor.java:278) ~[junit-jupiter-engine-5.11.4.jar:5.11.4]
	at org.junit.jupiter.engine.execution.TestInstancesProvider.getTestInstances(TestInstancesProvider.java:31) ~[junit-jupiter-engine-5.11.4.jar:5.11.4]
	at org.junit.jupiter.engine.descriptor.TestMethodTestDescriptor.lambda$prepare$1(TestMethodTestDescriptor.java:105) ~[junit-jupiter-engine-5.11.4.jar:5.11.4]
	at org.junit.platform.engine.support.hierarchical.ThrowableCollector.execute(ThrowableCollector.java:73) ~[junit-platform-engine-1.11.4.jar:1.11.4]
	at org.junit.jupiter.engine.descriptor.TestMethodTestDescriptor.prepare(TestMethodTestDescriptor.java:104) ~[junit-jupiter-engine-5.11.4.jar:5.11.4]
	at org.junit.jupiter.engine.descriptor.TestMethodTestDescriptor.prepare(TestMethodTestDescriptor.java:68) ~[junit-jupiter-engine-5.11.4.jar:5.11.4]
	at org.junit.platform.engine.support.hierarchical.NodeTestTask.lambda$prepare$2(NodeTestTask.java:128) ~[junit-platform-engine-1.11.4.jar:1.11.4]
	at org.junit.platform.engine.support.hierarchical.ThrowableCollector.execute(ThrowableCollector.java:73) ~[junit-platform-engine-1.11.4.jar:1.11.4]
	at org.junit.platform.engine.support.hierarchical.NodeTestTask.prepare(NodeTestTask.java:128) ~[junit-platform-engine-1.11.4.jar:1.11.4]
	at org.junit.platform.engine.support.hierarchical.NodeTestTask.execute(NodeTestTask.java:95) ~[junit-platform-engine-1.11.4.jar:1.11.4]
	at java.base/java.util.ArrayList.forEach(ArrayList.java:1596) ~[na:na]
	at org.junit.platform.engine.support.hierarchical.SameThreadHierarchicalTestExecutorService.invokeAll(SameThreadHierarchicalTestExecutorService.java:41) ~[junit-platform-engine-1.11.4.jar:1.11.4]
	at org.junit.platform.engine.support.hierarchical.NodeTestTask.lambda$executeRecursively$6(NodeTestTask.java:160) ~[junit-platform-engine-1.11.4.jar:1.11.4]
	at org.junit.platform.engine.support.hierarchical.ThrowableCollector.execute(ThrowableCollector.java:73) ~[junit-platform-engine-1.11.4.jar:1.11.4]
	at org.junit.platform.engine.support.hierarchical.NodeTestTask.lambda$executeRecursively$8(NodeTestTask.java:146) ~[junit-platform-engine-1.11.4.jar:1.11.4]
	at org.junit.platform.engine.support.hierarchical.Node.around(Node.java:137) ~[junit-platform-engine-1.11.4.jar:1.11.4]
	at org.junit.platform.engine.support.hierarchical.NodeTestTask.lambda$executeRecursively$9(NodeTestTask.java:144) ~[junit-platform-engine-1.11.4.jar:1.11.4]
	at org.junit.platform.engine.support.hierarchical.ThrowableCollector.execute(ThrowableCollector.java:73) ~[junit-platform-engine-1.11.4.jar:1.11.4]
	at org.junit.platform.engine.support.hierarchical.NodeTestTask.executeRecursively(NodeTestTask.java:143) ~[junit-platform-engine-1.11.4.jar:1.11.4]
	at org.junit.platform.engine.support.hierarchical.NodeTestTask.execute(NodeTestTask.java:100) ~[junit-platform-engine-1.11.4.jar:1.11.4]
	at java.base/java.util.ArrayList.forEach(ArrayList.java:1596) ~[na:na]
	at org.junit.platform.engine.support.hierarchical.SameThreadHierarchicalTestExecutorService.invokeAll(SameThreadHierarchicalTestExecutorService.java:41) ~[junit-platform-engine-1.11.4.jar:1.11.4]
	at org.junit.platform.engine.support.hierarchical.NodeTestTask.lambda$executeRecursively$6(NodeTestTask.java:160) ~[junit-platform-engine-1.11.4.jar:1.11.4]
	at org.junit.platform.engine.support.hierarchical.ThrowableCollector.execute(ThrowableCollector.java:73) ~[junit-platform-engine-1.11.4.jar:1.11.4]
	at org.junit.platform.engine.support.hierarchical.NodeTestTask.lambda$executeRecursively$8(NodeTestTask.java:146) ~[junit-platform-engine-1.11.4.jar:1.11.4]
	at org.junit.platform.engine.support.hierarchical.Node.around(Node.java:137) ~[junit-platform-engine-1.11.4.jar:1.11.4]
	at org.junit.platform.engine.support.hierarchical.NodeTestTask.lambda$executeRecursively$9(NodeTestTask.java:144) ~[junit-platform-engine-1.11.4.jar:1.11.4]
	at org.junit.platform.engine.support.hierarchical.ThrowableCollector.execute(ThrowableCollector.java:73) ~[junit-platform-engine-1.11.4.jar:1.11.4]
	at org.junit.platform.engine.support.hierarchical.NodeTestTask.executeRecursively(NodeTestTask.java:143) ~[junit-platform-engine-1.11.4.jar:1.11.4]
	at org.junit.platform.engine.support.hierarchical.NodeTestTask.execute(NodeTestTask.java:100) ~[junit-platform-engine-1.11.4.jar:1.11.4]
	at org.junit.platform.engine.support.hierarchical.SameThreadHierarchicalTestExecutorService.submit(SameThreadHierarchicalTestExecutorService.java:35) ~[junit-platform-engine-1.11.4.jar:1.11.4]
	at org.junit.platform.engine.support.hierarchical.HierarchicalTestExecutor.execute(HierarchicalTestExecutor.java:57) ~[junit-platform-engine-1.11.4.jar:1.11.4]
	at org.junit.platform.engine.support.hierarchical.HierarchicalTestEngine.execute(HierarchicalTestEngine.java:54) ~[junit-platform-engine-1.11.4.jar:1.11.4]
	at org.junit.platform.launcher.core.EngineExecutionOrchestrator.execute(EngineExecutionOrchestrator.java:198) ~[junit-platform-launcher-1.11.4.jar:1.11.4]
	at org.junit.platform.launcher.core.EngineExecutionOrchestrator.execute(EngineExecutionOrchestrator.java:169) ~[junit-platform-launcher-1.11.4.jar:1.11.4]
	at org.junit.platform.launcher.core.EngineExecutionOrchestrator.execute(EngineExecutionOrchestrator.java:93) ~[junit-platform-launcher-1.11.4.jar:1.11.4]
	at org.junit.platform.launcher.core.EngineExecutionOrchestrator.lambda$execute$0(EngineExecutionOrchestrator.java:58) ~[junit-platform-launcher-1.11.4.jar:1.11.4]
	at org.junit.platform.launcher.core.EngineExecutionOrchestrator.withInterceptedStreams(EngineExecutionOrchestrator.java:141) ~[junit-platform-launcher-1.11.4.jar:1.11.4]
	at org.junit.platform.launcher.core.EngineExecutionOrchestrator.execute(EngineExecutionOrchestrator.java:57) ~[junit-platform-launcher-1.11.4.jar:1.11.4]
	at org.junit.platform.launcher.core.DefaultLauncher.execute(DefaultLauncher.java:103) ~[junit-platform-launcher-1.11.4.jar:1.11.4]
	at org.junit.platform.launcher.core.DefaultLauncher.execute(DefaultLauncher.java:85) ~[junit-platform-launcher-1.11.4.jar:1.11.4]
	at org.junit.platform.launcher.core.DelegatingLauncher.execute(DelegatingLauncher.java:47) ~[junit-platform-launcher-1.11.4.jar:1.11.4]
	at org.apache.maven.surefire.junitplatform.LazyLauncher.execute(LazyLauncher.java:56) ~[surefire-junit-platform-3.5.2.jar:3.5.2]
	at org.apache.maven.surefire.junitplatform.JUnitPlatformProvider.execute(JUnitPlatformProvider.java:184) ~[surefire-junit-platform-3.5.2.jar:3.5.2]
	at org.apache.maven.surefire.junitplatform.JUnitPlatformProvider.invokeAllTests(JUnitPlatformProvider.java:148) ~[surefire-junit-platform-3.5.2.jar:3.5.2]
	at org.apache.maven.surefire.junitplatform.JUnitPlatformProvider.invoke(JUnitPlatformProvider.java:122) ~[surefire-junit-platform-3.5.2.jar:3.5.2]
	at org.apache.maven.surefire.booter.ForkedBooter.runSuitesInProcess(ForkedBooter.java:385) ~[surefire-booter-3.5.2.jar:3.5.2]
	at org.apache.maven.surefire.booter.ForkedBooter.execute(ForkedBooter.java:162) ~[surefire-booter-3.5.2.jar:3.5.2]
	at org.apache.maven.surefire.booter.ForkedBooter.run(ForkedBooter.java:507) ~[surefire-booter-3.5.2.jar:3.5.2]
	at org.apache.maven.surefire.booter.ForkedBooter.main(ForkedBooter.java:495) ~[surefire-booter-3.5.2.jar:3.5.2]
Caused by: org.springframework.util.PlaceholderResolutionException: Could not resolve placeholder 'AWS_S3_REGION' in value "${AWS_S3_REGION}"
	at org.springframework.util.PlaceholderResolutionException.withValue(PlaceholderResolutionException.java:81) ~[spring-core-6.2.3.jar:6.2.3]
	at org.springframework.util.PlaceholderParser$ParsedValue.resolve(PlaceholderParser.java:423) ~[spring-core-6.2.3.jar:6.2.3]
	at org.springframework.util.PlaceholderParser.replacePlaceholders(PlaceholderParser.java:128) ~[spring-core-6.2.3.jar:6.2.3]
	at org.springframework.util.PropertyPlaceholderHelper.parseStringValue(PropertyPlaceholderHelper.java:118) ~[spring-core-6.2.3.jar:6.2.3]
	at org.springframework.util.PropertyPlaceholderHelper.replacePlaceholders(PropertyPlaceholderHelper.java:114) ~[spring-core-6.2.3.jar:6.2.3]
	at org.springframework.core.env.AbstractPropertyResolver.doResolvePlaceholders(AbstractPropertyResolver.java:255) ~[spring-core-6.2.3.jar:6.2.3]
	at org.springframework.core.env.AbstractPropertyResolver.resolveRequiredPlaceholders(AbstractPropertyResolver.java:226) ~[spring-core-6.2.3.jar:6.2.3]
	at org.springframework.context.support.PropertySourcesPlaceholderConfigurer.lambda$processProperties$0(PropertySourcesPlaceholderConfigurer.java:201) ~[spring-context-6.2.3.jar:6.2.3]
	at org.springframework.beans.factory.support.AbstractBeanFactory.resolveEmbeddedValue(AbstractBeanFactory.java:971) ~[spring-beans-6.2.3.jar:6.2.3]
	at org.springframework.beans.factory.support.DefaultListableBeanFactory.doResolveDependency(DefaultListableBeanFactory.java:1574) ~[spring-beans-6.2.3.jar:6.2.3]
	at org.springframework.beans.factory.support.DefaultListableBeanFactory.resolveDependency(DefaultListableBeanFactory.java:1552) ~[spring-beans-6.2.3.jar:6.2.3]
	at org.springframework.beans.factory.annotation.AutowiredAnnotationBeanPostProcessor$AutowiredFieldElement.resolveFieldValue(AutowiredAnnotationBeanPostProcessor.java:785) ~[spring-beans-6.2.3.jar:6.2.3]
	at org.springframework.beans.factory.annotation.AutowiredAnnotationBeanPostProcessor$AutowiredFieldElement.inject(AutowiredAnnotationBeanPostProcessor.java:768) ~[spring-beans-6.2.3.jar:6.2.3]
	at org.springframework.beans.factory.annotation.InjectionMetadata.inject(InjectionMetadata.java:146) ~[spring-beans-6.2.3.jar:6.2.3]
	at org.springframework.beans.factory.annotation.AutowiredAnnotationBeanPostProcessor.postProcessProperties(AutowiredAnnotationBeanPostProcessor.java:509) ~[spring-beans-6.2.3.jar:6.2.3]
	... 99 common frames omitted

2026-06-15T12:14:44.155-04:00  WARN 165330 --- [core-sifa-test] [main] o.s.test.context.TestContextManager      : Caught exception while allowing TestExecutionListener [org.springframework.test.context.web.ServletTestExecutionListener] to prepare test instance [com.sifa.core_sifa.CoreSifaApplicationTests@69292ca6]

java.lang.IllegalStateException: Failed to load ApplicationContext for [WebMergedContextConfiguration@4fadc462 testClass = com.sifa.core_sifa.CoreSifaApplicationTests, locations = [], classes = [com.sifa.core_sifa.CoreSifaApplication], contextInitializerClasses = [], activeProfiles = ["test"], propertySourceDescriptors = [], propertySourceProperties = ["org.springframework.boot.test.context.SpringBootTestContextBootstrapper=true"], contextCustomizers = [org.springframework.boot.test.context.filter.ExcludeFilterContextCustomizer@3a91d146, org.springframework.boot.test.json.DuplicateJsonObjectContextCustomizerFactory$DuplicateJsonObjectContextCustomizer@6b587673, org.springframework.boot.test.mock.mockito.MockitoContextCustomizer@0, org.springframework.boot.test.web.client.TestRestTemplateContextCustomizer@4cafa9aa, org.springframework.boot.test.web.reactor.netty.DisableReactorResourceFactoryGlobalResourcesContextCustomizerFactory$DisableReactorResourceFactoryGlobalResourcesContextCustomizerCustomizer@68ba310d, org.springframework.boot.test.autoconfigure.OnFailureConditionReportContextCustomizerFactory$OnFailureConditionReportContextCustomizer@566d0c69, org.springframework.boot.test.autoconfigure.actuate.observability.ObservabilityContextCustomizerFactory$DisableObservabilityContextCustomizer@1f, org.springframework.boot.test.autoconfigure.properties.PropertyMappingContextCustomizer@0, org.springframework.boot.test.autoconfigure.web.servlet.WebDriverContextCustomizer@65bb9029, org.springframework.test.context.bean.override.BeanOverrideContextCustomizer@e23c69f0, org.springframework.test.context.support.DynamicPropertiesContextCustomizer@0, org.springframework.boot.test.context.SpringBootTestAnnotation@cab3f97f], resourceBasePath = "src/main/webapp", contextLoader = org.springframework.boot.test.context.SpringBootContextLoader, parent = null]
	at org.springframework.test.context.cache.DefaultCacheAwareContextLoaderDelegate.loadContext(DefaultCacheAwareContextLoaderDelegate.java:180) ~[spring-test-6.2.3.jar:6.2.3]
	at org.springframework.test.context.support.DefaultTestContext.getApplicationContext(DefaultTestContext.java:130) ~[spring-test-6.2.3.jar:6.2.3]
	at org.springframework.test.context.web.ServletTestExecutionListener.setUpRequestContextIfNecessary(ServletTestExecutionListener.java:200) ~[spring-test-6.2.3.jar:6.2.3]
	at org.springframework.test.context.web.ServletTestExecutionListener.prepareTestInstance(ServletTestExecutionListener.java:139) ~[spring-test-6.2.3.jar:6.2.3]
	at org.springframework.test.context.TestContextManager.prepareTestInstance(TestContextManager.java:260) ~[spring-test-6.2.3.jar:6.2.3]
	at org.springframework.test.context.junit.jupiter.SpringExtension.postProcessTestInstance(SpringExtension.java:160) ~[spring-test-6.2.3.jar:6.2.3]
	at org.junit.jupiter.engine.descriptor.ClassBasedTestDescriptor.lambda$invokeTestInstancePostProcessors$11(ClassBasedTestDescriptor.java:378) ~[junit-jupiter-engine-5.11.4.jar:5.11.4]
	at org.junit.jupiter.engine.descriptor.ClassBasedTestDescriptor.executeAndMaskThrowable(ClassBasedTestDescriptor.java:383) ~[junit-jupiter-engine-5.11.4.jar:5.11.4]
	at org.junit.jupiter.engine.descriptor.ClassBasedTestDescriptor.lambda$invokeTestInstancePostProcessors$12(ClassBasedTestDescriptor.java:378) ~[junit-jupiter-engine-5.11.4.jar:5.11.4]
	at java.base/java.util.stream.ForEachOps$ForEachOp$OfRef.accept(ForEachOps.java:184) ~[na:na]
	at java.base/java.util.stream.ReferencePipeline$3$1.accept(ReferencePipeline.java:197) ~[na:na]
	at java.base/java.util.stream.ReferencePipeline$2$1.accept(ReferencePipeline.java:179) ~[na:na]
	at java.base/java.util.stream.ReferencePipeline$3$1.accept(ReferencePipeline.java:197) ~[na:na]
	at java.base/java.util.ArrayList$ArrayListSpliterator.forEachRemaining(ArrayList.java:1708) ~[na:na]
	at java.base/java.util.stream.AbstractPipeline.copyInto(AbstractPipeline.java:509) ~[na:na]
	at java.base/java.util.stream.AbstractPipeline.wrapAndCopyInto(AbstractPipeline.java:499) ~[na:na]
	at java.base/java.util.stream.ForEachOps$ForEachOp.evaluateSequential(ForEachOps.java:151) ~[na:na]
	at java.base/java.util.stream.ForEachOps$ForEachOp$OfRef.evaluateSequential(ForEachOps.java:174) ~[na:na]
	at java.base/java.util.stream.AbstractPipeline.evaluate(AbstractPipeline.java:234) ~[na:na]
	at java.base/java.util.stream.ReferencePipeline.forEach(ReferencePipeline.java:596) ~[na:na]
	at org.junit.jupiter.engine.descriptor.ClassBasedTestDescriptor.invokeTestInstancePostProcessors(ClassBasedTestDescriptor.java:377) ~[junit-jupiter-engine-5.11.4.jar:5.11.4]
	at org.junit.jupiter.engine.descriptor.ClassBasedTestDescriptor.lambda$instantiateAndPostProcessTestInstance$7(ClassBasedTestDescriptor.java:290) ~[junit-jupiter-engine-5.11.4.jar:5.11.4]
	at org.junit.platform.engine.support.hierarchical.ThrowableCollector.execute(ThrowableCollector.java:73) ~[junit-platform-engine-1.11.4.jar:1.11.4]
	at org.junit.jupiter.engine.descriptor.ClassBasedTestDescriptor.instantiateAndPostProcessTestInstance(ClassBasedTestDescriptor.java:289) ~[junit-jupiter-engine-5.11.4.jar:5.11.4]
	at org.junit.jupiter.engine.descriptor.ClassBasedTestDescriptor.lambda$testInstancesProvider$5(ClassBasedTestDescriptor.java:279) ~[junit-jupiter-engine-5.11.4.jar:5.11.4]
	at java.base/java.util.Optional.orElseGet(Optional.java:364) ~[na:na]
	at org.junit.jupiter.engine.descriptor.ClassBasedTestDescriptor.lambda$testInstancesProvider$6(ClassBasedTestDescriptor.java:278) ~[junit-jupiter-engine-5.11.4.jar:5.11.4]
	at org.junit.jupiter.engine.execution.TestInstancesProvider.getTestInstances(TestInstancesProvider.java:31) ~[junit-jupiter-engine-5.11.4.jar:5.11.4]
	at org.junit.jupiter.engine.descriptor.TestMethodTestDescriptor.lambda$prepare$1(TestMethodTestDescriptor.java:105) ~[junit-jupiter-engine-5.11.4.jar:5.11.4]
	at org.junit.platform.engine.support.hierarchical.ThrowableCollector.execute(ThrowableCollector.java:73) ~[junit-platform-engine-1.11.4.jar:1.11.4]
	at org.junit.jupiter.engine.descriptor.TestMethodTestDescriptor.prepare(TestMethodTestDescriptor.java:104) ~[junit-jupiter-engine-5.11.4.jar:5.11.4]
	at org.junit.jupiter.engine.descriptor.TestMethodTestDescriptor.prepare(TestMethodTestDescriptor.java:68) ~[junit-jupiter-engine-5.11.4.jar:5.11.4]
	at org.junit.platform.engine.support.hierarchical.NodeTestTask.lambda$prepare$2(NodeTestTask.java:128) ~[junit-platform-engine-1.11.4.jar:1.11.4]
	at org.junit.platform.engine.support.hierarchical.ThrowableCollector.execute(ThrowableCollector.java:73) ~[junit-platform-engine-1.11.4.jar:1.11.4]
	at org.junit.platform.engine.support.hierarchical.NodeTestTask.prepare(NodeTestTask.java:128) ~[junit-platform-engine-1.11.4.jar:1.11.4]
	at org.junit.platform.engine.support.hierarchical.NodeTestTask.execute(NodeTestTask.java:95) ~[junit-platform-engine-1.11.4.jar:1.11.4]
	at java.base/java.util.ArrayList.forEach(ArrayList.java:1596) ~[na:na]
	at org.junit.platform.engine.support.hierarchical.SameThreadHierarchicalTestExecutorService.invokeAll(SameThreadHierarchicalTestExecutorService.java:41) ~[junit-platform-engine-1.11.4.jar:1.11.4]
	at org.junit.platform.engine.support.hierarchical.NodeTestTask.lambda$executeRecursively$6(NodeTestTask.java:160) ~[junit-platform-engine-1.11.4.jar:1.11.4]
	at org.junit.platform.engine.support.hierarchical.ThrowableCollector.execute(ThrowableCollector.java:73) ~[junit-platform-engine-1.11.4.jar:1.11.4]
	at org.junit.platform.engine.support.hierarchical.NodeTestTask.lambda$executeRecursively$8(NodeTestTask.java:146) ~[junit-platform-engine-1.11.4.jar:1.11.4]
	at org.junit.platform.engine.support.hierarchical.Node.around(Node.java:137) ~[junit-platform-engine-1.11.4.jar:1.11.4]
	at org.junit.platform.engine.support.hierarchical.NodeTestTask.lambda$executeRecursively$9(NodeTestTask.java:144) ~[junit-platform-engine-1.11.4.jar:1.11.4]
	at org.junit.platform.engine.support.hierarchical.ThrowableCollector.execute(ThrowableCollector.java:73) ~[junit-platform-engine-1.11.4.jar:1.11.4]
	at org.junit.platform.engine.support.hierarchical.NodeTestTask.executeRecursively(NodeTestTask.java:143) ~[junit-platform-engine-1.11.4.jar:1.11.4]
	at org.junit.platform.engine.support.hierarchical.NodeTestTask.execute(NodeTestTask.java:100) ~[junit-platform-engine-1.11.4.jar:1.11.4]
	at java.base/java.util.ArrayList.forEach(ArrayList.java:1596) ~[na:na]
	at org.junit.platform.engine.support.hierarchical.SameThreadHierarchicalTestExecutorService.invokeAll(SameThreadHierarchicalTestExecutorService.java:41) ~[junit-platform-engine-1.11.4.jar:1.11.4]
	at org.junit.platform.engine.support.hierarchical.NodeTestTask.lambda$executeRecursively$6(NodeTestTask.java:160) ~[junit-platform-engine-1.11.4.jar:1.11.4]
	at org.junit.platform.engine.support.hierarchical.ThrowableCollector.execute(ThrowableCollector.java:73) ~[junit-platform-engine-1.11.4.jar:1.11.4]
	at org.junit.platform.engine.support.hierarchical.NodeTestTask.lambda$executeRecursively$8(NodeTestTask.java:146) ~[junit-platform-engine-1.11.4.jar:1.11.4]
	at org.junit.platform.engine.support.hierarchical.Node.around(Node.java:137) ~[junit-platform-engine-1.11.4.jar:1.11.4]
	at org.junit.platform.engine.support.hierarchical.NodeTestTask.lambda$executeRecursively$9(NodeTestTask.java:144) ~[junit-platform-engine-1.11.4.jar:1.11.4]
	at org.junit.platform.engine.support.hierarchical.ThrowableCollector.execute(ThrowableCollector.java:73) ~[junit-platform-engine-1.11.4.jar:1.11.4]
	at org.junit.platform.engine.support.hierarchical.NodeTestTask.executeRecursively(NodeTestTask.java:143) ~[junit-platform-engine-1.11.4.jar:1.11.4]
	at org.junit.platform.engine.support.hierarchical.NodeTestTask.execute(NodeTestTask.java:100) ~[junit-platform-engine-1.11.4.jar:1.11.4]
	at org.junit.platform.engine.support.hierarchical.SameThreadHierarchicalTestExecutorService.submit(SameThreadHierarchicalTestExecutorService.java:35) ~[junit-platform-engine-1.11.4.jar:1.11.4]
	at org.junit.platform.engine.support.hierarchical.HierarchicalTestExecutor.execute(HierarchicalTestExecutor.java:57) ~[junit-platform-engine-1.11.4.jar:1.11.4]
	at org.junit.platform.engine.support.hierarchical.HierarchicalTestEngine.execute(HierarchicalTestEngine.java:54) ~[junit-platform-engine-1.11.4.jar:1.11.4]
	at org.junit.platform.launcher.core.EngineExecutionOrchestrator.execute(EngineExecutionOrchestrator.java:198) ~[junit-platform-launcher-1.11.4.jar:1.11.4]
	at org.junit.platform.launcher.core.EngineExecutionOrchestrator.execute(EngineExecutionOrchestrator.java:169) ~[junit-platform-launcher-1.11.4.jar:1.11.4]
	at org.junit.platform.launcher.core.EngineExecutionOrchestrator.execute(EngineExecutionOrchestrator.java:93) ~[junit-platform-launcher-1.11.4.jar:1.11.4]
	at org.junit.platform.launcher.core.EngineExecutionOrchestrator.lambda$execute$0(EngineExecutionOrchestrator.java:58) ~[junit-platform-launcher-1.11.4.jar:1.11.4]
	at org.junit.platform.launcher.core.EngineExecutionOrchestrator.withInterceptedStreams(EngineExecutionOrchestrator.java:141) ~[junit-platform-launcher-1.11.4.jar:1.11.4]
	at org.junit.platform.launcher.core.EngineExecutionOrchestrator.execute(EngineExecutionOrchestrator.java:57) ~[junit-platform-launcher-1.11.4.jar:1.11.4]
	at org.junit.platform.launcher.core.DefaultLauncher.execute(DefaultLauncher.java:103) ~[junit-platform-launcher-1.11.4.jar:1.11.4]
	at org.junit.platform.launcher.core.DefaultLauncher.execute(DefaultLauncher.java:85) ~[junit-platform-launcher-1.11.4.jar:1.11.4]
	at org.junit.platform.launcher.core.DelegatingLauncher.execute(DelegatingLauncher.java:47) ~[junit-platform-launcher-1.11.4.jar:1.11.4]
	at org.apache.maven.surefire.junitplatform.LazyLauncher.execute(LazyLauncher.java:56) ~[surefire-junit-platform-3.5.2.jar:3.5.2]
	at org.apache.maven.surefire.junitplatform.JUnitPlatformProvider.execute(JUnitPlatformProvider.java:184) ~[surefire-junit-platform-3.5.2.jar:3.5.2]
	at org.apache.maven.surefire.junitplatform.JUnitPlatformProvider.invokeAllTests(JUnitPlatformProvider.java:148) ~[surefire-junit-platform-3.5.2.jar:3.5.2]
	at org.apache.maven.surefire.junitplatform.JUnitPlatformProvider.invoke(JUnitPlatformProvider.java:122) ~[surefire-junit-platform-3.5.2.jar:3.5.2]
	at org.apache.maven.surefire.booter.ForkedBooter.runSuitesInProcess(ForkedBooter.java:385) ~[surefire-booter-3.5.2.jar:3.5.2]
	at org.apache.maven.surefire.booter.ForkedBooter.execute(ForkedBooter.java:162) ~[surefire-booter-3.5.2.jar:3.5.2]
	at org.apache.maven.surefire.booter.ForkedBooter.run(ForkedBooter.java:507) ~[surefire-booter-3.5.2.jar:3.5.2]
	at org.apache.maven.surefire.booter.ForkedBooter.main(ForkedBooter.java:495) ~[surefire-booter-3.5.2.jar:3.5.2]
Caused by: org.springframework.beans.factory.BeanCreationException: Error creating bean with name 's3Config': Injection of autowired dependencies failed
	at org.springframework.beans.factory.annotation.AutowiredAnnotationBeanPostProcessor.postProcessProperties(AutowiredAnnotationBeanPostProcessor.java:515) ~[spring-beans-6.2.3.jar:6.2.3]
	at org.springframework.beans.factory.support.AbstractAutowireCapableBeanFactory.populateBean(AbstractAutowireCapableBeanFactory.java:1445) ~[spring-beans-6.2.3.jar:6.2.3]
	at org.springframework.beans.factory.support.AbstractAutowireCapableBeanFactory.doCreateBean(AbstractAutowireCapableBeanFactory.java:600) ~[spring-beans-6.2.3.jar:6.2.3]
	at org.springframework.beans.factory.support.AbstractAutowireCapableBeanFactory.createBean(AbstractAutowireCapableBeanFactory.java:523) ~[spring-beans-6.2.3.jar:6.2.3]
	at org.springframework.beans.factory.support.AbstractBeanFactory.lambda$doGetBean$0(AbstractBeanFactory.java:339) ~[spring-beans-6.2.3.jar:6.2.3]
	at org.springframework.beans.factory.support.DefaultSingletonBeanRegistry.getSingleton(DefaultSingletonBeanRegistry.java:346) ~[spring-beans-6.2.3.jar:6.2.3]
	at org.springframework.beans.factory.support.AbstractBeanFactory.doGetBean(AbstractBeanFactory.java:337) ~[spring-beans-6.2.3.jar:6.2.3]
	at org.springframework.beans.factory.support.AbstractBeanFactory.getBean(AbstractBeanFactory.java:202) ~[spring-beans-6.2.3.jar:6.2.3]
	at org.springframework.beans.factory.support.DefaultListableBeanFactory.instantiateSingleton(DefaultListableBeanFactory.java:1155) ~[spring-beans-6.2.3.jar:6.2.3]
	at org.springframework.beans.factory.support.DefaultListableBeanFactory.preInstantiateSingleton(DefaultListableBeanFactory.java:1121) ~[spring-beans-6.2.3.jar:6.2.3]
	at org.springframework.beans.factory.support.DefaultListableBeanFactory.preInstantiateSingletons(DefaultListableBeanFactory.java:1056) ~[spring-beans-6.2.3.jar:6.2.3]
	at org.springframework.context.support.AbstractApplicationContext.finishBeanFactoryInitialization(AbstractApplicationContext.java:987) ~[spring-context-6.2.3.jar:6.2.3]
	at org.springframework.context.support.AbstractApplicationContext.refresh(AbstractApplicationContext.java:627) ~[spring-context-6.2.3.jar:6.2.3]
	at org.springframework.boot.SpringApplication.refresh(SpringApplication.java:752) ~[spring-boot-3.4.3.jar:3.4.3]
	at org.springframework.boot.SpringApplication.refreshContext(SpringApplication.java:439) ~[spring-boot-3.4.3.jar:3.4.3]
	at org.springframework.boot.SpringApplication.run(SpringApplication.java:318) ~[spring-boot-3.4.3.jar:3.4.3]
	at org.springframework.boot.test.context.SpringBootContextLoader.lambda$loadContext$3(SpringBootContextLoader.java:137) ~[spring-boot-test-3.4.3.jar:3.4.3]
	at org.springframework.util.function.ThrowingSupplier.get(ThrowingSupplier.java:58) ~[spring-core-6.2.3.jar:6.2.3]
	at org.springframework.util.function.ThrowingSupplier.get(ThrowingSupplier.java:46) ~[spring-core-6.2.3.jar:6.2.3]
	at org.springframework.boot.SpringApplication.withHook(SpringApplication.java:1461) ~[spring-boot-3.4.3.jar:3.4.3]
	at org.springframework.boot.test.context.SpringBootContextLoader$ContextLoaderHook.run(SpringBootContextLoader.java:553) ~[spring-boot-test-3.4.3.jar:3.4.3]
	at org.springframework.boot.test.context.SpringBootContextLoader.loadContext(SpringBootContextLoader.java:137) ~[spring-boot-test-3.4.3.jar:3.4.3]
	at org.springframework.boot.test.context.SpringBootContextLoader.loadContext(SpringBootContextLoader.java:108) ~[spring-boot-test-3.4.3.jar:3.4.3]
	at org.springframework.test.context.cache.DefaultCacheAwareContextLoaderDelegate.loadContextInternal(DefaultCacheAwareContextLoaderDelegate.java:225) ~[spring-test-6.2.3.jar:6.2.3]
	at org.springframework.test.context.cache.DefaultCacheAwareContextLoaderDelegate.loadContext(DefaultCacheAwareContextLoaderDelegate.java:152) ~[spring-test-6.2.3.jar:6.2.3]
	... 75 common frames omitted
Caused by: org.springframework.util.PlaceholderResolutionException: Could not resolve placeholder 'AWS_S3_REGION' in value "${AWS_S3_REGION}"
	at org.springframework.util.PlaceholderResolutionException.withValue(PlaceholderResolutionException.java:81) ~[spring-core-6.2.3.jar:6.2.3]
	at org.springframework.util.PlaceholderParser$ParsedValue.resolve(PlaceholderParser.java:423) ~[spring-core-6.2.3.jar:6.2.3]
	at org.springframework.util.PlaceholderParser.replacePlaceholders(PlaceholderParser.java:128) ~[spring-core-6.2.3.jar:6.2.3]
	at org.springframework.util.PropertyPlaceholderHelper.parseStringValue(PropertyPlaceholderHelper.java:118) ~[spring-core-6.2.3.jar:6.2.3]
	at org.springframework.util.PropertyPlaceholderHelper.replacePlaceholders(PropertyPlaceholderHelper.java:114) ~[spring-core-6.2.3.jar:6.2.3]
	at org.springframework.core.env.AbstractPropertyResolver.doResolvePlaceholders(AbstractPropertyResolver.java:255) ~[spring-core-6.2.3.jar:6.2.3]
	at org.springframework.core.env.AbstractPropertyResolver.resolveRequiredPlaceholders(AbstractPropertyResolver.java:226) ~[spring-core-6.2.3.jar:6.2.3]
	at org.springframework.context.support.PropertySourcesPlaceholderConfigurer.lambda$processProperties$0(PropertySourcesPlaceholderConfigurer.java:201) ~[spring-context-6.2.3.jar:6.2.3]
	at org.springframework.beans.factory.support.AbstractBeanFactory.resolveEmbeddedValue(AbstractBeanFactory.java:971) ~[spring-beans-6.2.3.jar:6.2.3]
	at org.springframework.beans.factory.support.DefaultListableBeanFactory.doResolveDependency(DefaultListableBeanFactory.java:1574) ~[spring-beans-6.2.3.jar:6.2.3]
	at org.springframework.beans.factory.support.DefaultListableBeanFactory.resolveDependency(DefaultListableBeanFactory.java:1552) ~[spring-beans-6.2.3.jar:6.2.3]
	at org.springframework.beans.factory.annotation.AutowiredAnnotationBeanPostProcessor$AutowiredFieldElement.resolveFieldValue(AutowiredAnnotationBeanPostProcessor.java:785) ~[spring-beans-6.2.3.jar:6.2.3]
	at org.springframework.beans.factory.annotation.AutowiredAnnotationBeanPostProcessor$AutowiredFieldElement.inject(AutowiredAnnotationBeanPostProcessor.java:768) ~[spring-beans-6.2.3.jar:6.2.3]
	at org.springframework.beans.factory.annotation.InjectionMetadata.inject(InjectionMetadata.java:146) ~[spring-beans-6.2.3.jar:6.2.3]
	at org.springframework.beans.factory.annotation.AutowiredAnnotationBeanPostProcessor.postProcessProperties(AutowiredAnnotationBeanPostProcessor.java:509) ~[spring-beans-6.2.3.jar:6.2.3]
	... 99 common frames omitted

2026-06-15T12:15:22.229-04:00  INFO 166494 --- [core-sifa-test] [main] c.s.core_sifa.CoreSifaApplicationTests   : Starting CoreSifaApplicationTests using Java 21.0.11 with PID 166494 (started by andres-ortega in /home/andres-ortega/Escritorio/proyects/core-sifa)
2026-06-15T12:15:22.232-04:00  INFO 166494 --- [core-sifa-test] [main] c.s.core_sifa.CoreSifaApplicationTests   : The following 1 profile is active: "test"
2026-06-15T12:15:24.704-04:00  INFO 166494 --- [core-sifa-test] [main] .s.d.r.c.RepositoryConfigurationDelegate : Bootstrapping Spring Data JPA repositories in DEFAULT mode.
2026-06-15T12:15:24.884-04:00  INFO 166494 --- [core-sifa-test] [main] .s.d.r.c.RepositoryConfigurationDelegate : Finished Spring Data repository scanning in 160 ms. Found 10 JPA repository interfaces.
2026-06-15T12:15:28.575-04:00  INFO 166494 --- [core-sifa-test] [main] o.hibernate.jpa.internal.util.LogHelper  : HHH000204: Processing PersistenceUnitInfo [name: default]
2026-06-15T12:15:28.839-04:00  INFO 166494 --- [core-sifa-test] [main] org.hibernate.Version                    : HHH000412: Hibernate ORM core version 6.6.8.Final
2026-06-15T12:15:29.014-04:00  INFO 166494 --- [core-sifa-test] [main] o.h.c.internal.RegionFactoryInitiator    : HHH000026: Second-level cache disabled
2026-06-15T12:15:29.510-04:00  INFO 166494 --- [core-sifa-test] [main] o.s.o.j.p.SpringPersistenceUnitInfo      : No LoadTimeWeaver setup: ignoring JPA class transformer
2026-06-15T12:15:29.627-04:00  INFO 166494 --- [core-sifa-test] [main] com.zaxxer.hikari.HikariDataSource       : HikariPool-1 - Starting...
2026-06-15T12:15:30.520-04:00  INFO 166494 --- [core-sifa-test] [main] com.zaxxer.hikari.pool.HikariPool        : HikariPool-1 - Added connection conn0: url=jdbc:h2:mem:testdb user=SA
2026-06-15T12:15:30.527-04:00  INFO 166494 --- [core-sifa-test] [main] com.zaxxer.hikari.HikariDataSource       : HikariPool-1 - Start completed.
2026-06-15T12:15:30.630-04:00  WARN 166494 --- [core-sifa-test] [main] org.hibernate.orm.deprecation            : HHH90000025: H2Dialect does not need to be specified explicitly using 'hibernate.dialect' (remove the property setting and it will be selected by default)
2026-06-15T12:15:30.700-04:00  INFO 166494 --- [core-sifa-test] [main] org.hibernate.orm.connections.pooling    : HHH10001005: Database info:
	Database JDBC URL [Connecting through datasource 'HikariDataSource (HikariPool-1)']
	Database driver: undefined/unknown
	Database version: 2.3.232
	Autocommit mode: undefined/unknown
	Isolation level: undefined/unknown
	Minimum pool size: undefined/unknown
	Maximum pool size: undefined/unknown
2026-06-15T12:15:34.068-04:00  INFO 166494 --- [core-sifa-test] [main] o.h.e.t.j.p.i.JtaPlatformInitiator       : HHH000489: No JTA platform available (set 'hibernate.transaction.jta.platform' to enable JTA platform integration)
2026-06-15T12:15:34.242-04:00  INFO 166494 --- [core-sifa-test] [main] j.LocalContainerEntityManagerFactoryBean : Initialized JPA EntityManagerFactory for persistence unit 'default'
2026-06-15T12:15:34.979-04:00  INFO 166494 --- [core-sifa-test] [main] o.s.d.j.r.query.QueryEnhancerFactory     : Hibernate is in classpath; If applicable, HQL parser will be used.
2026-06-15T12:15:39.747-04:00  WARN 166494 --- [core-sifa-test] [main] o.s.w.c.s.GenericWebApplicationContext   : Exception encountered during context initialization - cancelling refresh attempt: org.springframework.beans.factory.UnsatisfiedDependencyException: Error creating bean with name 'infraccionController' defined in file [/home/andres-ortega/Escritorio/proyects/core-sifa/target/classes/com/sifa/core_sifa/controller/InfraccionController.class]: Unsatisfied dependency expressed through constructor parameter 0: Error creating bean with name 'infraccionServiceImpl' defined in file [/home/andres-ortega/Escritorio/proyects/core-sifa/target/classes/com/sifa/core_sifa/service/infraccion/InfraccionServiceImpl.class]: Unsatisfied dependency expressed through constructor parameter 3: No qualifying bean of type 'com.sifa.core_sifa.service.IStorageService' available: expected at least 1 bean which qualifies as autowire candidate. Dependency annotations: {}
2026-06-15T12:15:39.748-04:00  INFO 166494 --- [core-sifa-test] [main] j.LocalContainerEntityManagerFactoryBean : Closing JPA EntityManagerFactory for persistence unit 'default'
2026-06-15T12:15:39.765-04:00  INFO 166494 --- [core-sifa-test] [main] com.zaxxer.hikari.HikariDataSource       : HikariPool-1 - Shutdown initiated...
2026-06-15T12:15:39.767-04:00  INFO 166494 --- [core-sifa-test] [main] com.zaxxer.hikari.HikariDataSource       : HikariPool-1 - Shutdown completed.
2026-06-15T12:15:39.799-04:00  INFO 166494 --- [core-sifa-test] [main] .s.b.a.l.ConditionEvaluationReportLogger : 

Error starting ApplicationContext. To display the condition evaluation report re-run your application with 'debug' enabled.
2026-06-15T12:15:39.867-04:00 ERROR 166494 --- [core-sifa-test] [main] o.s.b.d.LoggingFailureAnalysisReporter   : 

***************************
APPLICATION FAILED TO START
***************************

Description:

Parameter 3 of constructor in com.sifa.core_sifa.service.infraccion.InfraccionServiceImpl required a bean of type 'com.sifa.core_sifa.service.IStorageService' that could not be found.


Action:

Consider defining a bean of type 'com.sifa.core_sifa.service.IStorageService' in your configuration.

2026-06-15T12:15:39.875-04:00  WARN 166494 --- [core-sifa-test] [main] o.s.test.context.TestContextManager      : Caught exception while allowing TestExecutionListener [org.springframework.test.context.web.ServletTestExecutionListener] to prepare test instance [com.sifa.core_sifa.CoreSifaApplicationTests@193c59c8]

java.lang.IllegalStateException: Failed to load ApplicationContext for [WebMergedContextConfiguration@45dac89b testClass = com.sifa.core_sifa.CoreSifaApplicationTests, locations = [], classes = [com.sifa.core_sifa.CoreSifaApplication], contextInitializerClasses = [], activeProfiles = ["test"], propertySourceDescriptors = [], propertySourceProperties = ["org.springframework.boot.test.context.SpringBootTestContextBootstrapper=true"], contextCustomizers = [org.springframework.boot.test.context.filter.ExcludeFilterContextCustomizer@3a91d146, org.springframework.boot.test.json.DuplicateJsonObjectContextCustomizerFactory$DuplicateJsonObjectContextCustomizer@6b587673, org.springframework.boot.test.mock.mockito.MockitoContextCustomizer@0, org.springframework.boot.test.web.client.TestRestTemplateContextCustomizer@4cafa9aa, org.springframework.boot.test.web.reactor.netty.DisableReactorResourceFactoryGlobalResourcesContextCustomizerFactory$DisableReactorResourceFactoryGlobalResourcesContextCustomizerCustomizer@68ba310d, org.springframework.boot.test.autoconfigure.OnFailureConditionReportContextCustomizerFactory$OnFailureConditionReportContextCustomizer@566d0c69, org.springframework.boot.test.autoconfigure.actuate.observability.ObservabilityContextCustomizerFactory$DisableObservabilityContextCustomizer@1f, org.springframework.boot.test.autoconfigure.properties.PropertyMappingContextCustomizer@0, org.springframework.boot.test.autoconfigure.web.servlet.WebDriverContextCustomizer@65bb9029, org.springframework.test.context.bean.override.BeanOverrideContextCustomizer@e23c69f0, org.springframework.test.context.support.DynamicPropertiesContextCustomizer@0, org.springframework.boot.test.context.SpringBootTestAnnotation@cab3f97f], resourceBasePath = "src/main/webapp", contextLoader = org.springframework.boot.test.context.SpringBootContextLoader, parent = null]
	at org.springframework.test.context.cache.DefaultCacheAwareContextLoaderDelegate.loadContext(DefaultCacheAwareContextLoaderDelegate.java:180) ~[spring-test-6.2.3.jar:6.2.3]
	at org.springframework.test.context.support.DefaultTestContext.getApplicationContext(DefaultTestContext.java:130) ~[spring-test-6.2.3.jar:6.2.3]
	at org.springframework.test.context.web.ServletTestExecutionListener.setUpRequestContextIfNecessary(ServletTestExecutionListener.java:200) ~[spring-test-6.2.3.jar:6.2.3]
	at org.springframework.test.context.web.ServletTestExecutionListener.prepareTestInstance(ServletTestExecutionListener.java:139) ~[spring-test-6.2.3.jar:6.2.3]
	at org.springframework.test.context.TestContextManager.prepareTestInstance(TestContextManager.java:260) ~[spring-test-6.2.3.jar:6.2.3]
	at org.springframework.test.context.junit.jupiter.SpringExtension.postProcessTestInstance(SpringExtension.java:160) ~[spring-test-6.2.3.jar:6.2.3]
	at org.junit.jupiter.engine.descriptor.ClassBasedTestDescriptor.lambda$invokeTestInstancePostProcessors$11(ClassBasedTestDescriptor.java:378) ~[junit-jupiter-engine-5.11.4.jar:5.11.4]
	at org.junit.jupiter.engine.descriptor.ClassBasedTestDescriptor.executeAndMaskThrowable(ClassBasedTestDescriptor.java:383) ~[junit-jupiter-engine-5.11.4.jar:5.11.4]
	at org.junit.jupiter.engine.descriptor.ClassBasedTestDescriptor.lambda$invokeTestInstancePostProcessors$12(ClassBasedTestDescriptor.java:378) ~[junit-jupiter-engine-5.11.4.jar:5.11.4]
	at java.base/java.util.stream.ForEachOps$ForEachOp$OfRef.accept(ForEachOps.java:184) ~[na:na]
	at java.base/java.util.stream.ReferencePipeline$3$1.accept(ReferencePipeline.java:197) ~[na:na]
	at java.base/java.util.stream.ReferencePipeline$2$1.accept(ReferencePipeline.java:179) ~[na:na]
	at java.base/java.util.stream.ReferencePipeline$3$1.accept(ReferencePipeline.java:197) ~[na:na]
	at java.base/java.util.ArrayList$ArrayListSpliterator.forEachRemaining(ArrayList.java:1708) ~[na:na]
	at java.base/java.util.stream.AbstractPipeline.copyInto(AbstractPipeline.java:509) ~[na:na]
	at java.base/java.util.stream.AbstractPipeline.wrapAndCopyInto(AbstractPipeline.java:499) ~[na:na]
	at java.base/java.util.stream.ForEachOps$ForEachOp.evaluateSequential(ForEachOps.java:151) ~[na:na]
	at java.base/java.util.stream.ForEachOps$ForEachOp$OfRef.evaluateSequential(ForEachOps.java:174) ~[na:na]
	at java.base/java.util.stream.AbstractPipeline.evaluate(AbstractPipeline.java:234) ~[na:na]
	at java.base/java.util.stream.ReferencePipeline.forEach(ReferencePipeline.java:596) ~[na:na]
	at org.junit.jupiter.engine.descriptor.ClassBasedTestDescriptor.invokeTestInstancePostProcessors(ClassBasedTestDescriptor.java:377) ~[junit-jupiter-engine-5.11.4.jar:5.11.4]
	at org.junit.jupiter.engine.descriptor.ClassBasedTestDescriptor.lambda$instantiateAndPostProcessTestInstance$7(ClassBasedTestDescriptor.java:290) ~[junit-jupiter-engine-5.11.4.jar:5.11.4]
	at org.junit.platform.engine.support.hierarchical.ThrowableCollector.execute(ThrowableCollector.java:73) ~[junit-platform-engine-1.11.4.jar:1.11.4]
	at org.junit.jupiter.engine.descriptor.ClassBasedTestDescriptor.instantiateAndPostProcessTestInstance(ClassBasedTestDescriptor.java:289) ~[junit-jupiter-engine-5.11.4.jar:5.11.4]
	at org.junit.jupiter.engine.descriptor.ClassBasedTestDescriptor.lambda$testInstancesProvider$5(ClassBasedTestDescriptor.java:279) ~[junit-jupiter-engine-5.11.4.jar:5.11.4]
	at java.base/java.util.Optional.orElseGet(Optional.java:364) ~[na:na]
	at org.junit.jupiter.engine.descriptor.ClassBasedTestDescriptor.lambda$testInstancesProvider$6(ClassBasedTestDescriptor.java:278) ~[junit-jupiter-engine-5.11.4.jar:5.11.4]
	at org.junit.jupiter.engine.execution.TestInstancesProvider.getTestInstances(TestInstancesProvider.java:31) ~[junit-jupiter-engine-5.11.4.jar:5.11.4]
	at org.junit.jupiter.engine.descriptor.TestMethodTestDescriptor.lambda$prepare$1(TestMethodTestDescriptor.java:105) ~[junit-jupiter-engine-5.11.4.jar:5.11.4]
	at org.junit.platform.engine.support.hierarchical.ThrowableCollector.execute(ThrowableCollector.java:73) ~[junit-platform-engine-1.11.4.jar:1.11.4]
	at org.junit.jupiter.engine.descriptor.TestMethodTestDescriptor.prepare(TestMethodTestDescriptor.java:104) ~[junit-jupiter-engine-5.11.4.jar:5.11.4]
	at org.junit.jupiter.engine.descriptor.TestMethodTestDescriptor.prepare(TestMethodTestDescriptor.java:68) ~[junit-jupiter-engine-5.11.4.jar:5.11.4]
	at org.junit.platform.engine.support.hierarchical.NodeTestTask.lambda$prepare$2(NodeTestTask.java:128) ~[junit-platform-engine-1.11.4.jar:1.11.4]
	at org.junit.platform.engine.support.hierarchical.ThrowableCollector.execute(ThrowableCollector.java:73) ~[junit-platform-engine-1.11.4.jar:1.11.4]
	at org.junit.platform.engine.support.hierarchical.NodeTestTask.prepare(NodeTestTask.java:128) ~[junit-platform-engine-1.11.4.jar:1.11.4]
	at org.junit.platform.engine.support.hierarchical.NodeTestTask.execute(NodeTestTask.java:95) ~[junit-platform-engine-1.11.4.jar:1.11.4]
	at java.base/java.util.ArrayList.forEach(ArrayList.java:1596) ~[na:na]
	at org.junit.platform.engine.support.hierarchical.SameThreadHierarchicalTestExecutorService.invokeAll(SameThreadHierarchicalTestExecutorService.java:41) ~[junit-platform-engine-1.11.4.jar:1.11.4]
	at org.junit.platform.engine.support.hierarchical.NodeTestTask.lambda$executeRecursively$6(NodeTestTask.java:160) ~[junit-platform-engine-1.11.4.jar:1.11.4]
	at org.junit.platform.engine.support.hierarchical.ThrowableCollector.execute(ThrowableCollector.java:73) ~[junit-platform-engine-1.11.4.jar:1.11.4]
	at org.junit.platform.engine.support.hierarchical.NodeTestTask.lambda$executeRecursively$8(NodeTestTask.java:146) ~[junit-platform-engine-1.11.4.jar:1.11.4]
	at org.junit.platform.engine.support.hierarchical.Node.around(Node.java:137) ~[junit-platform-engine-1.11.4.jar:1.11.4]
	at org.junit.platform.engine.support.hierarchical.NodeTestTask.lambda$executeRecursively$9(NodeTestTask.java:144) ~[junit-platform-engine-1.11.4.jar:1.11.4]
	at org.junit.platform.engine.support.hierarchical.ThrowableCollector.execute(ThrowableCollector.java:73) ~[junit-platform-engine-1.11.4.jar:1.11.4]
	at org.junit.platform.engine.support.hierarchical.NodeTestTask.executeRecursively(NodeTestTask.java:143) ~[junit-platform-engine-1.11.4.jar:1.11.4]
	at org.junit.platform.engine.support.hierarchical.NodeTestTask.execute(NodeTestTask.java:100) ~[junit-platform-engine-1.11.4.jar:1.11.4]
	at java.base/java.util.ArrayList.forEach(ArrayList.java:1596) ~[na:na]
	at org.junit.platform.engine.support.hierarchical.SameThreadHierarchicalTestExecutorService.invokeAll(SameThreadHierarchicalTestExecutorService.java:41) ~[junit-platform-engine-1.11.4.jar:1.11.4]
	at org.junit.platform.engine.support.hierarchical.NodeTestTask.lambda$executeRecursively$6(NodeTestTask.java:160) ~[junit-platform-engine-1.11.4.jar:1.11.4]
	at org.junit.platform.engine.support.hierarchical.ThrowableCollector.execute(ThrowableCollector.java:73) ~[junit-platform-engine-1.11.4.jar:1.11.4]
	at org.junit.platform.engine.support.hierarchical.NodeTestTask.lambda$executeRecursively$8(NodeTestTask.java:146) ~[junit-platform-engine-1.11.4.jar:1.11.4]
	at org.junit.platform.engine.support.hierarchical.Node.around(Node.java:137) ~[junit-platform-engine-1.11.4.jar:1.11.4]
	at org.junit.platform.engine.support.hierarchical.NodeTestTask.lambda$executeRecursively$9(NodeTestTask.java:144) ~[junit-platform-engine-1.11.4.jar:1.11.4]
	at org.junit.platform.engine.support.hierarchical.ThrowableCollector.execute(ThrowableCollector.java:73) ~[junit-platform-engine-1.11.4.jar:1.11.4]
	at org.junit.platform.engine.support.hierarchical.NodeTestTask.executeRecursively(NodeTestTask.java:143) ~[junit-platform-engine-1.11.4.jar:1.11.4]
	at org.junit.platform.engine.support.hierarchical.NodeTestTask.execute(NodeTestTask.java:100) ~[junit-platform-engine-1.11.4.jar:1.11.4]
	at org.junit.platform.engine.support.hierarchical.SameThreadHierarchicalTestExecutorService.submit(SameThreadHierarchicalTestExecutorService.java:35) ~[junit-platform-engine-1.11.4.jar:1.11.4]
	at org.junit.platform.engine.support.hierarchical.HierarchicalTestExecutor.execute(HierarchicalTestExecutor.java:57) ~[junit-platform-engine-1.11.4.jar:1.11.4]
	at org.junit.platform.engine.support.hierarchical.HierarchicalTestEngine.execute(HierarchicalTestEngine.java:54) ~[junit-platform-engine-1.11.4.jar:1.11.4]
	at org.junit.platform.launcher.core.EngineExecutionOrchestrator.execute(EngineExecutionOrchestrator.java:198) ~[junit-platform-launcher-1.11.4.jar:1.11.4]
	at org.junit.platform.launcher.core.EngineExecutionOrchestrator.execute(EngineExecutionOrchestrator.java:169) ~[junit-platform-launcher-1.11.4.jar:1.11.4]
	at org.junit.platform.launcher.core.EngineExecutionOrchestrator.execute(EngineExecutionOrchestrator.java:93) ~[junit-platform-launcher-1.11.4.jar:1.11.4]
	at org.junit.platform.launcher.core.EngineExecutionOrchestrator.lambda$execute$0(EngineExecutionOrchestrator.java:58) ~[junit-platform-launcher-1.11.4.jar:1.11.4]
	at org.junit.platform.launcher.core.EngineExecutionOrchestrator.withInterceptedStreams(EngineExecutionOrchestrator.java:141) ~[junit-platform-launcher-1.11.4.jar:1.11.4]
	at org.junit.platform.launcher.core.EngineExecutionOrchestrator.execute(EngineExecutionOrchestrator.java:57) ~[junit-platform-launcher-1.11.4.jar:1.11.4]
	at org.junit.platform.launcher.core.DefaultLauncher.execute(DefaultLauncher.java:103) ~[junit-platform-launcher-1.11.4.jar:1.11.4]
	at org.junit.platform.launcher.core.DefaultLauncher.execute(DefaultLauncher.java:85) ~[junit-platform-launcher-1.11.4.jar:1.11.4]
	at org.junit.platform.launcher.core.DelegatingLauncher.execute(DelegatingLauncher.java:47) ~[junit-platform-launcher-1.11.4.jar:1.11.4]
	at org.apache.maven.surefire.junitplatform.LazyLauncher.execute(LazyLauncher.java:56) ~[surefire-junit-platform-3.5.2.jar:3.5.2]
	at org.apache.maven.surefire.junitplatform.JUnitPlatformProvider.execute(JUnitPlatformProvider.java:184) ~[surefire-junit-platform-3.5.2.jar:3.5.2]
	at org.apache.maven.surefire.junitplatform.JUnitPlatformProvider.invokeAllTests(JUnitPlatformProvider.java:148) ~[surefire-junit-platform-3.5.2.jar:3.5.2]
	at org.apache.maven.surefire.junitplatform.JUnitPlatformProvider.invoke(JUnitPlatformProvider.java:122) ~[surefire-junit-platform-3.5.2.jar:3.5.2]
	at org.apache.maven.surefire.booter.ForkedBooter.runSuitesInProcess(ForkedBooter.java:385) ~[surefire-booter-3.5.2.jar:3.5.2]
	at org.apache.maven.surefire.booter.ForkedBooter.execute(ForkedBooter.java:162) ~[surefire-booter-3.5.2.jar:3.5.2]
	at org.apache.maven.surefire.booter.ForkedBooter.run(ForkedBooter.java:507) ~[surefire-booter-3.5.2.jar:3.5.2]
	at org.apache.maven.surefire.booter.ForkedBooter.main(ForkedBooter.java:495) ~[surefire-booter-3.5.2.jar:3.5.2]
Caused by: org.springframework.beans.factory.UnsatisfiedDependencyException: Error creating bean with name 'infraccionController' defined in file [/home/andres-ortega/Escritorio/proyects/core-sifa/target/classes/com/sifa/core_sifa/controller/InfraccionController.class]: Unsatisfied dependency expressed through constructor parameter 0: Error creating bean with name 'infraccionServiceImpl' defined in file [/home/andres-ortega/Escritorio/proyects/core-sifa/target/classes/com/sifa/core_sifa/service/infraccion/InfraccionServiceImpl.class]: Unsatisfied dependency expressed through constructor parameter 3: No qualifying bean of type 'com.sifa.core_sifa.service.IStorageService' available: expected at least 1 bean which qualifies as autowire candidate. Dependency annotations: {}
	at org.springframework.beans.factory.support.ConstructorResolver.createArgumentArray(ConstructorResolver.java:804) ~[spring-beans-6.2.3.jar:6.2.3]
	at org.springframework.beans.factory.support.ConstructorResolver.autowireConstructor(ConstructorResolver.java:240) ~[spring-beans-6.2.3.jar:6.2.3]
	at org.springframework.beans.factory.support.AbstractAutowireCapableBeanFactory.autowireConstructor(AbstractAutowireCapableBeanFactory.java:1381) ~[spring-beans-6.2.3.jar:6.2.3]
	at org.springframework.beans.factory.support.AbstractAutowireCapableBeanFactory.createBeanInstance(AbstractAutowireCapableBeanFactory.java:1218) ~[spring-beans-6.2.3.jar:6.2.3]
	at org.springframework.beans.factory.support.AbstractAutowireCapableBeanFactory.doCreateBean(AbstractAutowireCapableBeanFactory.java:563) ~[spring-beans-6.2.3.jar:6.2.3]
	at org.springframework.beans.factory.support.AbstractAutowireCapableBeanFactory.createBean(AbstractAutowireCapableBeanFactory.java:523) ~[spring-beans-6.2.3.jar:6.2.3]
	at org.springframework.beans.factory.support.AbstractBeanFactory.lambda$doGetBean$0(AbstractBeanFactory.java:339) ~[spring-beans-6.2.3.jar:6.2.3]
	at org.springframework.beans.factory.support.DefaultSingletonBeanRegistry.getSingleton(DefaultSingletonBeanRegistry.java:346) ~[spring-beans-6.2.3.jar:6.2.3]
	at org.springframework.beans.factory.support.AbstractBeanFactory.doGetBean(AbstractBeanFactory.java:337) ~[spring-beans-6.2.3.jar:6.2.3]
	at org.springframework.beans.factory.support.AbstractBeanFactory.getBean(AbstractBeanFactory.java:202) ~[spring-beans-6.2.3.jar:6.2.3]
	at org.springframework.beans.factory.support.DefaultListableBeanFactory.instantiateSingleton(DefaultListableBeanFactory.java:1155) ~[spring-beans-6.2.3.jar:6.2.3]
	at org.springframework.beans.factory.support.DefaultListableBeanFactory.preInstantiateSingleton(DefaultListableBeanFactory.java:1121) ~[spring-beans-6.2.3.jar:6.2.3]
	at org.springframework.beans.factory.support.DefaultListableBeanFactory.preInstantiateSingletons(DefaultListableBeanFactory.java:1056) ~[spring-beans-6.2.3.jar:6.2.3]
	at org.springframework.context.support.AbstractApplicationContext.finishBeanFactoryInitialization(AbstractApplicationContext.java:987) ~[spring-context-6.2.3.jar:6.2.3]
	at org.springframework.context.support.AbstractApplicationContext.refresh(AbstractApplicationContext.java:627) ~[spring-context-6.2.3.jar:6.2.3]
	at org.springframework.boot.SpringApplication.refresh(SpringApplication.java:752) ~[spring-boot-3.4.3.jar:3.4.3]
	at org.springframework.boot.SpringApplication.refreshContext(SpringApplication.java:439) ~[spring-boot-3.4.3.jar:3.4.3]
	at org.springframework.boot.SpringApplication.run(SpringApplication.java:318) ~[spring-boot-3.4.3.jar:3.4.3]
	at org.springframework.boot.test.context.SpringBootContextLoader.lambda$loadContext$3(SpringBootContextLoader.java:137) ~[spring-boot-test-3.4.3.jar:3.4.3]
	at org.springframework.util.function.ThrowingSupplier.get(ThrowingSupplier.java:58) ~[spring-core-6.2.3.jar:6.2.3]
	at org.springframework.util.function.ThrowingSupplier.get(ThrowingSupplier.java:46) ~[spring-core-6.2.3.jar:6.2.3]
	at org.springframework.boot.SpringApplication.withHook(SpringApplication.java:1461) ~[spring-boot-3.4.3.jar:3.4.3]
	at org.springframework.boot.test.context.SpringBootContextLoader$ContextLoaderHook.run(SpringBootContextLoader.java:553) ~[spring-boot-test-3.4.3.jar:3.4.3]
	at org.springframework.boot.test.context.SpringBootContextLoader.loadContext(SpringBootContextLoader.java:137) ~[spring-boot-test-3.4.3.jar:3.4.3]
	at org.springframework.boot.test.context.SpringBootContextLoader.loadContext(SpringBootContextLoader.java:108) ~[spring-boot-test-3.4.3.jar:3.4.3]
	at org.springframework.test.context.cache.DefaultCacheAwareContextLoaderDelegate.loadContextInternal(DefaultCacheAwareContextLoaderDelegate.java:225) ~[spring-test-6.2.3.jar:6.2.3]
	at org.springframework.test.context.cache.DefaultCacheAwareContextLoaderDelegate.loadContext(DefaultCacheAwareContextLoaderDelegate.java:152) ~[spring-test-6.2.3.jar:6.2.3]
	... 75 common frames omitted
Caused by: org.springframework.beans.factory.UnsatisfiedDependencyException: Error creating bean with name 'infraccionServiceImpl' defined in file [/home/andres-ortega/Escritorio/proyects/core-sifa/target/classes/com/sifa/core_sifa/service/infraccion/InfraccionServiceImpl.class]: Unsatisfied dependency expressed through constructor parameter 3: No qualifying bean of type 'com.sifa.core_sifa.service.IStorageService' available: expected at least 1 bean which qualifies as autowire candidate. Dependency annotations: {}
	at org.springframework.beans.factory.support.ConstructorResolver.createArgumentArray(ConstructorResolver.java:804) ~[spring-beans-6.2.3.jar:6.2.3]
	at org.springframework.beans.factory.support.ConstructorResolver.autowireConstructor(ConstructorResolver.java:240) ~[spring-beans-6.2.3.jar:6.2.3]
	at org.springframework.beans.factory.support.AbstractAutowireCapableBeanFactory.autowireConstructor(AbstractAutowireCapableBeanFactory.java:1381) ~[spring-beans-6.2.3.jar:6.2.3]
	at org.springframework.beans.factory.support.AbstractAutowireCapableBeanFactory.createBeanInstance(AbstractAutowireCapableBeanFactory.java:1218) ~[spring-beans-6.2.3.jar:6.2.3]
	at org.springframework.beans.factory.support.AbstractAutowireCapableBeanFactory.doCreateBean(AbstractAutowireCapableBeanFactory.java:563) ~[spring-beans-6.2.3.jar:6.2.3]
	at org.springframework.beans.factory.support.AbstractAutowireCapableBeanFactory.createBean(AbstractAutowireCapableBeanFactory.java:523) ~[spring-beans-6.2.3.jar:6.2.3]
	at org.springframework.beans.factory.support.AbstractBeanFactory.lambda$doGetBean$0(AbstractBeanFactory.java:339) ~[spring-beans-6.2.3.jar:6.2.3]
	at org.springframework.beans.factory.support.DefaultSingletonBeanRegistry.getSingleton(DefaultSingletonBeanRegistry.java:346) ~[spring-beans-6.2.3.jar:6.2.3]
	at org.springframework.beans.factory.support.AbstractBeanFactory.doGetBean(AbstractBeanFactory.java:337) ~[spring-beans-6.2.3.jar:6.2.3]
	at org.springframework.beans.factory.support.AbstractBeanFactory.getBean(AbstractBeanFactory.java:202) ~[spring-beans-6.2.3.jar:6.2.3]
	at org.springframework.beans.factory.config.DependencyDescriptor.resolveCandidate(DependencyDescriptor.java:254) ~[spring-beans-6.2.3.jar:6.2.3]
	at org.springframework.beans.factory.support.DefaultListableBeanFactory.doResolveDependency(DefaultListableBeanFactory.java:1664) ~[spring-beans-6.2.3.jar:6.2.3]
	at org.springframework.beans.factory.support.DefaultListableBeanFactory.resolveDependency(DefaultListableBeanFactory.java:1552) ~[spring-beans-6.2.3.jar:6.2.3]
	at org.springframework.beans.factory.support.ConstructorResolver.resolveAutowiredArgument(ConstructorResolver.java:913) ~[spring-beans-6.2.3.jar:6.2.3]
	at org.springframework.beans.factory.support.ConstructorResolver.createArgumentArray(ConstructorResolver.java:791) ~[spring-beans-6.2.3.jar:6.2.3]
	... 101 common frames omitted
Caused by: org.springframework.beans.factory.NoSuchBeanDefinitionException: No qualifying bean of type 'com.sifa.core_sifa.service.IStorageService' available: expected at least 1 bean which qualifies as autowire candidate. Dependency annotations: {}
	at org.springframework.beans.factory.support.DefaultListableBeanFactory.raiseNoMatchingBeanFound(DefaultListableBeanFactory.java:2177) ~[spring-beans-6.2.3.jar:6.2.3]
	at org.springframework.beans.factory.support.DefaultListableBeanFactory.doResolveDependency(DefaultListableBeanFactory.java:1627) ~[spring-beans-6.2.3.jar:6.2.3]
	at org.springframework.beans.factory.support.DefaultListableBeanFactory.resolveDependency(DefaultListableBeanFactory.java:1552) ~[spring-beans-6.2.3.jar:6.2.3]
	at org.springframework.beans.factory.support.ConstructorResolver.resolveAutowiredArgument(ConstructorResolver.java:913) ~[spring-beans-6.2.3.jar:6.2.3]
	at org.springframework.beans.factory.support.ConstructorResolver.createArgumentArray(ConstructorResolver.java:791) ~[spring-beans-6.2.3.jar:6.2.3]
	... 115 common frames omitted

2026-06-15T12:16:02.667-04:00  INFO 167344 --- [core-sifa-test] [main] c.s.core_sifa.CoreSifaApplicationTests   : Starting CoreSifaApplicationTests using Java 21.0.11 with PID 167344 (started by andres-ortega in /home/andres-ortega/Escritorio/proyects/core-sifa)
2026-06-15T12:16:02.671-04:00  INFO 167344 --- [core-sifa-test] [main] c.s.core_sifa.CoreSifaApplicationTests   : The following 1 profile is active: "test"
2026-06-15T12:16:05.494-04:00  INFO 167344 --- [core-sifa-test] [main] .s.d.r.c.RepositoryConfigurationDelegate : Bootstrapping Spring Data JPA repositories in DEFAULT mode.
2026-06-15T12:16:05.700-04:00  INFO 167344 --- [core-sifa-test] [main] .s.d.r.c.RepositoryConfigurationDelegate : Finished Spring Data repository scanning in 186 ms. Found 10 JPA repository interfaces.
2026-06-15T12:16:09.507-04:00  INFO 167344 --- [core-sifa-test] [main] o.hibernate.jpa.internal.util.LogHelper  : HHH000204: Processing PersistenceUnitInfo [name: default]
2026-06-15T12:16:09.760-04:00  INFO 167344 --- [core-sifa-test] [main] org.hibernate.Version                    : HHH000412: Hibernate ORM core version 6.6.8.Final
2026-06-15T12:16:09.941-04:00  INFO 167344 --- [core-sifa-test] [main] o.h.c.internal.RegionFactoryInitiator    : HHH000026: Second-level cache disabled
2026-06-15T12:16:10.411-04:00  INFO 167344 --- [core-sifa-test] [main] o.s.o.j.p.SpringPersistenceUnitInfo      : No LoadTimeWeaver setup: ignoring JPA class transformer
2026-06-15T12:16:10.516-04:00  INFO 167344 --- [core-sifa-test] [main] com.zaxxer.hikari.HikariDataSource       : HikariPool-1 - Starting...
2026-06-15T12:16:11.471-04:00  INFO 167344 --- [core-sifa-test] [main] com.zaxxer.hikari.pool.HikariPool        : HikariPool-1 - Added connection conn0: url=jdbc:h2:mem:testdb user=SA
2026-06-15T12:16:11.478-04:00  INFO 167344 --- [core-sifa-test] [main] com.zaxxer.hikari.HikariDataSource       : HikariPool-1 - Start completed.
2026-06-15T12:16:11.593-04:00  WARN 167344 --- [core-sifa-test] [main] org.hibernate.orm.deprecation            : HHH90000025: H2Dialect does not need to be specified explicitly using 'hibernate.dialect' (remove the property setting and it will be selected by default)
2026-06-15T12:16:11.673-04:00  INFO 167344 --- [core-sifa-test] [main] org.hibernate.orm.connections.pooling    : HHH10001005: Database info:
	Database JDBC URL [Connecting through datasource 'HikariDataSource (HikariPool-1)']
	Database driver: undefined/unknown
	Database version: 2.3.232
	Autocommit mode: undefined/unknown
	Isolation level: undefined/unknown
	Minimum pool size: undefined/unknown
	Maximum pool size: undefined/unknown
2026-06-15T12:16:14.905-04:00  INFO 167344 --- [core-sifa-test] [main] o.h.e.t.j.p.i.JtaPlatformInitiator       : HHH000489: No JTA platform available (set 'hibernate.transaction.jta.platform' to enable JTA platform integration)
2026-06-15T12:16:15.100-04:00  INFO 167344 --- [core-sifa-test] [main] j.LocalContainerEntityManagerFactoryBean : Initialized JPA EntityManagerFactory for persistence unit 'default'
2026-06-15T12:16:15.811-04:00  INFO 167344 --- [core-sifa-test] [main] o.s.d.j.r.query.QueryEnhancerFactory     : Hibernate is in classpath; If applicable, HQL parser will be used.
2026-06-15T12:16:20.539-04:00  WARN 167344 --- [core-sifa-test] [main] o.s.w.c.s.GenericWebApplicationContext   : Exception encountered during context initialization - cancelling refresh attempt: org.springframework.beans.factory.UnsatisfiedDependencyException: Error creating bean with name 'infraccionController' defined in file [/home/andres-ortega/Escritorio/proyects/core-sifa/target/classes/com/sifa/core_sifa/controller/InfraccionController.class]: Unsatisfied dependency expressed through constructor parameter 0: Error creating bean with name 'infraccionServiceImpl' defined in file [/home/andres-ortega/Escritorio/proyects/core-sifa/target/classes/com/sifa/core_sifa/service/infraccion/InfraccionServiceImpl.class]: Unsatisfied dependency expressed through constructor parameter 3: No qualifying bean of type 'com.sifa.core_sifa.service.IStorageService' available: expected at least 1 bean which qualifies as autowire candidate. Dependency annotations: {}
2026-06-15T12:16:20.540-04:00  INFO 167344 --- [core-sifa-test] [main] j.LocalContainerEntityManagerFactoryBean : Closing JPA EntityManagerFactory for persistence unit 'default'
2026-06-15T12:16:20.565-04:00  INFO 167344 --- [core-sifa-test] [main] com.zaxxer.hikari.HikariDataSource       : HikariPool-1 - Shutdown initiated...
2026-06-15T12:16:20.569-04:00  INFO 167344 --- [core-sifa-test] [main] com.zaxxer.hikari.HikariDataSource       : HikariPool-1 - Shutdown completed.
2026-06-15T12:16:20.597-04:00  INFO 167344 --- [core-sifa-test] [main] .s.b.a.l.ConditionEvaluationReportLogger : 

Error starting ApplicationContext. To display the condition evaluation report re-run your application with 'debug' enabled.
2026-06-15T12:16:20.673-04:00 ERROR 167344 --- [core-sifa-test] [main] o.s.b.d.LoggingFailureAnalysisReporter   : 

***************************
APPLICATION FAILED TO START
***************************

Description:

Parameter 3 of constructor in com.sifa.core_sifa.service.infraccion.InfraccionServiceImpl required a bean of type 'com.sifa.core_sifa.service.IStorageService' that could not be found.


Action:

Consider defining a bean of type 'com.sifa.core_sifa.service.IStorageService' in your configuration.

2026-06-15T12:16:20.680-04:00  WARN 167344 --- [core-sifa-test] [main] o.s.test.context.TestContextManager      : Caught exception while allowing TestExecutionListener [org.springframework.test.context.web.ServletTestExecutionListener] to prepare test instance [com.sifa.core_sifa.CoreSifaApplicationTests@69cbfc9c]

java.lang.IllegalStateException: Failed to load ApplicationContext for [WebMergedContextConfiguration@794165c3 testClass = com.sifa.core_sifa.CoreSifaApplicationTests, locations = [], classes = [com.sifa.core_sifa.CoreSifaApplication], contextInitializerClasses = [], activeProfiles = ["test"], propertySourceDescriptors = [], propertySourceProperties = ["org.springframework.boot.test.context.SpringBootTestContextBootstrapper=true"], contextCustomizers = [org.springframework.boot.test.context.filter.ExcludeFilterContextCustomizer@3a91d146, org.springframework.boot.test.json.DuplicateJsonObjectContextCustomizerFactory$DuplicateJsonObjectContextCustomizer@6b587673, org.springframework.boot.test.mock.mockito.MockitoContextCustomizer@0, org.springframework.boot.test.web.client.TestRestTemplateContextCustomizer@4cafa9aa, org.springframework.boot.test.web.reactor.netty.DisableReactorResourceFactoryGlobalResourcesContextCustomizerFactory$DisableReactorResourceFactoryGlobalResourcesContextCustomizerCustomizer@68ba310d, org.springframework.boot.test.autoconfigure.OnFailureConditionReportContextCustomizerFactory$OnFailureConditionReportContextCustomizer@566d0c69, org.springframework.boot.test.autoconfigure.actuate.observability.ObservabilityContextCustomizerFactory$DisableObservabilityContextCustomizer@1f, org.springframework.boot.test.autoconfigure.properties.PropertyMappingContextCustomizer@0, org.springframework.boot.test.autoconfigure.web.servlet.WebDriverContextCustomizer@65bb9029, org.springframework.test.context.bean.override.BeanOverrideContextCustomizer@e23c69f0, org.springframework.test.context.support.DynamicPropertiesContextCustomizer@0, org.springframework.boot.test.context.SpringBootTestAnnotation@cab3f97f], resourceBasePath = "src/main/webapp", contextLoader = org.springframework.boot.test.context.SpringBootContextLoader, parent = null]
	at org.springframework.test.context.cache.DefaultCacheAwareContextLoaderDelegate.loadContext(DefaultCacheAwareContextLoaderDelegate.java:180) ~[spring-test-6.2.3.jar:6.2.3]
	at org.springframework.test.context.support.DefaultTestContext.getApplicationContext(DefaultTestContext.java:130) ~[spring-test-6.2.3.jar:6.2.3]
	at org.springframework.test.context.web.ServletTestExecutionListener.setUpRequestContextIfNecessary(ServletTestExecutionListener.java:200) ~[spring-test-6.2.3.jar:6.2.3]
	at org.springframework.test.context.web.ServletTestExecutionListener.prepareTestInstance(ServletTestExecutionListener.java:139) ~[spring-test-6.2.3.jar:6.2.3]
	at org.springframework.test.context.TestContextManager.prepareTestInstance(TestContextManager.java:260) ~[spring-test-6.2.3.jar:6.2.3]
	at org.springframework.test.context.junit.jupiter.SpringExtension.postProcessTestInstance(SpringExtension.java:160) ~[spring-test-6.2.3.jar:6.2.3]
	at org.junit.jupiter.engine.descriptor.ClassBasedTestDescriptor.lambda$invokeTestInstancePostProcessors$11(ClassBasedTestDescriptor.java:378) ~[junit-jupiter-engine-5.11.4.jar:5.11.4]
	at org.junit.jupiter.engine.descriptor.ClassBasedTestDescriptor.executeAndMaskThrowable(ClassBasedTestDescriptor.java:383) ~[junit-jupiter-engine-5.11.4.jar:5.11.4]
	at org.junit.jupiter.engine.descriptor.ClassBasedTestDescriptor.lambda$invokeTestInstancePostProcessors$12(ClassBasedTestDescriptor.java:378) ~[junit-jupiter-engine-5.11.4.jar:5.11.4]
	at java.base/java.util.stream.ForEachOps$ForEachOp$OfRef.accept(ForEachOps.java:184) ~[na:na]
	at java.base/java.util.stream.ReferencePipeline$3$1.accept(ReferencePipeline.java:197) ~[na:na]
	at java.base/java.util.stream.ReferencePipeline$2$1.accept(ReferencePipeline.java:179) ~[na:na]
	at java.base/java.util.stream.ReferencePipeline$3$1.accept(ReferencePipeline.java:197) ~[na:na]
	at java.base/java.util.ArrayList$ArrayListSpliterator.forEachRemaining(ArrayList.java:1708) ~[na:na]
	at java.base/java.util.stream.AbstractPipeline.copyInto(AbstractPipeline.java:509) ~[na:na]
	at java.base/java.util.stream.AbstractPipeline.wrapAndCopyInto(AbstractPipeline.java:499) ~[na:na]
	at java.base/java.util.stream.ForEachOps$ForEachOp.evaluateSequential(ForEachOps.java:151) ~[na:na]
	at java.base/java.util.stream.ForEachOps$ForEachOp$OfRef.evaluateSequential(ForEachOps.java:174) ~[na:na]
	at java.base/java.util.stream.AbstractPipeline.evaluate(AbstractPipeline.java:234) ~[na:na]
	at java.base/java.util.stream.ReferencePipeline.forEach(ReferencePipeline.java:596) ~[na:na]
	at org.junit.jupiter.engine.descriptor.ClassBasedTestDescriptor.invokeTestInstancePostProcessors(ClassBasedTestDescriptor.java:377) ~[junit-jupiter-engine-5.11.4.jar:5.11.4]
	at org.junit.jupiter.engine.descriptor.ClassBasedTestDescriptor.lambda$instantiateAndPostProcessTestInstance$7(ClassBasedTestDescriptor.java:290) ~[junit-jupiter-engine-5.11.4.jar:5.11.4]
	at org.junit.platform.engine.support.hierarchical.ThrowableCollector.execute(ThrowableCollector.java:73) ~[junit-platform-engine-1.11.4.jar:1.11.4]
	at org.junit.jupiter.engine.descriptor.ClassBasedTestDescriptor.instantiateAndPostProcessTestInstance(ClassBasedTestDescriptor.java:289) ~[junit-jupiter-engine-5.11.4.jar:5.11.4]
	at org.junit.jupiter.engine.descriptor.ClassBasedTestDescriptor.lambda$testInstancesProvider$5(ClassBasedTestDescriptor.java:279) ~[junit-jupiter-engine-5.11.4.jar:5.11.4]
	at java.base/java.util.Optional.orElseGet(Optional.java:364) ~[na:na]
	at org.junit.jupiter.engine.descriptor.ClassBasedTestDescriptor.lambda$testInstancesProvider$6(ClassBasedTestDescriptor.java:278) ~[junit-jupiter-engine-5.11.4.jar:5.11.4]
	at org.junit.jupiter.engine.execution.TestInstancesProvider.getTestInstances(TestInstancesProvider.java:31) ~[junit-jupiter-engine-5.11.4.jar:5.11.4]
	at org.junit.jupiter.engine.descriptor.TestMethodTestDescriptor.lambda$prepare$1(TestMethodTestDescriptor.java:105) ~[junit-jupiter-engine-5.11.4.jar:5.11.4]
	at org.junit.platform.engine.support.hierarchical.ThrowableCollector.execute(ThrowableCollector.java:73) ~[junit-platform-engine-1.11.4.jar:1.11.4]
	at org.junit.jupiter.engine.descriptor.TestMethodTestDescriptor.prepare(TestMethodTestDescriptor.java:104) ~[junit-jupiter-engine-5.11.4.jar:5.11.4]
	at org.junit.jupiter.engine.descriptor.TestMethodTestDescriptor.prepare(TestMethodTestDescriptor.java:68) ~[junit-jupiter-engine-5.11.4.jar:5.11.4]
	at org.junit.platform.engine.support.hierarchical.NodeTestTask.lambda$prepare$2(NodeTestTask.java:128) ~[junit-platform-engine-1.11.4.jar:1.11.4]
	at org.junit.platform.engine.support.hierarchical.ThrowableCollector.execute(ThrowableCollector.java:73) ~[junit-platform-engine-1.11.4.jar:1.11.4]
	at org.junit.platform.engine.support.hierarchical.NodeTestTask.prepare(NodeTestTask.java:128) ~[junit-platform-engine-1.11.4.jar:1.11.4]
	at org.junit.platform.engine.support.hierarchical.NodeTestTask.execute(NodeTestTask.java:95) ~[junit-platform-engine-1.11.4.jar:1.11.4]
	at java.base/java.util.ArrayList.forEach(ArrayList.java:1596) ~[na:na]
	at org.junit.platform.engine.support.hierarchical.SameThreadHierarchicalTestExecutorService.invokeAll(SameThreadHierarchicalTestExecutorService.java:41) ~[junit-platform-engine-1.11.4.jar:1.11.4]
	at org.junit.platform.engine.support.hierarchical.NodeTestTask.lambda$executeRecursively$6(NodeTestTask.java:160) ~[junit-platform-engine-1.11.4.jar:1.11.4]
	at org.junit.platform.engine.support.hierarchical.ThrowableCollector.execute(ThrowableCollector.java:73) ~[junit-platform-engine-1.11.4.jar:1.11.4]
	at org.junit.platform.engine.support.hierarchical.NodeTestTask.lambda$executeRecursively$8(NodeTestTask.java:146) ~[junit-platform-engine-1.11.4.jar:1.11.4]
	at org.junit.platform.engine.support.hierarchical.Node.around(Node.java:137) ~[junit-platform-engine-1.11.4.jar:1.11.4]
	at org.junit.platform.engine.support.hierarchical.NodeTestTask.lambda$executeRecursively$9(NodeTestTask.java:144) ~[junit-platform-engine-1.11.4.jar:1.11.4]
	at org.junit.platform.engine.support.hierarchical.ThrowableCollector.execute(ThrowableCollector.java:73) ~[junit-platform-engine-1.11.4.jar:1.11.4]
	at org.junit.platform.engine.support.hierarchical.NodeTestTask.executeRecursively(NodeTestTask.java:143) ~[junit-platform-engine-1.11.4.jar:1.11.4]
	at org.junit.platform.engine.support.hierarchical.NodeTestTask.execute(NodeTestTask.java:100) ~[junit-platform-engine-1.11.4.jar:1.11.4]
	at java.base/java.util.ArrayList.forEach(ArrayList.java:1596) ~[na:na]
	at org.junit.platform.engine.support.hierarchical.SameThreadHierarchicalTestExecutorService.invokeAll(SameThreadHierarchicalTestExecutorService.java:41) ~[junit-platform-engine-1.11.4.jar:1.11.4]
	at org.junit.platform.engine.support.hierarchical.NodeTestTask.lambda$executeRecursively$6(NodeTestTask.java:160) ~[junit-platform-engine-1.11.4.jar:1.11.4]
	at org.junit.platform.engine.support.hierarchical.ThrowableCollector.execute(ThrowableCollector.java:73) ~[junit-platform-engine-1.11.4.jar:1.11.4]
	at org.junit.platform.engine.support.hierarchical.NodeTestTask.lambda$executeRecursively$8(NodeTestTask.java:146) ~[junit-platform-engine-1.11.4.jar:1.11.4]
	at org.junit.platform.engine.support.hierarchical.Node.around(Node.java:137) ~[junit-platform-engine-1.11.4.jar:1.11.4]
	at org.junit.platform.engine.support.hierarchical.NodeTestTask.lambda$executeRecursively$9(NodeTestTask.java:144) ~[junit-platform-engine-1.11.4.jar:1.11.4]
	at org.junit.platform.engine.support.hierarchical.ThrowableCollector.execute(ThrowableCollector.java:73) ~[junit-platform-engine-1.11.4.jar:1.11.4]
	at org.junit.platform.engine.support.hierarchical.NodeTestTask.executeRecursively(NodeTestTask.java:143) ~[junit-platform-engine-1.11.4.jar:1.11.4]
	at org.junit.platform.engine.support.hierarchical.NodeTestTask.execute(NodeTestTask.java:100) ~[junit-platform-engine-1.11.4.jar:1.11.4]
	at org.junit.platform.engine.support.hierarchical.SameThreadHierarchicalTestExecutorService.submit(SameThreadHierarchicalTestExecutorService.java:35) ~[junit-platform-engine-1.11.4.jar:1.11.4]
	at org.junit.platform.engine.support.hierarchical.HierarchicalTestExecutor.execute(HierarchicalTestExecutor.java:57) ~[junit-platform-engine-1.11.4.jar:1.11.4]
	at org.junit.platform.engine.support.hierarchical.HierarchicalTestEngine.execute(HierarchicalTestEngine.java:54) ~[junit-platform-engine-1.11.4.jar:1.11.4]
	at org.junit.platform.launcher.core.EngineExecutionOrchestrator.execute(EngineExecutionOrchestrator.java:198) ~[junit-platform-launcher-1.11.4.jar:1.11.4]
	at org.junit.platform.launcher.core.EngineExecutionOrchestrator.execute(EngineExecutionOrchestrator.java:169) ~[junit-platform-launcher-1.11.4.jar:1.11.4]
	at org.junit.platform.launcher.core.EngineExecutionOrchestrator.execute(EngineExecutionOrchestrator.java:93) ~[junit-platform-launcher-1.11.4.jar:1.11.4]
	at org.junit.platform.launcher.core.EngineExecutionOrchestrator.lambda$execute$0(EngineExecutionOrchestrator.java:58) ~[junit-platform-launcher-1.11.4.jar:1.11.4]
	at org.junit.platform.launcher.core.EngineExecutionOrchestrator.withInterceptedStreams(EngineExecutionOrchestrator.java:141) ~[junit-platform-launcher-1.11.4.jar:1.11.4]
	at org.junit.platform.launcher.core.EngineExecutionOrchestrator.execute(EngineExecutionOrchestrator.java:57) ~[junit-platform-launcher-1.11.4.jar:1.11.4]
	at org.junit.platform.launcher.core.DefaultLauncher.execute(DefaultLauncher.java:103) ~[junit-platform-launcher-1.11.4.jar:1.11.4]
	at org.junit.platform.launcher.core.DefaultLauncher.execute(DefaultLauncher.java:85) ~[junit-platform-launcher-1.11.4.jar:1.11.4]
	at org.junit.platform.launcher.core.DelegatingLauncher.execute(DelegatingLauncher.java:47) ~[junit-platform-launcher-1.11.4.jar:1.11.4]
	at org.apache.maven.surefire.junitplatform.LazyLauncher.execute(LazyLauncher.java:56) ~[surefire-junit-platform-3.5.2.jar:3.5.2]
	at org.apache.maven.surefire.junitplatform.JUnitPlatformProvider.execute(JUnitPlatformProvider.java:184) ~[surefire-junit-platform-3.5.2.jar:3.5.2]
	at org.apache.maven.surefire.junitplatform.JUnitPlatformProvider.invokeAllTests(JUnitPlatformProvider.java:148) ~[surefire-junit-platform-3.5.2.jar:3.5.2]
	at org.apache.maven.surefire.junitplatform.JUnitPlatformProvider.invoke(JUnitPlatformProvider.java:122) ~[surefire-junit-platform-3.5.2.jar:3.5.2]
	at org.apache.maven.surefire.booter.ForkedBooter.runSuitesInProcess(ForkedBooter.java:385) ~[surefire-booter-3.5.2.jar:3.5.2]
	at org.apache.maven.surefire.booter.ForkedBooter.execute(ForkedBooter.java:162) ~[surefire-booter-3.5.2.jar:3.5.2]
	at org.apache.maven.surefire.booter.ForkedBooter.run(ForkedBooter.java:507) ~[surefire-booter-3.5.2.jar:3.5.2]
	at org.apache.maven.surefire.booter.ForkedBooter.main(ForkedBooter.java:495) ~[surefire-booter-3.5.2.jar:3.5.2]
Caused by: org.springframework.beans.factory.UnsatisfiedDependencyException: Error creating bean with name 'infraccionController' defined in file [/home/andres-ortega/Escritorio/proyects/core-sifa/target/classes/com/sifa/core_sifa/controller/InfraccionController.class]: Unsatisfied dependency expressed through constructor parameter 0: Error creating bean with name 'infraccionServiceImpl' defined in file [/home/andres-ortega/Escritorio/proyects/core-sifa/target/classes/com/sifa/core_sifa/service/infraccion/InfraccionServiceImpl.class]: Unsatisfied dependency expressed through constructor parameter 3: No qualifying bean of type 'com.sifa.core_sifa.service.IStorageService' available: expected at least 1 bean which qualifies as autowire candidate. Dependency annotations: {}
	at org.springframework.beans.factory.support.ConstructorResolver.createArgumentArray(ConstructorResolver.java:804) ~[spring-beans-6.2.3.jar:6.2.3]
	at org.springframework.beans.factory.support.ConstructorResolver.autowireConstructor(ConstructorResolver.java:240) ~[spring-beans-6.2.3.jar:6.2.3]
	at org.springframework.beans.factory.support.AbstractAutowireCapableBeanFactory.autowireConstructor(AbstractAutowireCapableBeanFactory.java:1381) ~[spring-beans-6.2.3.jar:6.2.3]
	at org.springframework.beans.factory.support.AbstractAutowireCapableBeanFactory.createBeanInstance(AbstractAutowireCapableBeanFactory.java:1218) ~[spring-beans-6.2.3.jar:6.2.3]
	at org.springframework.beans.factory.support.AbstractAutowireCapableBeanFactory.doCreateBean(AbstractAutowireCapableBeanFactory.java:563) ~[spring-beans-6.2.3.jar:6.2.3]
	at org.springframework.beans.factory.support.AbstractAutowireCapableBeanFactory.createBean(AbstractAutowireCapableBeanFactory.java:523) ~[spring-beans-6.2.3.jar:6.2.3]
	at org.springframework.beans.factory.support.AbstractBeanFactory.lambda$doGetBean$0(AbstractBeanFactory.java:339) ~[spring-beans-6.2.3.jar:6.2.3]
	at org.springframework.beans.factory.support.DefaultSingletonBeanRegistry.getSingleton(DefaultSingletonBeanRegistry.java:346) ~[spring-beans-6.2.3.jar:6.2.3]
	at org.springframework.beans.factory.support.AbstractBeanFactory.doGetBean(AbstractBeanFactory.java:337) ~[spring-beans-6.2.3.jar:6.2.3]
	at org.springframework.beans.factory.support.AbstractBeanFactory.getBean(AbstractBeanFactory.java:202) ~[spring-beans-6.2.3.jar:6.2.3]
	at org.springframework.beans.factory.support.DefaultListableBeanFactory.instantiateSingleton(DefaultListableBeanFactory.java:1155) ~[spring-beans-6.2.3.jar:6.2.3]
	at org.springframework.beans.factory.support.DefaultListableBeanFactory.preInstantiateSingleton(DefaultListableBeanFactory.java:1121) ~[spring-beans-6.2.3.jar:6.2.3]
	at org.springframework.beans.factory.support.DefaultListableBeanFactory.preInstantiateSingletons(DefaultListableBeanFactory.java:1056) ~[spring-beans-6.2.3.jar:6.2.3]
	at org.springframework.context.support.AbstractApplicationContext.finishBeanFactoryInitialization(AbstractApplicationContext.java:987) ~[spring-context-6.2.3.jar:6.2.3]
	at org.springframework.context.support.AbstractApplicationContext.refresh(AbstractApplicationContext.java:627) ~[spring-context-6.2.3.jar:6.2.3]
	at org.springframework.boot.SpringApplication.refresh(SpringApplication.java:752) ~[spring-boot-3.4.3.jar:3.4.3]
	at org.springframework.boot.SpringApplication.refreshContext(SpringApplication.java:439) ~[spring-boot-3.4.3.jar:3.4.3]
	at org.springframework.boot.SpringApplication.run(SpringApplication.java:318) ~[spring-boot-3.4.3.jar:3.4.3]
	at org.springframework.boot.test.context.SpringBootContextLoader.lambda$loadContext$3(SpringBootContextLoader.java:137) ~[spring-boot-test-3.4.3.jar:3.4.3]
	at org.springframework.util.function.ThrowingSupplier.get(ThrowingSupplier.java:58) ~[spring-core-6.2.3.jar:6.2.3]
	at org.springframework.util.function.ThrowingSupplier.get(ThrowingSupplier.java:46) ~[spring-core-6.2.3.jar:6.2.3]
	at org.springframework.boot.SpringApplication.withHook(SpringApplication.java:1461) ~[spring-boot-3.4.3.jar:3.4.3]
	at org.springframework.boot.test.context.SpringBootContextLoader$ContextLoaderHook.run(SpringBootContextLoader.java:553) ~[spring-boot-test-3.4.3.jar:3.4.3]
	at org.springframework.boot.test.context.SpringBootContextLoader.loadContext(SpringBootContextLoader.java:137) ~[spring-boot-test-3.4.3.jar:3.4.3]
	at org.springframework.boot.test.context.SpringBootContextLoader.loadContext(SpringBootContextLoader.java:108) ~[spring-boot-test-3.4.3.jar:3.4.3]
	at org.springframework.test.context.cache.DefaultCacheAwareContextLoaderDelegate.loadContextInternal(DefaultCacheAwareContextLoaderDelegate.java:225) ~[spring-test-6.2.3.jar:6.2.3]
	at org.springframework.test.context.cache.DefaultCacheAwareContextLoaderDelegate.loadContext(DefaultCacheAwareContextLoaderDelegate.java:152) ~[spring-test-6.2.3.jar:6.2.3]
	... 75 common frames omitted
Caused by: org.springframework.beans.factory.UnsatisfiedDependencyException: Error creating bean with name 'infraccionServiceImpl' defined in file [/home/andres-ortega/Escritorio/proyects/core-sifa/target/classes/com/sifa/core_sifa/service/infraccion/InfraccionServiceImpl.class]: Unsatisfied dependency expressed through constructor parameter 3: No qualifying bean of type 'com.sifa.core_sifa.service.IStorageService' available: expected at least 1 bean which qualifies as autowire candidate. Dependency annotations: {}
	at org.springframework.beans.factory.support.ConstructorResolver.createArgumentArray(ConstructorResolver.java:804) ~[spring-beans-6.2.3.jar:6.2.3]
	at org.springframework.beans.factory.support.ConstructorResolver.autowireConstructor(ConstructorResolver.java:240) ~[spring-beans-6.2.3.jar:6.2.3]
	at org.springframework.beans.factory.support.AbstractAutowireCapableBeanFactory.autowireConstructor(AbstractAutowireCapableBeanFactory.java:1381) ~[spring-beans-6.2.3.jar:6.2.3]
	at org.springframework.beans.factory.support.AbstractAutowireCapableBeanFactory.createBeanInstance(AbstractAutowireCapableBeanFactory.java:1218) ~[spring-beans-6.2.3.jar:6.2.3]
	at org.springframework.beans.factory.support.AbstractAutowireCapableBeanFactory.doCreateBean(AbstractAutowireCapableBeanFactory.java:563) ~[spring-beans-6.2.3.jar:6.2.3]
	at org.springframework.beans.factory.support.AbstractAutowireCapableBeanFactory.createBean(AbstractAutowireCapableBeanFactory.java:523) ~[spring-beans-6.2.3.jar:6.2.3]
	at org.springframework.beans.factory.support.AbstractBeanFactory.lambda$doGetBean$0(AbstractBeanFactory.java:339) ~[spring-beans-6.2.3.jar:6.2.3]
	at org.springframework.beans.factory.support.DefaultSingletonBeanRegistry.getSingleton(DefaultSingletonBeanRegistry.java:346) ~[spring-beans-6.2.3.jar:6.2.3]
	at org.springframework.beans.factory.support.AbstractBeanFactory.doGetBean(AbstractBeanFactory.java:337) ~[spring-beans-6.2.3.jar:6.2.3]
	at org.springframework.beans.factory.support.AbstractBeanFactory.getBean(AbstractBeanFactory.java:202) ~[spring-beans-6.2.3.jar:6.2.3]
	at org.springframework.beans.factory.config.DependencyDescriptor.resolveCandidate(DependencyDescriptor.java:254) ~[spring-beans-6.2.3.jar:6.2.3]
	at org.springframework.beans.factory.support.DefaultListableBeanFactory.doResolveDependency(DefaultListableBeanFactory.java:1664) ~[spring-beans-6.2.3.jar:6.2.3]
	at org.springframework.beans.factory.support.DefaultListableBeanFactory.resolveDependency(DefaultListableBeanFactory.java:1552) ~[spring-beans-6.2.3.jar:6.2.3]
	at org.springframework.beans.factory.support.ConstructorResolver.resolveAutowiredArgument(ConstructorResolver.java:913) ~[spring-beans-6.2.3.jar:6.2.3]
	at org.springframework.beans.factory.support.ConstructorResolver.createArgumentArray(ConstructorResolver.java:791) ~[spring-beans-6.2.3.jar:6.2.3]
	... 101 common frames omitted
Caused by: org.springframework.beans.factory.NoSuchBeanDefinitionException: No qualifying bean of type 'com.sifa.core_sifa.service.IStorageService' available: expected at least 1 bean which qualifies as autowire candidate. Dependency annotations: {}
	at org.springframework.beans.factory.support.DefaultListableBeanFactory.raiseNoMatchingBeanFound(DefaultListableBeanFactory.java:2177) ~[spring-beans-6.2.3.jar:6.2.3]
	at org.springframework.beans.factory.support.DefaultListableBeanFactory.doResolveDependency(DefaultListableBeanFactory.java:1627) ~[spring-beans-6.2.3.jar:6.2.3]
	at org.springframework.beans.factory.support.DefaultListableBeanFactory.resolveDependency(DefaultListableBeanFactory.java:1552) ~[spring-beans-6.2.3.jar:6.2.3]
	at org.springframework.beans.factory.support.ConstructorResolver.resolveAutowiredArgument(ConstructorResolver.java:913) ~[spring-beans-6.2.3.jar:6.2.3]
	at org.springframework.beans.factory.support.ConstructorResolver.createArgumentArray(ConstructorResolver.java:791) ~[spring-beans-6.2.3.jar:6.2.3]
	... 115 common frames omitted

2026-06-15T12:16:51.792-04:00  INFO 168361 --- [core-sifa-test] [main] c.s.core_sifa.CoreSifaApplicationTests   : Starting CoreSifaApplicationTests using Java 21.0.11 with PID 168361 (started by andres-ortega in /home/andres-ortega/Escritorio/proyects/core-sifa)
2026-06-15T12:16:51.798-04:00  INFO 168361 --- [core-sifa-test] [main] c.s.core_sifa.CoreSifaApplicationTests   : The following 2 profiles are active: "test", "dev"
2026-06-15T12:16:54.616-04:00  INFO 168361 --- [core-sifa-test] [main] .s.d.r.c.RepositoryConfigurationDelegate : Bootstrapping Spring Data JPA repositories in DEFAULT mode.
2026-06-15T12:16:54.827-04:00  INFO 168361 --- [core-sifa-test] [main] .s.d.r.c.RepositoryConfigurationDelegate : Finished Spring Data repository scanning in 189 ms. Found 10 JPA repository interfaces.
2026-06-15T12:16:58.785-04:00  INFO 168361 --- [core-sifa-test] [main] o.hibernate.jpa.internal.util.LogHelper  : HHH000204: Processing PersistenceUnitInfo [name: default]
2026-06-15T12:16:59.027-04:00  INFO 168361 --- [core-sifa-test] [main] org.hibernate.Version                    : HHH000412: Hibernate ORM core version 6.6.8.Final
2026-06-15T12:16:59.180-04:00  INFO 168361 --- [core-sifa-test] [main] o.h.c.internal.RegionFactoryInitiator    : HHH000026: Second-level cache disabled
2026-06-15T12:16:59.713-04:00  INFO 168361 --- [core-sifa-test] [main] o.s.o.j.p.SpringPersistenceUnitInfo      : No LoadTimeWeaver setup: ignoring JPA class transformer
2026-06-15T12:16:59.888-04:00  INFO 168361 --- [core-sifa-test] [main] com.zaxxer.hikari.HikariDataSource       : HikariPool-1 - Starting...
2026-06-15T12:17:00.921-04:00  INFO 168361 --- [core-sifa-test] [main] com.zaxxer.hikari.pool.HikariPool        : HikariPool-1 - Added connection conn0: url=jdbc:h2:mem:testdb user=SA
2026-06-15T12:17:00.931-04:00  INFO 168361 --- [core-sifa-test] [main] com.zaxxer.hikari.HikariDataSource       : HikariPool-1 - Start completed.
2026-06-15T12:17:01.025-04:00  WARN 168361 --- [core-sifa-test] [main] org.hibernate.orm.deprecation            : HHH90000025: H2Dialect does not need to be specified explicitly using 'hibernate.dialect' (remove the property setting and it will be selected by default)
2026-06-15T12:17:01.097-04:00  INFO 168361 --- [core-sifa-test] [main] org.hibernate.orm.connections.pooling    : HHH10001005: Database info:
	Database JDBC URL [Connecting through datasource 'HikariDataSource (HikariPool-1)']
	Database driver: undefined/unknown
	Database version: 2.3.232
	Autocommit mode: undefined/unknown
	Isolation level: undefined/unknown
	Minimum pool size: undefined/unknown
	Maximum pool size: undefined/unknown
2026-06-15T12:17:04.591-04:00  INFO 168361 --- [core-sifa-test] [main] o.h.e.t.j.p.i.JtaPlatformInitiator       : HHH000489: No JTA platform available (set 'hibernate.transaction.jta.platform' to enable JTA platform integration)
2026-06-15T12:17:04.798-04:00  INFO 168361 --- [core-sifa-test] [main] j.LocalContainerEntityManagerFactoryBean : Initialized JPA EntityManagerFactory for persistence unit 'default'
2026-06-15T12:17:05.602-04:00  INFO 168361 --- [core-sifa-test] [main] o.s.d.j.r.query.QueryEnhancerFactory     : Hibernate is in classpath; If applicable, HQL parser will be used.
2026-06-15T12:17:12.795-04:00  WARN 168361 --- [core-sifa-test] [main] JpaBaseConfiguration$JpaWebConfiguration : spring.jpa.open-in-view is enabled by default. Therefore, database queries may be performed during view rendering. Explicitly configure spring.jpa.open-in-view to disable this warning
2026-06-15T12:17:12.855-04:00  WARN 168361 --- [core-sifa-test] [main] .s.s.UserDetailsServiceAutoConfiguration : 

Using generated security password: 9bc04a46-1000-481c-99c5-77a27624ebf5

This generated password is for development use only. Your security configuration must be updated before running your application in production.

2026-06-15T12:17:12.890-04:00  INFO 168361 --- [core-sifa-test] [main] r$InitializeUserDetailsManagerConfigurer : Global AuthenticationManager configured with UserDetailsService bean with name inMemoryUserDetailsManager
2026-06-15T12:17:14.559-04:00  INFO 168361 --- [core-sifa-test] [main] c.s.core_sifa.CoreSifaApplicationTests   : Started CoreSifaApplicationTests in 23.811 seconds (process running for 27.293)
2026-06-15T12:17:14.566-04:00  INFO 168361 --- [core-sifa-test] [main] c.s.c.config.DataInitializerConfig       : ========================================================
2026-06-15T12:17:14.567-04:00  INFO 168361 --- [core-sifa-test] [main] c.s.c.config.DataInitializerConfig       : Verificando e inicializando Dataset de prueba en MySQL...
2026-06-15T12:17:14.859-04:00  INFO 168361 --- [core-sifa-test] [main] c.s.c.config.DataInitializerConfig       : [+] Tipo de Infracción 'Mal Estacionado' registrado.
2026-06-15T12:17:14.918-04:00  INFO 168361 --- [core-sifa-test] [main] c.s.c.config.DataInitializerConfig       : [+] Propietario RUT 9330521-3 registrado exitosamente.
2026-06-15T12:17:14.968-04:00  INFO 168361 --- [core-sifa-test] [main] c.s.c.config.DataInitializerConfig       : [+] Vehículo patente TZPW11 (Subaru Outback) registrado y enlazado al RUT 9330521-3.
2026-06-15T12:17:14.968-04:00  INFO 168361 --- [core-sifa-test] [main] c.s.c.config.DataInitializerConfig       : Dataset inicial revisado y/o cargado correctamente.
2026-06-15T12:17:14.969-04:00  INFO 168361 --- [core-sifa-test] [main] c.s.c.config.DataInitializerConfig       : ========================================================
2026-06-15T12:17:15.429-04:00  INFO 168361 --- [core-sifa-test] [SpringApplicationShutdownHook] j.LocalContainerEntityManagerFactoryBean : Closing JPA EntityManagerFactory for persistence unit 'default'
2026-06-15T12:17:15.446-04:00  INFO 168361 --- [core-sifa-test] [SpringApplicationShutdownHook] com.zaxxer.hikari.HikariDataSource       : HikariPool-1 - Shutdown initiated...
2026-06-15T12:17:15.449-04:00  INFO 168361 --- [core-sifa-test] [SpringApplicationShutdownHook] com.zaxxer.hikari.HikariDataSource       : HikariPool-1 - Shutdown completed.
2026-06-15T12:17:30.425-04:00  INFO 169211 --- [core-sifa-test] [main] c.s.c.i.InfraccionFlowIntegrationTest    : Starting InfraccionFlowIntegrationTest using Java 21.0.11 with PID 169211 (started by andres-ortega in /home/andres-ortega/Escritorio/proyects/core-sifa)
2026-06-15T12:17:30.431-04:00  INFO 169211 --- [core-sifa-test] [main] c.s.c.i.InfraccionFlowIntegrationTest    : The following 2 profiles are active: "test", "dev"
2026-06-15T12:17:32.777-04:00  INFO 169211 --- [core-sifa-test] [main] .s.d.r.c.RepositoryConfigurationDelegate : Bootstrapping Spring Data JPA repositories in DEFAULT mode.
2026-06-15T12:17:32.957-04:00  INFO 169211 --- [core-sifa-test] [main] .s.d.r.c.RepositoryConfigurationDelegate : Finished Spring Data repository scanning in 159 ms. Found 10 JPA repository interfaces.
2026-06-15T12:17:36.626-04:00  INFO 169211 --- [core-sifa-test] [main] o.hibernate.jpa.internal.util.LogHelper  : HHH000204: Processing PersistenceUnitInfo [name: default]
2026-06-15T12:17:36.836-04:00  INFO 169211 --- [core-sifa-test] [main] org.hibernate.Version                    : HHH000412: Hibernate ORM core version 6.6.8.Final
2026-06-15T12:17:36.949-04:00  INFO 169211 --- [core-sifa-test] [main] o.h.c.internal.RegionFactoryInitiator    : HHH000026: Second-level cache disabled
2026-06-15T12:17:37.413-04:00  INFO 169211 --- [core-sifa-test] [main] o.s.o.j.p.SpringPersistenceUnitInfo      : No LoadTimeWeaver setup: ignoring JPA class transformer
2026-06-15T12:17:37.521-04:00  INFO 169211 --- [core-sifa-test] [main] com.zaxxer.hikari.HikariDataSource       : HikariPool-1 - Starting...
2026-06-15T12:17:38.404-04:00  INFO 169211 --- [core-sifa-test] [main] com.zaxxer.hikari.pool.HikariPool        : HikariPool-1 - Added connection conn0: url=jdbc:h2:mem:testdb user=SA
2026-06-15T12:17:38.412-04:00  INFO 169211 --- [core-sifa-test] [main] com.zaxxer.hikari.HikariDataSource       : HikariPool-1 - Start completed.
2026-06-15T12:17:38.497-04:00  WARN 169211 --- [core-sifa-test] [main] org.hibernate.orm.deprecation            : HHH90000025: H2Dialect does not need to be specified explicitly using 'hibernate.dialect' (remove the property setting and it will be selected by default)
2026-06-15T12:17:38.571-04:00  INFO 169211 --- [core-sifa-test] [main] org.hibernate.orm.connections.pooling    : HHH10001005: Database info:
	Database JDBC URL [Connecting through datasource 'HikariDataSource (HikariPool-1)']
	Database driver: undefined/unknown
	Database version: 2.3.232
	Autocommit mode: undefined/unknown
	Isolation level: undefined/unknown
	Minimum pool size: undefined/unknown
	Maximum pool size: undefined/unknown
2026-06-15T12:17:42.026-04:00  INFO 169211 --- [core-sifa-test] [main] o.h.e.t.j.p.i.JtaPlatformInitiator       : HHH000489: No JTA platform available (set 'hibernate.transaction.jta.platform' to enable JTA platform integration)
2026-06-15T12:17:42.208-04:00  INFO 169211 --- [core-sifa-test] [main] j.LocalContainerEntityManagerFactoryBean : Initialized JPA EntityManagerFactory for persistence unit 'default'
2026-06-15T12:17:43.007-04:00  INFO 169211 --- [core-sifa-test] [main] o.s.d.j.r.query.QueryEnhancerFactory     : Hibernate is in classpath; If applicable, HQL parser will be used.
2026-06-15T12:17:49.228-04:00  WARN 169211 --- [core-sifa-test] [main] JpaBaseConfiguration$JpaWebConfiguration : spring.jpa.open-in-view is enabled by default. Therefore, database queries may be performed during view rendering. Explicitly configure spring.jpa.open-in-view to disable this warning
2026-06-15T12:17:49.272-04:00  WARN 169211 --- [core-sifa-test] [main] .s.s.UserDetailsServiceAutoConfiguration : 

Using generated security password: 235bdc84-1d53-4a15-afcf-5c5f7258a282

This generated password is for development use only. Your security configuration must be updated before running your application in production.

2026-06-15T12:17:49.313-04:00  INFO 169211 --- [core-sifa-test] [main] r$InitializeUserDetailsManagerConfigurer : Global AuthenticationManager configured with UserDetailsService bean with name inMemoryUserDetailsManager
2026-06-15T12:17:51.015-04:00  INFO 169211 --- [core-sifa-test] [main] c.s.c.i.InfraccionFlowIntegrationTest    : Started InfraccionFlowIntegrationTest in 21.514 seconds (process running for 24.574)
2026-06-15T12:17:51.022-04:00  INFO 169211 --- [core-sifa-test] [main] c.s.c.config.DataInitializerConfig       : ========================================================
2026-06-15T12:17:51.022-04:00  INFO 169211 --- [core-sifa-test] [main] c.s.c.config.DataInitializerConfig       : Verificando e inicializando Dataset de prueba en MySQL...
2026-06-15T12:17:51.286-04:00  INFO 169211 --- [core-sifa-test] [main] c.s.c.config.DataInitializerConfig       : [+] Tipo de Infracción 'Mal Estacionado' registrado.
2026-06-15T12:17:51.344-04:00  INFO 169211 --- [core-sifa-test] [main] c.s.c.config.DataInitializerConfig       : [+] Propietario RUT 9330521-3 registrado exitosamente.
2026-06-15T12:17:51.391-04:00  INFO 169211 --- [core-sifa-test] [main] c.s.c.config.DataInitializerConfig       : [+] Vehículo patente TZPW11 (Subaru Outback) registrado y enlazado al RUT 9330521-3.
2026-06-15T12:17:51.392-04:00  INFO 169211 --- [core-sifa-test] [main] c.s.c.config.DataInitializerConfig       : Dataset inicial revisado y/o cargado correctamente.
2026-06-15T12:17:51.392-04:00  INFO 169211 --- [core-sifa-test] [main] c.s.c.config.DataInitializerConfig       : ========================================================
2026-06-15T12:17:51.543-04:00  INFO 169211 --- [core-sifa-test] [main] c.s.c.s.i.InfraccionServiceImpl          : Iniciando creación de infracción para patente: INTG11
2026-06-15T12:17:51.552-04:00  INFO 169211 --- [core-sifa-test] [main] c.s.c.s.storage.MockStorageServiceImpl   : MOCK STORAGE -> Archivo simulado: https://mock.sifa.cl/INTG11_1.jpg
2026-06-15T12:17:51.552-04:00  INFO 169211 --- [core-sifa-test] [main] c.s.c.s.storage.MockStorageServiceImpl   : MOCK STORAGE -> Archivo simulado: https://mock.sifa.cl/INTG11_2.jpg
2026-06-15T12:17:51.562-04:00  INFO 169211 --- [core-sifa-test] [main] c.s.c.s.i.InfraccionServiceImpl          : Infracción creada exitosamente con ID: 1
2026-06-15T12:17:51.562-04:00  INFO 169211 --- [core-sifa-test] [main] c.s.core_sifa.service.CitacionService    : Creando citación para la infracción ID: 1
2026-06-15T12:17:51.567-04:00  INFO 169211 --- [core-sifa-test] [main] c.s.core_sifa.service.CitacionService    : Citación ID 1 creada exitosamente
2026-06-15T12:17:51.576-04:00  INFO 169211 --- [core-sifa-test] [main] c.s.c.s.i.InfraccionServiceImpl          : [+] Citación empadronada gatillada y enlazada automáticamente en la transacción.
2026-06-15T12:17:51.710-04:00  INFO 169211 --- [core-sifa-test] [main] c.s.c.s.i.InfraccionServiceImpl          : Buscando infraccion con id: 1
2026-06-15T12:17:51.725-04:00  INFO 169211 --- [core-sifa-test] [main] c.s.c.s.i.InfraccionServiceImpl          : Administrativo JPL jpl@test.cl procesando infracción ID: 1
2026-06-15T12:17:51.729-04:00  INFO 169211 --- [core-sifa-test] [main] c.s.c.s.i.InfraccionServiceImpl          : Infracción ID: 1 procesada exitosamente con estado: APROBADA
2026-06-15T12:17:51.788-04:00  INFO 169211 --- [core-sifa-test] [main] t.c.s.AnnotationConfigContextLoaderUtils : Could not detect default configuration classes for test class [com.sifa.core_sifa.controller.TipoInfraccionControllerTest]: TipoInfraccionControllerTest does not declare any static, non-private, non-final, nested classes annotated with @Configuration.
2026-06-15T12:17:51.855-04:00  INFO 169211 --- [core-sifa-test] [main] .b.t.c.SpringBootTestContextBootstrapper : Found @SpringBootConfiguration com.sifa.core_sifa.CoreSifaApplication for test class com.sifa.core_sifa.controller.TipoInfraccionControllerTest
2026-06-15T12:17:51.936-04:00  INFO 169211 --- [core-sifa-test] [main] c.s.c.c.TipoInfraccionControllerTest     : Starting TipoInfraccionControllerTest using Java 21.0.11 with PID 169211 (started by andres-ortega in /home/andres-ortega/Escritorio/proyects/core-sifa)
2026-06-15T12:17:51.937-04:00  INFO 169211 --- [core-sifa-test] [main] c.s.c.c.TipoInfraccionControllerTest     : The following 1 profile is active: "test"
2026-06-15T12:17:52.414-04:00  WARN 169211 --- [core-sifa-test] [main] .s.s.UserDetailsServiceAutoConfiguration : 

Using generated security password: 586db267-ef2b-400b-93ce-044f6f49906e

This generated password is for development use only. Your security configuration must be updated before running your application in production.

2026-06-15T12:17:52.416-04:00  INFO 169211 --- [core-sifa-test] [main] r$InitializeUserDetailsManagerConfigurer : Global AuthenticationManager configured with UserDetailsService bean with name inMemoryUserDetailsManager
2026-06-15T12:17:52.645-04:00  INFO 169211 --- [core-sifa-test] [main] o.s.b.t.m.w.SpringBootMockServletContext : Initializing Spring TestDispatcherServlet ''
2026-06-15T12:17:52.646-04:00  INFO 169211 --- [core-sifa-test] [main] o.s.t.web.servlet.TestDispatcherServlet  : Initializing Servlet ''
2026-06-15T12:17:52.648-04:00  INFO 169211 --- [core-sifa-test] [main] o.s.t.web.servlet.TestDispatcherServlet  : Completed initialization in 1 ms
2026-06-15T12:17:52.661-04:00  INFO 169211 --- [core-sifa-test] [main] c.s.c.c.TipoInfraccionControllerTest     : Started TipoInfraccionControllerTest in 0.798 seconds (process running for 26.22)
2026-06-15T12:17:53.017-04:00  INFO 169211 --- [core-sifa-test] [main] c.s.c.c.TipoInfraccionController         : Obteniendo tipos de infracción paginados - página: 0, tamaño: 10
2026-06-15T12:17:53.024-04:00  WARN 169211 --- [core-sifa-test] [main] ration$PageModule$WarningLoggingModifier : Serializing PageImpl instances as-is is not supported, meaning that there is no guarantee about the stability of the resulting JSON structure!
	For a stable JSON structure, please use Spring Data's PagedModel (globally via @EnableSpringDataWebSupport(pageSerializationMode = VIA_DTO))
	or Spring HATEOAS and Spring Data's PagedResourcesAssembler as documented in https://docs.spring.io/spring-data/commons/reference/repositories/core-extensions.html#core.web.pageables.

2026-06-15T12:17:53.057-04:00  INFO 169211 --- [core-sifa-test] [main] c.s.c.c.TipoInfraccionController         : Eliminando (deshabilitando) tipo de infracción con id 1
2026-06-15T12:17:53.131-04:00  INFO 169211 --- [core-sifa-test] [main] c.s.c.c.TipoInfraccionController         : Creando tipo de infracción
2026-06-15T12:17:53.149-04:00  INFO 169211 --- [core-sifa-test] [main] c.s.c.c.TipoInfraccionController         : Actualizando tipo de infracción con id 1
2026-06-15T12:17:53.162-04:00  INFO 169211 --- [core-sifa-test] [main] t.c.s.AnnotationConfigContextLoaderUtils : Could not detect default configuration classes for test class [com.sifa.core_sifa.controller.CitacionControllerTest]: CitacionControllerTest does not declare any static, non-private, non-final, nested classes annotated with @Configuration.
2026-06-15T12:17:53.176-04:00  INFO 169211 --- [core-sifa-test] [main] .b.t.c.SpringBootTestContextBootstrapper : Found @SpringBootConfiguration com.sifa.core_sifa.CoreSifaApplication for test class com.sifa.core_sifa.controller.CitacionControllerTest
2026-06-15T12:17:53.213-04:00  INFO 169211 --- [core-sifa-test] [main] c.s.c.controller.CitacionControllerTest  : Starting CitacionControllerTest using Java 21.0.11 with PID 169211 (started by andres-ortega in /home/andres-ortega/Escritorio/proyects/core-sifa)
2026-06-15T12:17:53.215-04:00  INFO 169211 --- [core-sifa-test] [main] c.s.c.controller.CitacionControllerTest  : The following 1 profile is active: "test"
2026-06-15T12:17:53.689-04:00  WARN 169211 --- [core-sifa-test] [main] .s.s.UserDetailsServiceAutoConfiguration : 

Using generated security password: fce58b2b-c828-4f19-945b-d1f71d9954e9

This generated password is for development use only. Your security configuration must be updated before running your application in production.

2026-06-15T12:17:53.691-04:00  INFO 169211 --- [core-sifa-test] [main] r$InitializeUserDetailsManagerConfigurer : Global AuthenticationManager configured with UserDetailsService bean with name inMemoryUserDetailsManager
2026-06-15T12:17:53.873-04:00  INFO 169211 --- [core-sifa-test] [main] o.s.b.t.m.w.SpringBootMockServletContext : Initializing Spring TestDispatcherServlet ''
2026-06-15T12:17:53.873-04:00  INFO 169211 --- [core-sifa-test] [main] o.s.t.web.servlet.TestDispatcherServlet  : Initializing Servlet ''
2026-06-15T12:17:53.874-04:00  INFO 169211 --- [core-sifa-test] [main] o.s.t.web.servlet.TestDispatcherServlet  : Completed initialization in 1 ms
2026-06-15T12:17:53.886-04:00  INFO 169211 --- [core-sifa-test] [main] c.s.c.controller.CitacionControllerTest  : Started CitacionControllerTest in 0.705 seconds (process running for 27.446)
2026-06-15T12:17:53.925-04:00  INFO 169211 --- [core-sifa-test] [main] c.s.c.controller.CitacionController      : Petición PUT para actualizar citación ID: 1 recibida. Administrativo: jpl@test.cl
2026-06-15T12:17:53.955-04:00  INFO 169211 --- [core-sifa-test] [main] c.s.c.controller.CitacionController      : Petición GET para listar citaciones - page: 0, size: 10, startDate: null, endDate: null, search: null
2026-06-15T12:17:53.960-04:00  WARN 169211 --- [core-sifa-test] [main] ration$PageModule$WarningLoggingModifier : Serializing PageImpl instances as-is is not supported, meaning that there is no guarantee about the stability of the resulting JSON structure!
	For a stable JSON structure, please use Spring Data's PagedModel (globally via @EnableSpringDataWebSupport(pageSerializationMode = VIA_DTO))
	or Spring HATEOAS and Spring Data's PagedResourcesAssembler as documented in https://docs.spring.io/spring-data/commons/reference/repositories/core-extensions.html#core.web.pageables.

2026-06-15T12:17:54.000-04:00  INFO 169211 --- [core-sifa-test] [main] c.s.c.controller.CitacionController      : Petición GET para citación ID: 1
2026-06-15T12:17:54.016-04:00  INFO 169211 --- [core-sifa-test] [main] t.c.s.AnnotationConfigContextLoaderUtils : Could not detect default configuration classes for test class [com.sifa.core_sifa.controller.InfraccionControllerTest]: InfraccionControllerTest does not declare any static, non-private, non-final, nested classes annotated with @Configuration.
2026-06-15T12:17:54.039-04:00  INFO 169211 --- [core-sifa-test] [main] .b.t.c.SpringBootTestContextBootstrapper : Found @SpringBootConfiguration com.sifa.core_sifa.CoreSifaApplication for test class com.sifa.core_sifa.controller.InfraccionControllerTest
2026-06-15T12:17:54.088-04:00  INFO 169211 --- [core-sifa-test] [main] c.s.c.c.InfraccionControllerTest         : Starting InfraccionControllerTest using Java 21.0.11 with PID 169211 (started by andres-ortega in /home/andres-ortega/Escritorio/proyects/core-sifa)
2026-06-15T12:17:54.089-04:00  INFO 169211 --- [core-sifa-test] [main] c.s.c.c.InfraccionControllerTest         : The following 1 profile is active: "test"
2026-06-15T12:17:54.532-04:00  WARN 169211 --- [core-sifa-test] [main] .s.s.UserDetailsServiceAutoConfiguration : 

Using generated security password: 2d72596f-baf6-43fa-ae93-a9f1196a7dcd

This generated password is for development use only. Your security configuration must be updated before running your application in production.

2026-06-15T12:17:54.534-04:00  INFO 169211 --- [core-sifa-test] [main] r$InitializeUserDetailsManagerConfigurer : Global AuthenticationManager configured with UserDetailsService bean with name inMemoryUserDetailsManager
2026-06-15T12:17:54.697-04:00  INFO 169211 --- [core-sifa-test] [main] o.s.b.t.m.w.SpringBootMockServletContext : Initializing Spring TestDispatcherServlet ''
2026-06-15T12:17:54.698-04:00  INFO 169211 --- [core-sifa-test] [main] o.s.t.web.servlet.TestDispatcherServlet  : Initializing Servlet ''
2026-06-15T12:17:54.698-04:00  INFO 169211 --- [core-sifa-test] [main] o.s.t.web.servlet.TestDispatcherServlet  : Completed initialization in 0 ms
2026-06-15T12:17:54.704-04:00  INFO 169211 --- [core-sifa-test] [main] c.s.c.c.InfraccionControllerTest         : Started InfraccionControllerTest in 0.659 seconds (process running for 28.263)
2026-06-15T12:17:54.735-04:00  INFO 169211 --- [core-sifa-test] [main] c.s.c.controller.InfraccionController    : Petición PATCH recibida para actualizar estado de infracción ID: 1 a accepted
2026-06-15T12:17:54.760-04:00  INFO 169211 --- [core-sifa-test] [main] c.s.c.controller.InfraccionController    : Petición GET para estadísticas del Dashboard
2026-06-15T12:17:54.786-04:00  INFO 169211 --- [core-sifa-test] [main] c.s.c.controller.InfraccionController    : Obteniendo infracciones paginadas
2026-06-15T12:17:54.789-04:00  WARN 169211 --- [core-sifa-test] [main] ration$PageModule$WarningLoggingModifier : Serializing PageImpl instances as-is is not supported, meaning that there is no guarantee about the stability of the resulting JSON structure!
	For a stable JSON structure, please use Spring Data's PagedModel (globally via @EnableSpringDataWebSupport(pageSerializationMode = VIA_DTO))
	or Spring HATEOAS and Spring Data's PagedResourcesAssembler as documented in https://docs.spring.io/spring-data/commons/reference/repositories/core-extensions.html#core.web.pageables.

2026-06-15T12:17:54.834-04:00  INFO 169211 --- [core-sifa-test] [main] c.s.c.controller.InfraccionController    : Obteniendo infracciones paginadas
2026-06-15T12:17:54.852-04:00  INFO 169211 --- [core-sifa-test] [main] c.s.c.controller.InfraccionController    : Petición GET para reporte de productividad
2026-06-15T12:17:54.871-04:00  INFO 169211 --- [core-sifa-test] [main] c.s.c.controller.InfraccionController    : Petición para procesar infracción ID: 1 recibida. Administrativo JPL ID: jpl@test.cl
2026-06-15T12:17:54.886-04:00  INFO 169211 --- [core-sifa-test] [main] c.s.c.controller.InfraccionController    : Obteniendo resumen del reporte de infracciones
2026-06-15T12:17:54.905-04:00  INFO 169211 --- [core-sifa-test] [main] c.s.c.controller.InfraccionController    : Obteniendo infraccion con id: 1
2026-06-15T12:17:54.914-04:00  INFO 169211 --- [core-sifa-test] [main] c.s.c.controller.InfraccionController    : Obteniendo coordenadas de infracciones para el mapa de calor
2026-06-15T12:17:54.970-04:00  INFO 169211 --- [core-sifa-test] [main] c.s.c.controller.InfraccionController    : Petición de creación de infracción recibida desde el Gateway. Fiscalizador ID: fiscalizador@test.cl
2026-06-15T12:17:55.241-04:00  INFO 169211 --- [core-sifa-test] [main] c.s.c.service.TipoInfraccionServiceImpl  : Creando tipo de infracción: Nuevo Tipo
2026-06-15T12:17:55.253-04:00  INFO 169211 --- [core-sifa-test] [main] c.s.c.service.TipoInfraccionServiceImpl  : Buscando tipo de infracción con id: 1
2026-06-15T12:17:55.258-04:00  INFO 169211 --- [core-sifa-test] [main] c.s.c.service.TipoInfraccionServiceImpl  : Buscando tipo de infracción con id: 99
2026-06-15T12:17:55.266-04:00  INFO 169211 --- [core-sifa-test] [main] c.s.c.service.TipoInfraccionServiceImpl  : Deshabilitando tipo de infracción con id: 1
2026-06-15T12:17:55.282-04:00  INFO 169211 --- [core-sifa-test] [main] c.s.c.service.TipoInfraccionServiceImpl  : Deshabilitando tipo de infracción con id: 99
2026-06-15T12:17:55.287-04:00  INFO 169211 --- [core-sifa-test] [main] c.s.c.service.TipoInfraccionServiceImpl  : Actualizando tipo de infracción con id: 1
2026-06-15T12:17:55.293-04:00  INFO 169211 --- [core-sifa-test] [main] c.s.c.service.TipoInfraccionServiceImpl  : Listando todos los tipos de infracción
2026-06-15T12:17:55.298-04:00  INFO 169211 --- [core-sifa-test] [main] c.s.c.service.TipoInfraccionServiceImpl  : Listando tipos de infracción paginados - página: 0, tamaño: 10
2026-06-15T12:17:55.785-04:00  INFO 169211 --- [core-sifa-test] [main] c.s.c.s.i.InfraccionServiceImpl          : Buscando infracciones por patente: ABCD12
2026-06-15T12:17:55.790-04:00  INFO 169211 --- [core-sifa-test] [main] c.s.c.s.i.InfraccionServiceImpl          : Buscando infraccion con id: 1
2026-06-15T12:17:55.801-04:00  INFO 169211 --- [core-sifa-test] [main] c.s.c.s.i.InfraccionServiceImpl          : Administrativo JPL jpl@test.cl procesando infracción ID: 1
2026-06-15T12:17:55.807-04:00  INFO 169211 --- [core-sifa-test] [main] c.s.c.s.i.InfraccionServiceImpl          : Administrativo JPL jpl@test.cl procesando infracción ID: 1
2026-06-15T12:17:55.812-04:00  INFO 169211 --- [core-sifa-test] [main] c.s.c.s.i.InfraccionServiceImpl          : Administrativo JPL jpl@test.cl procesando infracción ID: 1
2026-06-15T12:17:55.813-04:00  INFO 169211 --- [core-sifa-test] [main] c.s.c.s.i.InfraccionServiceImpl          : Infracción ID: 1 procesada exitosamente con estado: APROBADA
2026-06-15T12:17:55.824-04:00  INFO 169211 --- [core-sifa-test] [main] c.s.c.s.i.InfraccionServiceImpl          : Generando reporte de productividad de fiscalizadores
2026-06-15T12:17:55.829-04:00  INFO 169211 --- [core-sifa-test] [main] c.s.c.s.i.InfraccionServiceImpl          : Buscando infraccion con id: 99
2026-06-15T12:17:55.836-04:00  INFO 169211 --- [core-sifa-test] [main] c.s.c.s.i.InfraccionServiceImpl          : Iniciando creación de infracción para patente: ABCD12
2026-06-15T12:17:55.857-04:00  INFO 169211 --- [core-sifa-test] [main] c.s.c.s.i.InfraccionServiceImpl          : Generando estadísticas del Dashboard
2026-06-15T12:17:55.862-04:00  INFO 169211 --- [core-sifa-test] [main] c.s.c.s.i.InfraccionServiceImpl          : Iniciando creación de infracción para patente: ABCD12
2026-06-15T12:17:55.869-04:00  INFO 169211 --- [core-sifa-test] [main] c.s.c.s.i.InfraccionServiceImpl          : Generando reporte de productividad de fiscalizadores
2026-06-15T12:17:55.961-04:00  INFO 169211 --- [core-sifa-test] [main] c.s.c.s.i.InfraccionServiceImpl          : Iniciando creación de infracción para patente: ABCD12
2026-06-15T12:17:55.962-04:00  INFO 169211 --- [core-sifa-test] [main] c.s.c.s.i.InfraccionServiceImpl          : Infracción creada exitosamente con ID: 1
2026-06-15T12:17:55.963-04:00  INFO 169211 --- [core-sifa-test] [main] c.s.c.s.i.InfraccionServiceImpl          : [+] Citación empadronada gatillada y enlazada automáticamente en la transacción.
2026-06-15T12:17:55.969-04:00  INFO 169211 --- [core-sifa-test] [main] c.s.c.s.i.InfraccionServiceImpl          : Buscando infracciones por id Fiscalizador: fiscalizador@test.cl
2026-06-15T12:17:55.974-04:00  INFO 169211 --- [core-sifa-test] [main] c.s.c.s.i.InfraccionServiceImpl          : Editando infracción ID: 1
2026-06-15T12:17:55.979-04:00  INFO 169211 --- [core-sifa-test] [main] c.s.c.s.i.InfraccionServiceImpl          : Listando todas las infracciones
2026-06-15T12:17:56.115-04:00  INFO 169211 --- [core-sifa-test] [main] c.s.c.s.FiscalizadorPresenciaService     : Recibiendo latido de presencia de: fiscalizador@test.cl
2026-06-15T12:17:56.264-04:00  INFO 169211 --- [core-sifa-test] [main] c.s.core_sifa.service.CitacionService    : Administrativo jpl@test.cl actualizando citación 1.
2026-06-15T12:17:56.265-04:00  INFO 169211 --- [core-sifa-test] [main] c.s.core_sifa.service.CitacionService    : Citacion actualizada exitosamente con ID 1
2026-06-15T12:17:56.270-04:00  INFO 169211 --- [core-sifa-test] [main] c.s.core_sifa.service.CitacionService    : Creando citación para la infracción ID: 1
2026-06-15T12:17:56.274-04:00  INFO 169211 --- [core-sifa-test] [main] c.s.core_sifa.service.CitacionService    : Buscando citación con ID: 1
2026-06-15T12:17:56.284-04:00  INFO 169211 --- [core-sifa-test] [main] c.s.core_sifa.service.CitacionService    : Administrativo jpl@test.cl actualizando citación 99.
2026-06-15T12:17:56.288-04:00  INFO 169211 --- [core-sifa-test] [main] c.s.core_sifa.service.CitacionService    : Listando citaciones con filtros - startDate: null, endDate: null, search: null
2026-06-15T12:17:56.291-04:00  INFO 169211 --- [core-sifa-test] [main] c.s.core_sifa.service.CitacionService    : Buscando citación con ID: 99
2026-06-15T12:17:56.296-04:00  INFO 169211 --- [core-sifa-test] [main] c.s.core_sifa.service.CitacionService    : Creando citación para la infracción ID: 1
2026-06-15T12:17:56.297-04:00  INFO 169211 --- [core-sifa-test] [main] c.s.core_sifa.service.CitacionService    : Citación ID 1 creada exitosamente
2026-06-15T12:17:56.303-04:00  INFO 169211 --- [core-sifa-test] [main] c.s.core_sifa.service.CitacionService    : Creando citación para la infracción ID: 99
2026-06-15T12:17:56.310-04:00  INFO 169211 --- [core-sifa-test] [main] t.c.s.AnnotationConfigContextLoaderUtils : Could not detect default configuration classes for test class [com.sifa.core_sifa.CoreSifaApplicationTests]: CoreSifaApplicationTests does not declare any static, non-private, non-final, nested classes annotated with @Configuration.
2026-06-15T12:17:56.321-04:00  INFO 169211 --- [core-sifa-test] [main] .b.t.c.SpringBootTestContextBootstrapper : Found @SpringBootConfiguration com.sifa.core_sifa.CoreSifaApplication for test class com.sifa.core_sifa.CoreSifaApplicationTests
2026-06-15T12:17:56.344-04:00  INFO 169211 --- [core-sifa-test] [main] t.c.s.AnnotationConfigContextLoaderUtils : Could not detect default configuration classes for test class [com.sifa.core_sifa.repository.IInfraccionRepositoryTest]: IInfraccionRepositoryTest does not declare any static, non-private, non-final, nested classes annotated with @Configuration.
2026-06-15T12:17:56.359-04:00  INFO 169211 --- [core-sifa-test] [main] .b.t.c.SpringBootTestContextBootstrapper : Found @SpringBootConfiguration com.sifa.core_sifa.CoreSifaApplication for test class com.sifa.core_sifa.repository.IInfraccionRepositoryTest
2026-06-15T12:17:57.152-04:00  INFO 169211 --- [core-sifa-test] [main] t.c.s.AnnotationConfigContextLoaderUtils : Could not detect default configuration classes for test class [com.sifa.core_sifa.repository.ICitacionRepositoryTest]: ICitacionRepositoryTest does not declare any static, non-private, non-final, nested classes annotated with @Configuration.
2026-06-15T12:17:57.155-04:00  INFO 169211 --- [core-sifa-test] [main] .b.t.c.SpringBootTestContextBootstrapper : Found @SpringBootConfiguration com.sifa.core_sifa.CoreSifaApplication for test class com.sifa.core_sifa.repository.ICitacionRepositoryTest
2026-06-15T12:17:57.756-04:00  INFO 169211 --- [core-sifa-test] [SpringApplicationShutdownHook] j.LocalContainerEntityManagerFactoryBean : Closing JPA EntityManagerFactory for persistence unit 'default'
2026-06-15T12:17:57.769-04:00  INFO 169211 --- [core-sifa-test] [SpringApplicationShutdownHook] com.zaxxer.hikari.HikariDataSource       : HikariPool-1 - Shutdown initiated...
2026-06-15T12:17:57.771-04:00  INFO 169211 --- [core-sifa-test] [SpringApplicationShutdownHook] com.zaxxer.hikari.HikariDataSource       : HikariPool-1 - Shutdown completed.
2026-06-15T12:18:14.421-04:00  INFO 170124 --- [core-sifa-test] [main] c.s.c.i.InfraccionFlowIntegrationTest    : Starting InfraccionFlowIntegrationTest using Java 21.0.11 with PID 170124 (started by andres-ortega in /home/andres-ortega/Escritorio/proyects/core-sifa)
2026-06-15T12:18:14.425-04:00  INFO 170124 --- [core-sifa-test] [main] c.s.c.i.InfraccionFlowIntegrationTest    : The following 2 profiles are active: "test", "dev"
2026-06-15T12:18:16.797-04:00  INFO 170124 --- [core-sifa-test] [main] .s.d.r.c.RepositoryConfigurationDelegate : Bootstrapping Spring Data JPA repositories in DEFAULT mode.
2026-06-15T12:18:16.995-04:00  INFO 170124 --- [core-sifa-test] [main] .s.d.r.c.RepositoryConfigurationDelegate : Finished Spring Data repository scanning in 176 ms. Found 10 JPA repository interfaces.
2026-06-15T12:18:20.951-04:00  INFO 170124 --- [core-sifa-test] [main] o.hibernate.jpa.internal.util.LogHelper  : HHH000204: Processing PersistenceUnitInfo [name: default]
2026-06-15T12:18:21.191-04:00  INFO 170124 --- [core-sifa-test] [main] org.hibernate.Version                    : HHH000412: Hibernate ORM core version 6.6.8.Final
2026-06-15T12:18:21.373-04:00  INFO 170124 --- [core-sifa-test] [main] o.h.c.internal.RegionFactoryInitiator    : HHH000026: Second-level cache disabled
2026-06-15T12:18:21.909-04:00  INFO 170124 --- [core-sifa-test] [main] o.s.o.j.p.SpringPersistenceUnitInfo      : No LoadTimeWeaver setup: ignoring JPA class transformer
2026-06-15T12:18:22.018-04:00  INFO 170124 --- [core-sifa-test] [main] com.zaxxer.hikari.HikariDataSource       : HikariPool-1 - Starting...
2026-06-15T12:18:23.034-04:00  INFO 170124 --- [core-sifa-test] [main] com.zaxxer.hikari.pool.HikariPool        : HikariPool-1 - Added connection conn0: url=jdbc:h2:mem:testdb user=SA
2026-06-15T12:18:23.043-04:00  INFO 170124 --- [core-sifa-test] [main] com.zaxxer.hikari.HikariDataSource       : HikariPool-1 - Start completed.
2026-06-15T12:18:23.146-04:00  WARN 170124 --- [core-sifa-test] [main] org.hibernate.orm.deprecation            : HHH90000025: H2Dialect does not need to be specified explicitly using 'hibernate.dialect' (remove the property setting and it will be selected by default)
2026-06-15T12:18:23.239-04:00  INFO 170124 --- [core-sifa-test] [main] org.hibernate.orm.connections.pooling    : HHH10001005: Database info:
	Database JDBC URL [Connecting through datasource 'HikariDataSource (HikariPool-1)']
	Database driver: undefined/unknown
	Database version: 2.3.232
	Autocommit mode: undefined/unknown
	Isolation level: undefined/unknown
	Minimum pool size: undefined/unknown
	Maximum pool size: undefined/unknown
2026-06-15T12:18:26.767-04:00  INFO 170124 --- [core-sifa-test] [main] o.h.e.t.j.p.i.JtaPlatformInitiator       : HHH000489: No JTA platform available (set 'hibernate.transaction.jta.platform' to enable JTA platform integration)
2026-06-15T12:18:26.961-04:00  INFO 170124 --- [core-sifa-test] [main] j.LocalContainerEntityManagerFactoryBean : Initialized JPA EntityManagerFactory for persistence unit 'default'
2026-06-15T12:18:27.711-04:00  INFO 170124 --- [core-sifa-test] [main] o.s.d.j.r.query.QueryEnhancerFactory     : Hibernate is in classpath; If applicable, HQL parser will be used.
2026-06-15T12:18:34.049-04:00  WARN 170124 --- [core-sifa-test] [main] JpaBaseConfiguration$JpaWebConfiguration : spring.jpa.open-in-view is enabled by default. Therefore, database queries may be performed during view rendering. Explicitly configure spring.jpa.open-in-view to disable this warning
2026-06-15T12:18:34.088-04:00  WARN 170124 --- [core-sifa-test] [main] .s.s.UserDetailsServiceAutoConfiguration : 

Using generated security password: 4099c251-7c60-4a53-87a0-ff53c06ddbb3

This generated password is for development use only. Your security configuration must be updated before running your application in production.

2026-06-15T12:18:34.121-04:00  INFO 170124 --- [core-sifa-test] [main] r$InitializeUserDetailsManagerConfigurer : Global AuthenticationManager configured with UserDetailsService bean with name inMemoryUserDetailsManager
2026-06-15T12:18:35.773-04:00  INFO 170124 --- [core-sifa-test] [main] c.s.c.i.InfraccionFlowIntegrationTest    : Started InfraccionFlowIntegrationTest in 22.419 seconds (process running for 25.454)
2026-06-15T12:18:35.778-04:00  INFO 170124 --- [core-sifa-test] [main] c.s.c.config.DataInitializerConfig       : ========================================================
2026-06-15T12:18:35.779-04:00  INFO 170124 --- [core-sifa-test] [main] c.s.c.config.DataInitializerConfig       : Verificando e inicializando Dataset de prueba en MySQL...
2026-06-15T12:18:36.072-04:00  INFO 170124 --- [core-sifa-test] [main] c.s.c.config.DataInitializerConfig       : [+] Tipo de Infracción 'Mal Estacionado' registrado.
2026-06-15T12:18:36.131-04:00  INFO 170124 --- [core-sifa-test] [main] c.s.c.config.DataInitializerConfig       : [+] Propietario RUT 9330521-3 registrado exitosamente.
2026-06-15T12:18:36.185-04:00  INFO 170124 --- [core-sifa-test] [main] c.s.c.config.DataInitializerConfig       : [+] Vehículo patente TZPW11 (Subaru Outback) registrado y enlazado al RUT 9330521-3.
2026-06-15T12:18:36.186-04:00  INFO 170124 --- [core-sifa-test] [main] c.s.c.config.DataInitializerConfig       : Dataset inicial revisado y/o cargado correctamente.
2026-06-15T12:18:36.187-04:00  INFO 170124 --- [core-sifa-test] [main] c.s.c.config.DataInitializerConfig       : ========================================================
2026-06-15T12:18:36.354-04:00  INFO 170124 --- [core-sifa-test] [main] c.s.c.s.i.InfraccionServiceImpl          : Iniciando creación de infracción para patente: INTG11
2026-06-15T12:18:36.361-04:00  INFO 170124 --- [core-sifa-test] [main] c.s.c.s.storage.MockStorageServiceImpl   : MOCK STORAGE -> Archivo simulado: https://mock.sifa.cl/INTG11_1.jpg
2026-06-15T12:18:36.361-04:00  INFO 170124 --- [core-sifa-test] [main] c.s.c.s.storage.MockStorageServiceImpl   : MOCK STORAGE -> Archivo simulado: https://mock.sifa.cl/INTG11_2.jpg
2026-06-15T12:18:36.369-04:00  INFO 170124 --- [core-sifa-test] [main] c.s.c.s.i.InfraccionServiceImpl          : Infracción creada exitosamente con ID: 1
2026-06-15T12:18:36.370-04:00  INFO 170124 --- [core-sifa-test] [main] c.s.core_sifa.service.CitacionService    : Creando citación para la infracción ID: 1
2026-06-15T12:18:36.375-04:00  INFO 170124 --- [core-sifa-test] [main] c.s.core_sifa.service.CitacionService    : Citación ID 1 creada exitosamente
2026-06-15T12:18:36.387-04:00  INFO 170124 --- [core-sifa-test] [main] c.s.c.s.i.InfraccionServiceImpl          : [+] Citación empadronada gatillada y enlazada automáticamente en la transacción.
2026-06-15T12:18:36.516-04:00  INFO 170124 --- [core-sifa-test] [main] c.s.c.s.i.InfraccionServiceImpl          : Buscando infraccion con id: 1
2026-06-15T12:18:36.530-04:00  INFO 170124 --- [core-sifa-test] [main] c.s.c.s.i.InfraccionServiceImpl          : Administrativo JPL jpl@test.cl procesando infracción ID: 1
2026-06-15T12:18:36.534-04:00  INFO 170124 --- [core-sifa-test] [main] c.s.c.s.i.InfraccionServiceImpl          : Infracción ID: 1 procesada exitosamente con estado: APROBADA
2026-06-15T12:18:36.595-04:00  INFO 170124 --- [core-sifa-test] [main] t.c.s.AnnotationConfigContextLoaderUtils : Could not detect default configuration classes for test class [com.sifa.core_sifa.controller.TipoInfraccionControllerTest]: TipoInfraccionControllerTest does not declare any static, non-private, non-final, nested classes annotated with @Configuration.
2026-06-15T12:18:36.650-04:00  INFO 170124 --- [core-sifa-test] [main] .b.t.c.SpringBootTestContextBootstrapper : Found @SpringBootConfiguration com.sifa.core_sifa.CoreSifaApplication for test class com.sifa.core_sifa.controller.TipoInfraccionControllerTest
2026-06-15T12:18:36.704-04:00  INFO 170124 --- [core-sifa-test] [main] c.s.c.c.TipoInfraccionControllerTest     : Starting TipoInfraccionControllerTest using Java 21.0.11 with PID 170124 (started by andres-ortega in /home/andres-ortega/Escritorio/proyects/core-sifa)
2026-06-15T12:18:36.705-04:00  INFO 170124 --- [core-sifa-test] [main] c.s.c.c.TipoInfraccionControllerTest     : The following 1 profile is active: "test"
2026-06-15T12:18:37.121-04:00  WARN 170124 --- [core-sifa-test] [main] .s.s.UserDetailsServiceAutoConfiguration : 

Using generated security password: c194e6b5-afa8-4975-a092-3137354c68d7

This generated password is for development use only. Your security configuration must be updated before running your application in production.

2026-06-15T12:18:37.123-04:00  INFO 170124 --- [core-sifa-test] [main] r$InitializeUserDetailsManagerConfigurer : Global AuthenticationManager configured with UserDetailsService bean with name inMemoryUserDetailsManager
2026-06-15T12:18:37.334-04:00  INFO 170124 --- [core-sifa-test] [main] o.s.b.t.m.w.SpringBootMockServletContext : Initializing Spring TestDispatcherServlet ''
2026-06-15T12:18:37.335-04:00  INFO 170124 --- [core-sifa-test] [main] o.s.t.web.servlet.TestDispatcherServlet  : Initializing Servlet ''
2026-06-15T12:18:37.337-04:00  INFO 170124 --- [core-sifa-test] [main] o.s.t.web.servlet.TestDispatcherServlet  : Completed initialization in 1 ms
2026-06-15T12:18:37.348-04:00  INFO 170124 --- [core-sifa-test] [main] c.s.c.c.TipoInfraccionControllerTest     : Started TipoInfraccionControllerTest in 0.691 seconds (process running for 27.029)
2026-06-15T12:18:37.706-04:00  INFO 170124 --- [core-sifa-test] [main] c.s.c.c.TipoInfraccionController         : Obteniendo tipos de infracción paginados - página: 0, tamaño: 10
2026-06-15T12:18:37.713-04:00  WARN 170124 --- [core-sifa-test] [main] ration$PageModule$WarningLoggingModifier : Serializing PageImpl instances as-is is not supported, meaning that there is no guarantee about the stability of the resulting JSON structure!
	For a stable JSON structure, please use Spring Data's PagedModel (globally via @EnableSpringDataWebSupport(pageSerializationMode = VIA_DTO))
	or Spring HATEOAS and Spring Data's PagedResourcesAssembler as documented in https://docs.spring.io/spring-data/commons/reference/repositories/core-extensions.html#core.web.pageables.

2026-06-15T12:18:37.739-04:00  INFO 170124 --- [core-sifa-test] [main] c.s.c.c.TipoInfraccionController         : Eliminando (deshabilitando) tipo de infracción con id 1
2026-06-15T12:18:37.820-04:00  INFO 170124 --- [core-sifa-test] [main] c.s.c.c.TipoInfraccionController         : Creando tipo de infracción
2026-06-15T12:18:37.838-04:00  INFO 170124 --- [core-sifa-test] [main] c.s.c.c.TipoInfraccionController         : Actualizando tipo de infracción con id 1
2026-06-15T12:18:37.850-04:00  INFO 170124 --- [core-sifa-test] [main] t.c.s.AnnotationConfigContextLoaderUtils : Could not detect default configuration classes for test class [com.sifa.core_sifa.controller.CitacionControllerTest]: CitacionControllerTest does not declare any static, non-private, non-final, nested classes annotated with @Configuration.
2026-06-15T12:18:37.862-04:00  INFO 170124 --- [core-sifa-test] [main] .b.t.c.SpringBootTestContextBootstrapper : Found @SpringBootConfiguration com.sifa.core_sifa.CoreSifaApplication for test class com.sifa.core_sifa.controller.CitacionControllerTest
2026-06-15T12:18:37.899-04:00  INFO 170124 --- [core-sifa-test] [main] c.s.c.controller.CitacionControllerTest  : Starting CitacionControllerTest using Java 21.0.11 with PID 170124 (started by andres-ortega in /home/andres-ortega/Escritorio/proyects/core-sifa)
2026-06-15T12:18:37.899-04:00  INFO 170124 --- [core-sifa-test] [main] c.s.c.controller.CitacionControllerTest  : The following 1 profile is active: "test"
2026-06-15T12:18:38.228-04:00  WARN 170124 --- [core-sifa-test] [main] .s.s.UserDetailsServiceAutoConfiguration : 

Using generated security password: d9ba67a5-fe21-4ed5-ba38-1a8812da4dd7

This generated password is for development use only. Your security configuration must be updated before running your application in production.

2026-06-15T12:18:38.230-04:00  INFO 170124 --- [core-sifa-test] [main] r$InitializeUserDetailsManagerConfigurer : Global AuthenticationManager configured with UserDetailsService bean with name inMemoryUserDetailsManager
2026-06-15T12:18:38.352-04:00  INFO 170124 --- [core-sifa-test] [main] o.s.b.t.m.w.SpringBootMockServletContext : Initializing Spring TestDispatcherServlet ''
2026-06-15T12:18:38.352-04:00  INFO 170124 --- [core-sifa-test] [main] o.s.t.web.servlet.TestDispatcherServlet  : Initializing Servlet ''
2026-06-15T12:18:38.353-04:00  INFO 170124 --- [core-sifa-test] [main] o.s.t.web.servlet.TestDispatcherServlet  : Completed initialization in 1 ms
2026-06-15T12:18:38.359-04:00  INFO 170124 --- [core-sifa-test] [main] c.s.c.controller.CitacionControllerTest  : Started CitacionControllerTest in 0.493 seconds (process running for 28.04)
2026-06-15T12:18:38.386-04:00  INFO 170124 --- [core-sifa-test] [main] c.s.c.controller.CitacionController      : Petición PUT para actualizar citación ID: 1 recibida. Administrativo: jpl@test.cl
2026-06-15T12:18:38.408-04:00  INFO 170124 --- [core-sifa-test] [main] c.s.c.controller.CitacionController      : Petición GET para listar citaciones - page: 0, size: 10, startDate: null, endDate: null, search: null
2026-06-15T12:18:38.412-04:00  WARN 170124 --- [core-sifa-test] [main] ration$PageModule$WarningLoggingModifier : Serializing PageImpl instances as-is is not supported, meaning that there is no guarantee about the stability of the resulting JSON structure!
	For a stable JSON structure, please use Spring Data's PagedModel (globally via @EnableSpringDataWebSupport(pageSerializationMode = VIA_DTO))
	or Spring HATEOAS and Spring Data's PagedResourcesAssembler as documented in https://docs.spring.io/spring-data/commons/reference/repositories/core-extensions.html#core.web.pageables.

2026-06-15T12:18:38.441-04:00  INFO 170124 --- [core-sifa-test] [main] c.s.c.controller.CitacionController      : Petición GET para citación ID: 1
2026-06-15T12:18:38.451-04:00  INFO 170124 --- [core-sifa-test] [main] t.c.s.AnnotationConfigContextLoaderUtils : Could not detect default configuration classes for test class [com.sifa.core_sifa.controller.InfraccionControllerTest]: InfraccionControllerTest does not declare any static, non-private, non-final, nested classes annotated with @Configuration.
2026-06-15T12:18:38.470-04:00  INFO 170124 --- [core-sifa-test] [main] .b.t.c.SpringBootTestContextBootstrapper : Found @SpringBootConfiguration com.sifa.core_sifa.CoreSifaApplication for test class com.sifa.core_sifa.controller.InfraccionControllerTest
2026-06-15T12:18:38.503-04:00  INFO 170124 --- [core-sifa-test] [main] c.s.c.c.InfraccionControllerTest         : Starting InfraccionControllerTest using Java 21.0.11 with PID 170124 (started by andres-ortega in /home/andres-ortega/Escritorio/proyects/core-sifa)
2026-06-15T12:18:38.503-04:00  INFO 170124 --- [core-sifa-test] [main] c.s.c.c.InfraccionControllerTest         : The following 1 profile is active: "test"
2026-06-15T12:18:38.931-04:00  WARN 170124 --- [core-sifa-test] [main] .s.s.UserDetailsServiceAutoConfiguration : 

Using generated security password: a4519878-a1a2-44f5-b5ab-60945806eba2

This generated password is for development use only. Your security configuration must be updated before running your application in production.

2026-06-15T12:18:38.933-04:00  INFO 170124 --- [core-sifa-test] [main] r$InitializeUserDetailsManagerConfigurer : Global AuthenticationManager configured with UserDetailsService bean with name inMemoryUserDetailsManager
2026-06-15T12:18:39.078-04:00  INFO 170124 --- [core-sifa-test] [main] o.s.b.t.m.w.SpringBootMockServletContext : Initializing Spring TestDispatcherServlet ''
2026-06-15T12:18:39.079-04:00  INFO 170124 --- [core-sifa-test] [main] o.s.t.web.servlet.TestDispatcherServlet  : Initializing Servlet ''
2026-06-15T12:18:39.079-04:00  INFO 170124 --- [core-sifa-test] [main] o.s.t.web.servlet.TestDispatcherServlet  : Completed initialization in 0 ms
2026-06-15T12:18:39.086-04:00  INFO 170124 --- [core-sifa-test] [main] c.s.c.c.InfraccionControllerTest         : Started InfraccionControllerTest in 0.611 seconds (process running for 28.767)
2026-06-15T12:18:39.117-04:00  INFO 170124 --- [core-sifa-test] [main] c.s.c.controller.InfraccionController    : Petición PATCH recibida para actualizar estado de infracción ID: 1 a accepted
2026-06-15T12:18:39.140-04:00  INFO 170124 --- [core-sifa-test] [main] c.s.c.controller.InfraccionController    : Petición GET para estadísticas del Dashboard
2026-06-15T12:18:39.163-04:00  INFO 170124 --- [core-sifa-test] [main] c.s.c.controller.InfraccionController    : Obteniendo infracciones paginadas
2026-06-15T12:18:39.166-04:00  WARN 170124 --- [core-sifa-test] [main] ration$PageModule$WarningLoggingModifier : Serializing PageImpl instances as-is is not supported, meaning that there is no guarantee about the stability of the resulting JSON structure!
	For a stable JSON structure, please use Spring Data's PagedModel (globally via @EnableSpringDataWebSupport(pageSerializationMode = VIA_DTO))
	or Spring HATEOAS and Spring Data's PagedResourcesAssembler as documented in https://docs.spring.io/spring-data/commons/reference/repositories/core-extensions.html#core.web.pageables.

2026-06-15T12:18:39.192-04:00  INFO 170124 --- [core-sifa-test] [main] c.s.c.controller.InfraccionController    : Obteniendo infracciones paginadas
2026-06-15T12:18:39.212-04:00  INFO 170124 --- [core-sifa-test] [main] c.s.c.controller.InfraccionController    : Petición GET para reporte de productividad
2026-06-15T12:18:39.238-04:00  INFO 170124 --- [core-sifa-test] [main] c.s.c.controller.InfraccionController    : Petición para procesar infracción ID: 1 recibida. Administrativo JPL ID: jpl@test.cl
2026-06-15T12:18:39.252-04:00  INFO 170124 --- [core-sifa-test] [main] c.s.c.controller.InfraccionController    : Obteniendo resumen del reporte de infracciones
2026-06-15T12:18:39.269-04:00  INFO 170124 --- [core-sifa-test] [main] c.s.c.controller.InfraccionController    : Obteniendo infraccion con id: 1
2026-06-15T12:18:39.280-04:00  INFO 170124 --- [core-sifa-test] [main] c.s.c.controller.InfraccionController    : Obteniendo coordenadas de infracciones para el mapa de calor
2026-06-15T12:18:39.334-04:00  INFO 170124 --- [core-sifa-test] [main] c.s.c.controller.InfraccionController    : Petición de creación de infracción recibida desde el Gateway. Fiscalizador ID: fiscalizador@test.cl
2026-06-15T12:18:39.578-04:00  INFO 170124 --- [core-sifa-test] [main] c.s.c.service.TipoInfraccionServiceImpl  : Creando tipo de infracción: Nuevo Tipo
2026-06-15T12:18:39.592-04:00  INFO 170124 --- [core-sifa-test] [main] c.s.c.service.TipoInfraccionServiceImpl  : Buscando tipo de infracción con id: 1
2026-06-15T12:18:39.598-04:00  INFO 170124 --- [core-sifa-test] [main] c.s.c.service.TipoInfraccionServiceImpl  : Buscando tipo de infracción con id: 99
2026-06-15T12:18:39.606-04:00  INFO 170124 --- [core-sifa-test] [main] c.s.c.service.TipoInfraccionServiceImpl  : Deshabilitando tipo de infracción con id: 1
2026-06-15T12:18:39.622-04:00  INFO 170124 --- [core-sifa-test] [main] c.s.c.service.TipoInfraccionServiceImpl  : Deshabilitando tipo de infracción con id: 99
2026-06-15T12:18:39.629-04:00  INFO 170124 --- [core-sifa-test] [main] c.s.c.service.TipoInfraccionServiceImpl  : Actualizando tipo de infracción con id: 1
2026-06-15T12:18:39.634-04:00  INFO 170124 --- [core-sifa-test] [main] c.s.c.service.TipoInfraccionServiceImpl  : Listando todos los tipos de infracción
2026-06-15T12:18:39.639-04:00  INFO 170124 --- [core-sifa-test] [main] c.s.c.service.TipoInfraccionServiceImpl  : Listando tipos de infracción paginados - página: 0, tamaño: 10
2026-06-15T12:18:40.164-04:00  INFO 170124 --- [core-sifa-test] [main] c.s.c.s.i.InfraccionServiceImpl          : Buscando infracciones por patente: ABCD12
2026-06-15T12:18:40.168-04:00  INFO 170124 --- [core-sifa-test] [main] c.s.c.s.i.InfraccionServiceImpl          : Buscando infraccion con id: 1
2026-06-15T12:18:40.176-04:00  INFO 170124 --- [core-sifa-test] [main] c.s.c.s.i.InfraccionServiceImpl          : Administrativo JPL jpl@test.cl procesando infracción ID: 1
2026-06-15T12:18:40.180-04:00  INFO 170124 --- [core-sifa-test] [main] c.s.c.s.i.InfraccionServiceImpl          : Administrativo JPL jpl@test.cl procesando infracción ID: 1
2026-06-15T12:18:40.186-04:00  INFO 170124 --- [core-sifa-test] [main] c.s.c.s.i.InfraccionServiceImpl          : Administrativo JPL jpl@test.cl procesando infracción ID: 1
2026-06-15T12:18:40.187-04:00  INFO 170124 --- [core-sifa-test] [main] c.s.c.s.i.InfraccionServiceImpl          : Infracción ID: 1 procesada exitosamente con estado: APROBADA
2026-06-15T12:18:40.199-04:00  INFO 170124 --- [core-sifa-test] [main] c.s.c.s.i.InfraccionServiceImpl          : Generando reporte de productividad de fiscalizadores
2026-06-15T12:18:40.204-04:00  INFO 170124 --- [core-sifa-test] [main] c.s.c.s.i.InfraccionServiceImpl          : Buscando infraccion con id: 99
2026-06-15T12:18:40.209-04:00  INFO 170124 --- [core-sifa-test] [main] c.s.c.s.i.InfraccionServiceImpl          : Iniciando creación de infracción para patente: ABCD12
2026-06-15T12:18:40.222-04:00  INFO 170124 --- [core-sifa-test] [main] c.s.c.s.i.InfraccionServiceImpl          : Generando estadísticas del Dashboard
2026-06-15T12:18:40.225-04:00  INFO 170124 --- [core-sifa-test] [main] c.s.c.s.i.InfraccionServiceImpl          : Iniciando creación de infracción para patente: ABCD12
2026-06-15T12:18:40.230-04:00  INFO 170124 --- [core-sifa-test] [main] c.s.c.s.i.InfraccionServiceImpl          : Generando reporte de productividad de fiscalizadores
2026-06-15T12:18:40.331-04:00  INFO 170124 --- [core-sifa-test] [main] c.s.c.s.i.InfraccionServiceImpl          : Iniciando creación de infracción para patente: ABCD12
2026-06-15T12:18:40.333-04:00  INFO 170124 --- [core-sifa-test] [main] c.s.c.s.i.InfraccionServiceImpl          : Infracción creada exitosamente con ID: 1
2026-06-15T12:18:40.335-04:00  INFO 170124 --- [core-sifa-test] [main] c.s.c.s.i.InfraccionServiceImpl          : [+] Citación empadronada gatillada y enlazada automáticamente en la transacción.
2026-06-15T12:18:40.340-04:00  INFO 170124 --- [core-sifa-test] [main] c.s.c.s.i.InfraccionServiceImpl          : Buscando infracciones por id Fiscalizador: fiscalizador@test.cl
2026-06-15T12:18:40.346-04:00  INFO 170124 --- [core-sifa-test] [main] c.s.c.s.i.InfraccionServiceImpl          : Editando infracción ID: 1
2026-06-15T12:18:40.352-04:00  INFO 170124 --- [core-sifa-test] [main] c.s.c.s.i.InfraccionServiceImpl          : Listando todas las infracciones
2026-06-15T12:18:40.486-04:00  INFO 170124 --- [core-sifa-test] [main] c.s.c.s.FiscalizadorPresenciaService     : Recibiendo latido de presencia de: fiscalizador@test.cl
2026-06-15T12:18:40.618-04:00  INFO 170124 --- [core-sifa-test] [main] c.s.core_sifa.service.CitacionService    : Administrativo jpl@test.cl actualizando citación 1.
2026-06-15T12:18:40.620-04:00  INFO 170124 --- [core-sifa-test] [main] c.s.core_sifa.service.CitacionService    : Citacion actualizada exitosamente con ID 1
2026-06-15T12:18:40.623-04:00  INFO 170124 --- [core-sifa-test] [main] c.s.core_sifa.service.CitacionService    : Creando citación para la infracción ID: 1
2026-06-15T12:18:40.626-04:00  INFO 170124 --- [core-sifa-test] [main] c.s.core_sifa.service.CitacionService    : Buscando citación con ID: 1
2026-06-15T12:18:40.632-04:00  INFO 170124 --- [core-sifa-test] [main] c.s.core_sifa.service.CitacionService    : Administrativo jpl@test.cl actualizando citación 99.
2026-06-15T12:18:40.638-04:00  INFO 170124 --- [core-sifa-test] [main] c.s.core_sifa.service.CitacionService    : Listando citaciones con filtros - startDate: null, endDate: null, search: null
2026-06-15T12:18:40.643-04:00  INFO 170124 --- [core-sifa-test] [main] c.s.core_sifa.service.CitacionService    : Buscando citación con ID: 99
2026-06-15T12:18:40.648-04:00  INFO 170124 --- [core-sifa-test] [main] c.s.core_sifa.service.CitacionService    : Creando citación para la infracción ID: 1
2026-06-15T12:18:40.649-04:00  INFO 170124 --- [core-sifa-test] [main] c.s.core_sifa.service.CitacionService    : Citación ID 1 creada exitosamente
2026-06-15T12:18:40.652-04:00  INFO 170124 --- [core-sifa-test] [main] c.s.core_sifa.service.CitacionService    : Creando citación para la infracción ID: 99
2026-06-15T12:18:40.658-04:00  INFO 170124 --- [core-sifa-test] [main] t.c.s.AnnotationConfigContextLoaderUtils : Could not detect default configuration classes for test class [com.sifa.core_sifa.CoreSifaApplicationTests]: CoreSifaApplicationTests does not declare any static, non-private, non-final, nested classes annotated with @Configuration.
2026-06-15T12:18:40.666-04:00  INFO 170124 --- [core-sifa-test] [main] .b.t.c.SpringBootTestContextBootstrapper : Found @SpringBootConfiguration com.sifa.core_sifa.CoreSifaApplication for test class com.sifa.core_sifa.CoreSifaApplicationTests
2026-06-15T12:18:40.688-04:00  INFO 170124 --- [core-sifa-test] [main] t.c.s.AnnotationConfigContextLoaderUtils : Could not detect default configuration classes for test class [com.sifa.core_sifa.repository.IInfraccionRepositoryTest]: IInfraccionRepositoryTest does not declare any static, non-private, non-final, nested classes annotated with @Configuration.
2026-06-15T12:18:40.700-04:00  INFO 170124 --- [core-sifa-test] [main] .b.t.c.SpringBootTestContextBootstrapper : Found @SpringBootConfiguration com.sifa.core_sifa.CoreSifaApplication for test class com.sifa.core_sifa.repository.IInfraccionRepositoryTest
2026-06-15T12:18:41.486-04:00  INFO 170124 --- [core-sifa-test] [main] t.c.s.AnnotationConfigContextLoaderUtils : Could not detect default configuration classes for test class [com.sifa.core_sifa.repository.ICitacionRepositoryTest]: ICitacionRepositoryTest does not declare any static, non-private, non-final, nested classes annotated with @Configuration.
2026-06-15T12:18:41.489-04:00  INFO 170124 --- [core-sifa-test] [main] .b.t.c.SpringBootTestContextBootstrapper : Found @SpringBootConfiguration com.sifa.core_sifa.CoreSifaApplication for test class com.sifa.core_sifa.repository.ICitacionRepositoryTest
2026-06-15T12:18:42.084-04:00  INFO 170124 --- [core-sifa-test] [SpringApplicationShutdownHook] j.LocalContainerEntityManagerFactoryBean : Closing JPA EntityManagerFactory for persistence unit 'default'
2026-06-15T12:18:42.095-04:00  INFO 170124 --- [core-sifa-test] [SpringApplicationShutdownHook] com.zaxxer.hikari.HikariDataSource       : HikariPool-1 - Shutdown initiated...
2026-06-15T12:18:42.097-04:00  INFO 170124 --- [core-sifa-test] [SpringApplicationShutdownHook] com.zaxxer.hikari.HikariDataSource       : HikariPool-1 - Shutdown completed.
2026-06-15T12:20:11.748-04:00  INFO 172227 --- [core-sifa-test] [main] c.s.c.i.InfraccionFlowIntegrationTest    : Starting InfraccionFlowIntegrationTest using Java 21.0.11 with PID 172227 (started by andres-ortega in /home/andres-ortega/Escritorio/proyects/core-sifa)
2026-06-15T12:20:11.751-04:00  INFO 172227 --- [core-sifa-test] [main] c.s.c.i.InfraccionFlowIntegrationTest    : The following 2 profiles are active: "test", "dev"
2026-06-15T12:20:14.128-04:00  INFO 172227 --- [core-sifa-test] [main] .s.d.r.c.RepositoryConfigurationDelegate : Bootstrapping Spring Data JPA repositories in DEFAULT mode.
2026-06-15T12:20:14.329-04:00  INFO 172227 --- [core-sifa-test] [main] .s.d.r.c.RepositoryConfigurationDelegate : Finished Spring Data repository scanning in 176 ms. Found 10 JPA repository interfaces.
2026-06-15T12:20:18.529-04:00  INFO 172227 --- [core-sifa-test] [main] o.hibernate.jpa.internal.util.LogHelper  : HHH000204: Processing PersistenceUnitInfo [name: default]
2026-06-15T12:20:18.819-04:00  INFO 172227 --- [core-sifa-test] [main] org.hibernate.Version                    : HHH000412: Hibernate ORM core version 6.6.8.Final
2026-06-15T12:20:18.989-04:00  INFO 172227 --- [core-sifa-test] [main] o.h.c.internal.RegionFactoryInitiator    : HHH000026: Second-level cache disabled
2026-06-15T12:20:19.582-04:00  INFO 172227 --- [core-sifa-test] [main] o.s.o.j.p.SpringPersistenceUnitInfo      : No LoadTimeWeaver setup: ignoring JPA class transformer
2026-06-15T12:20:19.724-04:00  INFO 172227 --- [core-sifa-test] [main] com.zaxxer.hikari.HikariDataSource       : HikariPool-1 - Starting...
2026-06-15T12:20:20.632-04:00  INFO 172227 --- [core-sifa-test] [main] com.zaxxer.hikari.pool.HikariPool        : HikariPool-1 - Added connection conn0: url=jdbc:h2:mem:testdb user=SA
2026-06-15T12:20:20.644-04:00  INFO 172227 --- [core-sifa-test] [main] com.zaxxer.hikari.HikariDataSource       : HikariPool-1 - Start completed.
2026-06-15T12:20:20.736-04:00  WARN 172227 --- [core-sifa-test] [main] org.hibernate.orm.deprecation            : HHH90000025: H2Dialect does not need to be specified explicitly using 'hibernate.dialect' (remove the property setting and it will be selected by default)
2026-06-15T12:20:20.810-04:00  INFO 172227 --- [core-sifa-test] [main] org.hibernate.orm.connections.pooling    : HHH10001005: Database info:
	Database JDBC URL [Connecting through datasource 'HikariDataSource (HikariPool-1)']
	Database driver: undefined/unknown
	Database version: 2.3.232
	Autocommit mode: undefined/unknown
	Isolation level: undefined/unknown
	Minimum pool size: undefined/unknown
	Maximum pool size: undefined/unknown
2026-06-15T12:20:24.202-04:00  INFO 172227 --- [core-sifa-test] [main] o.h.e.t.j.p.i.JtaPlatformInitiator       : HHH000489: No JTA platform available (set 'hibernate.transaction.jta.platform' to enable JTA platform integration)
2026-06-15T12:20:24.369-04:00  INFO 172227 --- [core-sifa-test] [main] j.LocalContainerEntityManagerFactoryBean : Initialized JPA EntityManagerFactory for persistence unit 'default'
2026-06-15T12:20:25.031-04:00  INFO 172227 --- [core-sifa-test] [main] o.s.d.j.r.query.QueryEnhancerFactory     : Hibernate is in classpath; If applicable, HQL parser will be used.
2026-06-15T12:20:30.951-04:00  WARN 172227 --- [core-sifa-test] [main] JpaBaseConfiguration$JpaWebConfiguration : spring.jpa.open-in-view is enabled by default. Therefore, database queries may be performed during view rendering. Explicitly configure spring.jpa.open-in-view to disable this warning
2026-06-15T12:20:30.996-04:00  WARN 172227 --- [core-sifa-test] [main] .s.s.UserDetailsServiceAutoConfiguration : 

Using generated security password: 703884aa-0e27-4915-b161-e4d6ee2b3189

This generated password is for development use only. Your security configuration must be updated before running your application in production.

2026-06-15T12:20:31.029-04:00  INFO 172227 --- [core-sifa-test] [main] r$InitializeUserDetailsManagerConfigurer : Global AuthenticationManager configured with UserDetailsService bean with name inMemoryUserDetailsManager
2026-06-15T12:20:32.692-04:00  INFO 172227 --- [core-sifa-test] [main] c.s.c.i.InfraccionFlowIntegrationTest    : Started InfraccionFlowIntegrationTest in 22.038 seconds (process running for 25.316)
2026-06-15T12:20:32.697-04:00  INFO 172227 --- [core-sifa-test] [main] c.s.c.config.DataInitializerConfig       : ========================================================
2026-06-15T12:20:32.697-04:00  INFO 172227 --- [core-sifa-test] [main] c.s.c.config.DataInitializerConfig       : Verificando e inicializando Dataset de prueba en MySQL...
2026-06-15T12:20:32.954-04:00  INFO 172227 --- [core-sifa-test] [main] c.s.c.config.DataInitializerConfig       : [+] Tipo de Infracción 'Mal Estacionado' registrado.
2026-06-15T12:20:33.017-04:00  INFO 172227 --- [core-sifa-test] [main] c.s.c.config.DataInitializerConfig       : [+] Propietario RUT 9330521-3 registrado exitosamente.
2026-06-15T12:20:33.067-04:00  INFO 172227 --- [core-sifa-test] [main] c.s.c.config.DataInitializerConfig       : [+] Vehículo patente TZPW11 (Subaru Outback) registrado y enlazado al RUT 9330521-3.
2026-06-15T12:20:33.067-04:00  INFO 172227 --- [core-sifa-test] [main] c.s.c.config.DataInitializerConfig       : Dataset inicial revisado y/o cargado correctamente.
2026-06-15T12:20:33.067-04:00  INFO 172227 --- [core-sifa-test] [main] c.s.c.config.DataInitializerConfig       : ========================================================
2026-06-15T12:20:33.237-04:00  INFO 172227 --- [core-sifa-test] [main] c.s.c.s.i.InfraccionServiceImpl          : Iniciando creación de infracción para patente: INTG11
2026-06-15T12:20:33.243-04:00  INFO 172227 --- [core-sifa-test] [main] c.s.c.s.storage.MockStorageServiceImpl   : MOCK STORAGE -> Archivo simulado: https://mock.sifa.cl/INTG11_1.jpg
2026-06-15T12:20:33.243-04:00  INFO 172227 --- [core-sifa-test] [main] c.s.c.s.storage.MockStorageServiceImpl   : MOCK STORAGE -> Archivo simulado: https://mock.sifa.cl/INTG11_2.jpg
2026-06-15T12:20:33.253-04:00  INFO 172227 --- [core-sifa-test] [main] c.s.c.s.i.InfraccionServiceImpl          : Infracción creada exitosamente con ID: 1
2026-06-15T12:20:33.253-04:00  INFO 172227 --- [core-sifa-test] [main] c.s.core_sifa.service.CitacionService    : Creando citación para la infracción ID: 1
2026-06-15T12:20:33.260-04:00  INFO 172227 --- [core-sifa-test] [main] c.s.core_sifa.service.CitacionService    : Citación ID 1 creada exitosamente
2026-06-15T12:20:33.271-04:00  INFO 172227 --- [core-sifa-test] [main] c.s.c.s.i.InfraccionServiceImpl          : [+] Citación empadronada gatillada y enlazada automáticamente en la transacción.
2026-06-15T12:20:33.407-04:00  INFO 172227 --- [core-sifa-test] [main] c.s.c.s.i.InfraccionServiceImpl          : Buscando infraccion con id: 1
2026-06-15T12:20:33.423-04:00  INFO 172227 --- [core-sifa-test] [main] c.s.c.s.i.InfraccionServiceImpl          : Administrativo JPL jpl@test.cl procesando infracción ID: 1
2026-06-15T12:20:33.427-04:00  INFO 172227 --- [core-sifa-test] [main] c.s.c.s.i.InfraccionServiceImpl          : Infracción ID: 1 procesada exitosamente con estado: APROBADA
2026-06-15T12:20:33.488-04:00  INFO 172227 --- [core-sifa-test] [main] c.s.c.s.audits.AuditLogServiceImpl       : Auditoría guardada exitosamente | Usuario: jpl@test.cl | Acción: PROCESAR_INFRACCION
2026-06-15T12:20:33.574-04:00  INFO 172227 --- [core-sifa-test] [main] t.c.s.AnnotationConfigContextLoaderUtils : Could not detect default configuration classes for test class [com.sifa.core_sifa.controller.TipoInfraccionControllerTest]: TipoInfraccionControllerTest does not declare any static, non-private, non-final, nested classes annotated with @Configuration.
2026-06-15T12:20:33.636-04:00  INFO 172227 --- [core-sifa-test] [main] .b.t.c.SpringBootTestContextBootstrapper : Found @SpringBootConfiguration com.sifa.core_sifa.CoreSifaApplication for test class com.sifa.core_sifa.controller.TipoInfraccionControllerTest
2026-06-15T12:20:33.690-04:00  INFO 172227 --- [core-sifa-test] [main] c.s.c.c.TipoInfraccionControllerTest     : Starting TipoInfraccionControllerTest using Java 21.0.11 with PID 172227 (started by andres-ortega in /home/andres-ortega/Escritorio/proyects/core-sifa)
2026-06-15T12:20:33.690-04:00  INFO 172227 --- [core-sifa-test] [main] c.s.c.c.TipoInfraccionControllerTest     : The following 1 profile is active: "test"
2026-06-15T12:20:34.079-04:00  WARN 172227 --- [core-sifa-test] [main] .s.s.UserDetailsServiceAutoConfiguration : 

Using generated security password: bcfb1b2b-bdfd-4082-85eb-75e747c38c3a

This generated password is for development use only. Your security configuration must be updated before running your application in production.

2026-06-15T12:20:34.080-04:00  INFO 172227 --- [core-sifa-test] [main] r$InitializeUserDetailsManagerConfigurer : Global AuthenticationManager configured with UserDetailsService bean with name inMemoryUserDetailsManager
2026-06-15T12:20:34.265-04:00  INFO 172227 --- [core-sifa-test] [main] o.s.b.t.m.w.SpringBootMockServletContext : Initializing Spring TestDispatcherServlet ''
2026-06-15T12:20:34.266-04:00  INFO 172227 --- [core-sifa-test] [main] o.s.t.web.servlet.TestDispatcherServlet  : Initializing Servlet ''
2026-06-15T12:20:34.269-04:00  INFO 172227 --- [core-sifa-test] [main] o.s.t.web.servlet.TestDispatcherServlet  : Completed initialization in 1 ms
2026-06-15T12:20:34.285-04:00  INFO 172227 --- [core-sifa-test] [main] c.s.c.c.TipoInfraccionControllerTest     : Started TipoInfraccionControllerTest in 0.642 seconds (process running for 26.909)
2026-06-15T12:20:34.640-04:00  INFO 172227 --- [core-sifa-test] [main] c.s.c.c.TipoInfraccionController         : Creando tipo de infracción
2026-06-15T12:20:34.660-04:00  INFO 172227 --- [core-sifa-test] [main] c.s.c.c.TipoInfraccionController         : Obteniendo tipos de infracción paginados - página: 0, tamaño: 10
2026-06-15T12:20:34.668-04:00  WARN 172227 --- [core-sifa-test] [main] ration$PageModule$WarningLoggingModifier : Serializing PageImpl instances as-is is not supported, meaning that there is no guarantee about the stability of the resulting JSON structure!
	For a stable JSON structure, please use Spring Data's PagedModel (globally via @EnableSpringDataWebSupport(pageSerializationMode = VIA_DTO))
	or Spring HATEOAS and Spring Data's PagedResourcesAssembler as documented in https://docs.spring.io/spring-data/commons/reference/repositories/core-extensions.html#core.web.pageables.

2026-06-15T12:20:34.700-04:00  INFO 172227 --- [core-sifa-test] [main] c.s.c.c.TipoInfraccionController         : Eliminando (deshabilitando) tipo de infracción con id 1
2026-06-15T12:20:34.714-04:00  INFO 172227 --- [core-sifa-test] [main] c.s.c.c.TipoInfraccionController         : Actualizando tipo de infracción con id 1
2026-06-15T12:20:34.725-04:00  INFO 172227 --- [core-sifa-test] [main] t.c.s.AnnotationConfigContextLoaderUtils : Could not detect default configuration classes for test class [com.sifa.core_sifa.controller.CitacionControllerTest]: CitacionControllerTest does not declare any static, non-private, non-final, nested classes annotated with @Configuration.
2026-06-15T12:20:34.737-04:00  INFO 172227 --- [core-sifa-test] [main] .b.t.c.SpringBootTestContextBootstrapper : Found @SpringBootConfiguration com.sifa.core_sifa.CoreSifaApplication for test class com.sifa.core_sifa.controller.CitacionControllerTest
2026-06-15T12:20:34.774-04:00  INFO 172227 --- [core-sifa-test] [main] c.s.c.controller.CitacionControllerTest  : Starting CitacionControllerTest using Java 21.0.11 with PID 172227 (started by andres-ortega in /home/andres-ortega/Escritorio/proyects/core-sifa)
2026-06-15T12:20:34.774-04:00  INFO 172227 --- [core-sifa-test] [main] c.s.c.controller.CitacionControllerTest  : The following 1 profile is active: "test"
2026-06-15T12:20:35.090-04:00  WARN 172227 --- [core-sifa-test] [main] .s.s.UserDetailsServiceAutoConfiguration : 

Using generated security password: 5124265a-e06b-4358-af42-2d0e6e79d35f

This generated password is for development use only. Your security configuration must be updated before running your application in production.

2026-06-15T12:20:35.092-04:00  INFO 172227 --- [core-sifa-test] [main] r$InitializeUserDetailsManagerConfigurer : Global AuthenticationManager configured with UserDetailsService bean with name inMemoryUserDetailsManager
2026-06-15T12:20:35.236-04:00  INFO 172227 --- [core-sifa-test] [main] o.s.b.t.m.w.SpringBootMockServletContext : Initializing Spring TestDispatcherServlet ''
2026-06-15T12:20:35.236-04:00  INFO 172227 --- [core-sifa-test] [main] o.s.t.web.servlet.TestDispatcherServlet  : Initializing Servlet ''
2026-06-15T12:20:35.237-04:00  INFO 172227 --- [core-sifa-test] [main] o.s.t.web.servlet.TestDispatcherServlet  : Completed initialization in 1 ms
2026-06-15T12:20:35.244-04:00  INFO 172227 --- [core-sifa-test] [main] c.s.c.controller.CitacionControllerTest  : Started CitacionControllerTest in 0.502 seconds (process running for 27.868)
2026-06-15T12:20:35.275-04:00  INFO 172227 --- [core-sifa-test] [main] c.s.c.controller.CitacionController      : Petición PUT para actualizar citación ID: 1 recibida. Administrativo: jpl@test.cl
2026-06-15T12:20:35.297-04:00  INFO 172227 --- [core-sifa-test] [main] c.s.c.controller.CitacionController      : Petición GET para listar citaciones - page: 0, size: 10, startDate: null, endDate: null, search: null
2026-06-15T12:20:35.302-04:00  WARN 172227 --- [core-sifa-test] [main] ration$PageModule$WarningLoggingModifier : Serializing PageImpl instances as-is is not supported, meaning that there is no guarantee about the stability of the resulting JSON structure!
	For a stable JSON structure, please use Spring Data's PagedModel (globally via @EnableSpringDataWebSupport(pageSerializationMode = VIA_DTO))
	or Spring HATEOAS and Spring Data's PagedResourcesAssembler as documented in https://docs.spring.io/spring-data/commons/reference/repositories/core-extensions.html#core.web.pageables.

2026-06-15T12:20:35.326-04:00  INFO 172227 --- [core-sifa-test] [main] c.s.c.controller.CitacionController      : Petición GET para citación ID: 1
2026-06-15T12:20:35.338-04:00  INFO 172227 --- [core-sifa-test] [main] t.c.s.AnnotationConfigContextLoaderUtils : Could not detect default configuration classes for test class [com.sifa.core_sifa.controller.InfraccionControllerTest]: InfraccionControllerTest does not declare any static, non-private, non-final, nested classes annotated with @Configuration.
2026-06-15T12:20:35.359-04:00  INFO 172227 --- [core-sifa-test] [main] .b.t.c.SpringBootTestContextBootstrapper : Found @SpringBootConfiguration com.sifa.core_sifa.CoreSifaApplication for test class com.sifa.core_sifa.controller.InfraccionControllerTest
2026-06-15T12:20:35.394-04:00  INFO 172227 --- [core-sifa-test] [main] c.s.c.c.InfraccionControllerTest         : Starting InfraccionControllerTest using Java 21.0.11 with PID 172227 (started by andres-ortega in /home/andres-ortega/Escritorio/proyects/core-sifa)
2026-06-15T12:20:35.394-04:00  INFO 172227 --- [core-sifa-test] [main] c.s.c.c.InfraccionControllerTest         : The following 1 profile is active: "test"
2026-06-15T12:20:35.777-04:00  WARN 172227 --- [core-sifa-test] [main] .s.s.UserDetailsServiceAutoConfiguration : 

Using generated security password: bfcd8672-c814-4413-805a-caedffdf2e81

This generated password is for development use only. Your security configuration must be updated before running your application in production.

2026-06-15T12:20:35.779-04:00  INFO 172227 --- [core-sifa-test] [main] r$InitializeUserDetailsManagerConfigurer : Global AuthenticationManager configured with UserDetailsService bean with name inMemoryUserDetailsManager
2026-06-15T12:20:35.930-04:00  INFO 172227 --- [core-sifa-test] [main] o.s.b.t.m.w.SpringBootMockServletContext : Initializing Spring TestDispatcherServlet ''
2026-06-15T12:20:35.931-04:00  INFO 172227 --- [core-sifa-test] [main] o.s.t.web.servlet.TestDispatcherServlet  : Initializing Servlet ''
2026-06-15T12:20:35.932-04:00  INFO 172227 --- [core-sifa-test] [main] o.s.t.web.servlet.TestDispatcherServlet  : Completed initialization in 1 ms
2026-06-15T12:20:35.940-04:00  INFO 172227 --- [core-sifa-test] [main] c.s.c.c.InfraccionControllerTest         : Started InfraccionControllerTest in 0.575 seconds (process running for 28.564)
2026-06-15T12:20:35.958-04:00  INFO 172227 --- [core-sifa-test] [main] c.s.c.controller.InfraccionController    : Petición PATCH recibida para actualizar estado de infracción ID: 1 a accepted
2026-06-15T12:20:35.987-04:00  INFO 172227 --- [core-sifa-test] [main] c.s.c.controller.InfraccionController    : Petición GET para estadísticas del Dashboard
2026-06-15T12:20:36.012-04:00  INFO 172227 --- [core-sifa-test] [main] c.s.c.controller.InfraccionController    : Obteniendo infracciones paginadas
2026-06-15T12:20:36.015-04:00  WARN 172227 --- [core-sifa-test] [main] ration$PageModule$WarningLoggingModifier : Serializing PageImpl instances as-is is not supported, meaning that there is no guarantee about the stability of the resulting JSON structure!
	For a stable JSON structure, please use Spring Data's PagedModel (globally via @EnableSpringDataWebSupport(pageSerializationMode = VIA_DTO))
	or Spring HATEOAS and Spring Data's PagedResourcesAssembler as documented in https://docs.spring.io/spring-data/commons/reference/repositories/core-extensions.html#core.web.pageables.

2026-06-15T12:20:36.047-04:00  INFO 172227 --- [core-sifa-test] [main] c.s.c.controller.InfraccionController    : Obteniendo infracciones paginadas
2026-06-15T12:20:36.061-04:00  INFO 172227 --- [core-sifa-test] [main] c.s.c.controller.InfraccionController    : Petición GET para reporte de productividad
2026-06-15T12:20:36.088-04:00  INFO 172227 --- [core-sifa-test] [main] c.s.c.controller.InfraccionController    : Petición para procesar infracción ID: 1 recibida. Administrativo JPL ID: jpl@test.cl
2026-06-15T12:20:36.103-04:00  INFO 172227 --- [core-sifa-test] [main] c.s.c.controller.InfraccionController    : Obteniendo resumen del reporte de infracciones
2026-06-15T12:20:36.124-04:00  INFO 172227 --- [core-sifa-test] [main] c.s.c.controller.InfraccionController    : Obteniendo infraccion con id: 1
2026-06-15T12:20:36.136-04:00  INFO 172227 --- [core-sifa-test] [main] c.s.c.controller.InfraccionController    : Obteniendo coordenadas de infracciones para el mapa de calor
2026-06-15T12:20:36.210-04:00  INFO 172227 --- [core-sifa-test] [main] c.s.c.controller.InfraccionController    : Petición de creación de infracción recibida desde el Gateway. Fiscalizador ID: fiscalizador@test.cl
2026-06-15T12:20:36.485-04:00  INFO 172227 --- [core-sifa-test] [main] c.s.c.service.TipoInfraccionServiceImpl  : Creando tipo de infracción: Nuevo Tipo
2026-06-15T12:20:36.493-04:00  INFO 172227 --- [core-sifa-test] [main] c.s.c.service.TipoInfraccionServiceImpl  : Buscando tipo de infracción con id: 1
2026-06-15T12:20:36.497-04:00  INFO 172227 --- [core-sifa-test] [main] c.s.c.service.TipoInfraccionServiceImpl  : Buscando tipo de infracción con id: 99
2026-06-15T12:20:36.505-04:00  INFO 172227 --- [core-sifa-test] [main] c.s.c.service.TipoInfraccionServiceImpl  : Deshabilitando tipo de infracción con id: 1
2026-06-15T12:20:36.518-04:00  INFO 172227 --- [core-sifa-test] [main] c.s.c.service.TipoInfraccionServiceImpl  : Deshabilitando tipo de infracción con id: 99
2026-06-15T12:20:36.523-04:00  INFO 172227 --- [core-sifa-test] [main] c.s.c.service.TipoInfraccionServiceImpl  : Actualizando tipo de infracción con id: 1
2026-06-15T12:20:36.526-04:00  INFO 172227 --- [core-sifa-test] [main] c.s.c.service.TipoInfraccionServiceImpl  : Listando todos los tipos de infracción
2026-06-15T12:20:36.530-04:00  INFO 172227 --- [core-sifa-test] [main] c.s.c.service.TipoInfraccionServiceImpl  : Listando tipos de infracción paginados - página: 0, tamaño: 10
2026-06-15T12:20:36.978-04:00  INFO 172227 --- [core-sifa-test] [main] c.s.c.s.i.InfraccionServiceImpl          : Buscando infracciones por patente: ABCD12
2026-06-15T12:20:36.985-04:00  INFO 172227 --- [core-sifa-test] [main] c.s.c.s.i.InfraccionServiceImpl          : Buscando infraccion con id: 1
2026-06-15T12:20:36.989-04:00  INFO 172227 --- [core-sifa-test] [main] c.s.c.s.i.InfraccionServiceImpl          : Administrativo JPL jpl@test.cl procesando infracción ID: 1
2026-06-15T12:20:36.994-04:00  INFO 172227 --- [core-sifa-test] [main] c.s.c.s.i.InfraccionServiceImpl          : Administrativo JPL jpl@test.cl procesando infracción ID: 1
2026-06-15T12:20:37.000-04:00  INFO 172227 --- [core-sifa-test] [main] c.s.c.s.i.InfraccionServiceImpl          : Administrativo JPL jpl@test.cl procesando infracción ID: 1
2026-06-15T12:20:37.001-04:00  INFO 172227 --- [core-sifa-test] [main] c.s.c.s.i.InfraccionServiceImpl          : Infracción ID: 1 procesada exitosamente con estado: APROBADA
2026-06-15T12:20:37.011-04:00  INFO 172227 --- [core-sifa-test] [main] c.s.c.s.i.InfraccionServiceImpl          : Generando reporte de productividad de fiscalizadores
2026-06-15T12:20:37.016-04:00  INFO 172227 --- [core-sifa-test] [main] c.s.c.s.i.InfraccionServiceImpl          : Buscando infraccion con id: 99
2026-06-15T12:20:37.022-04:00  INFO 172227 --- [core-sifa-test] [main] c.s.c.s.i.InfraccionServiceImpl          : Iniciando creación de infracción para patente: ABCD12
2026-06-15T12:20:37.026-04:00  INFO 172227 --- [core-sifa-test] [main] c.s.c.s.i.InfraccionServiceImpl          : Generando estadísticas del Dashboard
2026-06-15T12:20:37.031-04:00  INFO 172227 --- [core-sifa-test] [main] c.s.c.s.i.InfraccionServiceImpl          : Iniciando creación de infracción para patente: ABCD12
2026-06-15T12:20:37.035-04:00  INFO 172227 --- [core-sifa-test] [main] c.s.c.s.i.InfraccionServiceImpl          : Generando reporte de productividad de fiscalizadores
2026-06-15T12:20:37.122-04:00  INFO 172227 --- [core-sifa-test] [main] c.s.c.s.i.InfraccionServiceImpl          : Iniciando creación de infracción para patente: ABCD12
2026-06-15T12:20:37.123-04:00  INFO 172227 --- [core-sifa-test] [main] c.s.c.s.i.InfraccionServiceImpl          : Infracción creada exitosamente con ID: 1
2026-06-15T12:20:37.124-04:00  INFO 172227 --- [core-sifa-test] [main] c.s.c.s.i.InfraccionServiceImpl          : [+] Citación empadronada gatillada y enlazada automáticamente en la transacción.
2026-06-15T12:20:37.131-04:00  INFO 172227 --- [core-sifa-test] [main] c.s.c.s.i.InfraccionServiceImpl          : Buscando infracciones por id Fiscalizador: fiscalizador@test.cl
2026-06-15T12:20:37.136-04:00  INFO 172227 --- [core-sifa-test] [main] c.s.c.s.i.InfraccionServiceImpl          : Editando infracción ID: 1
2026-06-15T12:20:37.142-04:00  INFO 172227 --- [core-sifa-test] [main] c.s.c.s.i.InfraccionServiceImpl          : Listando todas las infracciones
2026-06-15T12:20:37.279-04:00  INFO 172227 --- [core-sifa-test] [main] c.s.c.s.FiscalizadorPresenciaService     : Recibiendo latido de presencia de: fiscalizador@test.cl
2026-06-15T12:20:37.405-04:00  INFO 172227 --- [core-sifa-test] [main] c.s.core_sifa.service.CitacionService    : Administrativo jpl@test.cl actualizando citación 1.
2026-06-15T12:20:37.406-04:00  INFO 172227 --- [core-sifa-test] [main] c.s.core_sifa.service.CitacionService    : Citacion actualizada exitosamente con ID 1
2026-06-15T12:20:37.412-04:00  INFO 172227 --- [core-sifa-test] [main] c.s.core_sifa.service.CitacionService    : Creando citación para la infracción ID: 1
2026-06-15T12:20:37.416-04:00  INFO 172227 --- [core-sifa-test] [main] c.s.core_sifa.service.CitacionService    : Buscando citación con ID: 1
2026-06-15T12:20:37.423-04:00  INFO 172227 --- [core-sifa-test] [main] c.s.core_sifa.service.CitacionService    : Administrativo jpl@test.cl actualizando citación 99.
2026-06-15T12:20:37.427-04:00  INFO 172227 --- [core-sifa-test] [main] c.s.core_sifa.service.CitacionService    : Listando citaciones con filtros - startDate: null, endDate: null, search: null
2026-06-15T12:20:37.434-04:00  INFO 172227 --- [core-sifa-test] [main] c.s.core_sifa.service.CitacionService    : Buscando citación con ID: 99
2026-06-15T12:20:37.438-04:00  INFO 172227 --- [core-sifa-test] [main] c.s.core_sifa.service.CitacionService    : Creando citación para la infracción ID: 1
2026-06-15T12:20:37.438-04:00  INFO 172227 --- [core-sifa-test] [main] c.s.core_sifa.service.CitacionService    : Citación ID 1 creada exitosamente
2026-06-15T12:20:37.443-04:00  INFO 172227 --- [core-sifa-test] [main] c.s.core_sifa.service.CitacionService    : Creando citación para la infracción ID: 99
2026-06-15T12:20:37.449-04:00  INFO 172227 --- [core-sifa-test] [main] t.c.s.AnnotationConfigContextLoaderUtils : Could not detect default configuration classes for test class [com.sifa.core_sifa.CoreSifaApplicationTests]: CoreSifaApplicationTests does not declare any static, non-private, non-final, nested classes annotated with @Configuration.
2026-06-15T12:20:37.459-04:00  INFO 172227 --- [core-sifa-test] [main] .b.t.c.SpringBootTestContextBootstrapper : Found @SpringBootConfiguration com.sifa.core_sifa.CoreSifaApplication for test class com.sifa.core_sifa.CoreSifaApplicationTests
2026-06-15T12:20:37.476-04:00  INFO 172227 --- [core-sifa-test] [main] t.c.s.AnnotationConfigContextLoaderUtils : Could not detect default configuration classes for test class [com.sifa.core_sifa.repository.IInfraccionRepositoryTest]: IInfraccionRepositoryTest does not declare any static, non-private, non-final, nested classes annotated with @Configuration.
2026-06-15T12:20:37.485-04:00  INFO 172227 --- [core-sifa-test] [main] .b.t.c.SpringBootTestContextBootstrapper : Found @SpringBootConfiguration com.sifa.core_sifa.CoreSifaApplication for test class com.sifa.core_sifa.repository.IInfraccionRepositoryTest
2026-06-15T12:20:38.204-04:00  INFO 172227 --- [core-sifa-test] [main] t.c.s.AnnotationConfigContextLoaderUtils : Could not detect default configuration classes for test class [com.sifa.core_sifa.repository.ICitacionRepositoryTest]: ICitacionRepositoryTest does not declare any static, non-private, non-final, nested classes annotated with @Configuration.
2026-06-15T12:20:38.206-04:00  INFO 172227 --- [core-sifa-test] [main] .b.t.c.SpringBootTestContextBootstrapper : Found @SpringBootConfiguration com.sifa.core_sifa.CoreSifaApplication for test class com.sifa.core_sifa.repository.ICitacionRepositoryTest
2026-06-15T12:20:38.908-04:00  INFO 172227 --- [core-sifa-test] [SpringApplicationShutdownHook] j.LocalContainerEntityManagerFactoryBean : Closing JPA EntityManagerFactory for persistence unit 'default'
2026-06-15T12:20:38.925-04:00  INFO 172227 --- [core-sifa-test] [SpringApplicationShutdownHook] com.zaxxer.hikari.HikariDataSource       : HikariPool-1 - Shutdown initiated...
2026-06-15T12:20:38.927-04:00  INFO 172227 --- [core-sifa-test] [SpringApplicationShutdownHook] com.zaxxer.hikari.HikariDataSource       : HikariPool-1 - Shutdown completed.
2026-06-15T15:37:01.188-04:00  INFO 347959 --- [core-sifa-test] [main] c.s.c.i.InfraccionFlowIntegrationTest    : Starting InfraccionFlowIntegrationTest using Java 21.0.11 with PID 347959 (started by andres-ortega in /home/andres-ortega/Escritorio/proyects/core-sifa)
2026-06-15T15:37:01.191-04:00  INFO 347959 --- [core-sifa-test] [main] c.s.c.i.InfraccionFlowIntegrationTest    : The following 2 profiles are active: "test", "dev"
2026-06-15T15:37:03.193-04:00  INFO 347959 --- [core-sifa-test] [main] .s.d.r.c.RepositoryConfigurationDelegate : Bootstrapping Spring Data JPA repositories in DEFAULT mode.
2026-06-15T15:37:03.366-04:00  INFO 347959 --- [core-sifa-test] [main] .s.d.r.c.RepositoryConfigurationDelegate : Finished Spring Data repository scanning in 155 ms. Found 10 JPA repository interfaces.
2026-06-15T15:37:06.164-04:00  INFO 347959 --- [core-sifa-test] [main] o.hibernate.jpa.internal.util.LogHelper  : HHH000204: Processing PersistenceUnitInfo [name: default]
2026-06-15T15:37:06.342-04:00  INFO 347959 --- [core-sifa-test] [main] org.hibernate.Version                    : HHH000412: Hibernate ORM core version 6.6.8.Final
2026-06-15T15:37:06.454-04:00  INFO 347959 --- [core-sifa-test] [main] o.h.c.internal.RegionFactoryInitiator    : HHH000026: Second-level cache disabled
2026-06-15T15:37:06.818-04:00  INFO 347959 --- [core-sifa-test] [main] o.s.o.j.p.SpringPersistenceUnitInfo      : No LoadTimeWeaver setup: ignoring JPA class transformer
2026-06-15T15:37:06.894-04:00  INFO 347959 --- [core-sifa-test] [main] com.zaxxer.hikari.HikariDataSource       : HikariPool-1 - Starting...
2026-06-15T15:37:07.520-04:00  INFO 347959 --- [core-sifa-test] [main] com.zaxxer.hikari.pool.HikariPool        : HikariPool-1 - Added connection conn0: url=jdbc:h2:mem:testdb user=SA
2026-06-15T15:37:07.524-04:00  INFO 347959 --- [core-sifa-test] [main] com.zaxxer.hikari.HikariDataSource       : HikariPool-1 - Start completed.
2026-06-15T15:37:07.578-04:00  WARN 347959 --- [core-sifa-test] [main] org.hibernate.orm.deprecation            : HHH90000025: H2Dialect does not need to be specified explicitly using 'hibernate.dialect' (remove the property setting and it will be selected by default)
2026-06-15T15:37:07.635-04:00  INFO 347959 --- [core-sifa-test] [main] org.hibernate.orm.connections.pooling    : HHH10001005: Database info:
	Database JDBC URL [Connecting through datasource 'HikariDataSource (HikariPool-1)']
	Database driver: undefined/unknown
	Database version: 2.3.232
	Autocommit mode: undefined/unknown
	Isolation level: undefined/unknown
	Minimum pool size: undefined/unknown
	Maximum pool size: undefined/unknown
2026-06-15T15:37:10.382-04:00  INFO 347959 --- [core-sifa-test] [main] o.h.e.t.j.p.i.JtaPlatformInitiator       : HHH000489: No JTA platform available (set 'hibernate.transaction.jta.platform' to enable JTA platform integration)
2026-06-15T15:37:10.543-04:00  INFO 347959 --- [core-sifa-test] [main] j.LocalContainerEntityManagerFactoryBean : Initialized JPA EntityManagerFactory for persistence unit 'default'
2026-06-15T15:37:11.262-04:00  INFO 347959 --- [core-sifa-test] [main] o.s.d.j.r.query.QueryEnhancerFactory     : Hibernate is in classpath; If applicable, HQL parser will be used.
2026-06-15T15:37:16.517-04:00  WARN 347959 --- [core-sifa-test] [main] JpaBaseConfiguration$JpaWebConfiguration : spring.jpa.open-in-view is enabled by default. Therefore, database queries may be performed during view rendering. Explicitly configure spring.jpa.open-in-view to disable this warning
2026-06-15T15:37:16.554-04:00  WARN 347959 --- [core-sifa-test] [main] .s.s.UserDetailsServiceAutoConfiguration : 

Using generated security password: 99fe19e2-dd27-4e89-976c-cfad50e2a6c9

This generated password is for development use only. Your security configuration must be updated before running your application in production.

2026-06-15T15:37:16.585-04:00  INFO 347959 --- [core-sifa-test] [main] r$InitializeUserDetailsManagerConfigurer : Global AuthenticationManager configured with UserDetailsService bean with name inMemoryUserDetailsManager
2026-06-15T15:37:18.048-04:00  INFO 347959 --- [core-sifa-test] [main] c.s.c.i.InfraccionFlowIntegrationTest    : Started InfraccionFlowIntegrationTest in 17.693 seconds (process running for 20.581)
2026-06-15T15:37:18.054-04:00  INFO 347959 --- [core-sifa-test] [main] c.s.c.config.DataInitializerConfig       : ========================================================
2026-06-15T15:37:18.054-04:00  INFO 347959 --- [core-sifa-test] [main] c.s.c.config.DataInitializerConfig       : Verificando e inicializando Dataset de prueba en MySQL...
2026-06-15T15:37:18.291-04:00  INFO 347959 --- [core-sifa-test] [main] c.s.c.config.DataInitializerConfig       : [+] Tipo de Infracción 'Mal Estacionado' registrado.
2026-06-15T15:37:18.347-04:00  INFO 347959 --- [core-sifa-test] [main] c.s.c.config.DataInitializerConfig       : [+] Propietario RUT 9330521-3 registrado exitosamente.
2026-06-15T15:37:18.389-04:00  INFO 347959 --- [core-sifa-test] [main] c.s.c.config.DataInitializerConfig       : [+] Vehículo patente TZPW11 (Subaru Outback) registrado y enlazado al RUT 9330521-3.
2026-06-15T15:37:18.390-04:00  INFO 347959 --- [core-sifa-test] [main] c.s.c.config.DataInitializerConfig       : Dataset inicial revisado y/o cargado correctamente.
2026-06-15T15:37:18.390-04:00  INFO 347959 --- [core-sifa-test] [main] c.s.c.config.DataInitializerConfig       : ========================================================
2026-06-15T15:37:18.523-04:00  INFO 347959 --- [core-sifa-test] [main] c.s.c.s.i.InfraccionServiceImpl          : Iniciando creación de infracción para patente: INTG11
2026-06-15T15:37:18.531-04:00  INFO 347959 --- [core-sifa-test] [main] c.s.c.s.storage.MockStorageServiceImpl   : MOCK STORAGE -> Archivo simulado: https://mock.sifa.cl/INTG11_1.jpg
2026-06-15T15:37:18.531-04:00  INFO 347959 --- [core-sifa-test] [main] c.s.c.s.storage.MockStorageServiceImpl   : MOCK STORAGE -> Archivo simulado: https://mock.sifa.cl/INTG11_2.jpg
2026-06-15T15:37:18.541-04:00  INFO 347959 --- [core-sifa-test] [main] c.s.c.s.i.InfraccionServiceImpl          : Infracción creada exitosamente con ID: 1
2026-06-15T15:37:18.542-04:00  INFO 347959 --- [core-sifa-test] [main] c.s.core_sifa.service.CitacionService    : Creando citación para la infracción ID: 1
2026-06-15T15:37:18.547-04:00  INFO 347959 --- [core-sifa-test] [main] c.s.core_sifa.service.CitacionService    : Citación ID 1 creada exitosamente
2026-06-15T15:37:18.555-04:00  INFO 347959 --- [core-sifa-test] [main] c.s.c.s.i.InfraccionServiceImpl          : [+] Citación empadronada gatillada y enlazada automáticamente en la transacción.
2026-06-15T15:37:18.656-04:00  INFO 347959 --- [core-sifa-test] [main] c.s.c.s.i.InfraccionServiceImpl          : Buscando infraccion con id: 1
2026-06-15T15:37:18.666-04:00  INFO 347959 --- [core-sifa-test] [main] c.s.c.s.i.InfraccionServiceImpl          : Administrativo JPL jpl@test.cl procesando infracción ID: 1
2026-06-15T15:37:18.669-04:00  INFO 347959 --- [core-sifa-test] [main] c.s.c.s.i.InfraccionServiceImpl          : Infracción ID: 1 procesada exitosamente con estado: APROBADA
2026-06-15T15:37:18.711-04:00  INFO 347959 --- [core-sifa-test] [main] c.s.c.s.audits.AuditLogServiceImpl       : Auditoría guardada exitosamente | Usuario: jpl@test.cl | Acción: PROCESAR_INFRACCION
2026-06-15T15:37:18.794-04:00  INFO 347959 --- [core-sifa-test] [main] t.c.s.AnnotationConfigContextLoaderUtils : Could not detect default configuration classes for test class [com.sifa.core_sifa.controller.TipoInfraccionControllerTest]: TipoInfraccionControllerTest does not declare any static, non-private, non-final, nested classes annotated with @Configuration.
2026-06-15T15:37:18.894-04:00  INFO 347959 --- [core-sifa-test] [main] .b.t.c.SpringBootTestContextBootstrapper : Found @SpringBootConfiguration com.sifa.core_sifa.CoreSifaApplication for test class com.sifa.core_sifa.controller.TipoInfraccionControllerTest
2026-06-15T15:37:18.955-04:00  INFO 347959 --- [core-sifa-test] [main] c.s.c.c.TipoInfraccionControllerTest     : Starting TipoInfraccionControllerTest using Java 21.0.11 with PID 347959 (started by andres-ortega in /home/andres-ortega/Escritorio/proyects/core-sifa)
2026-06-15T15:37:18.956-04:00  INFO 347959 --- [core-sifa-test] [main] c.s.c.c.TipoInfraccionControllerTest     : The following 1 profile is active: "test"
2026-06-15T15:37:19.397-04:00  WARN 347959 --- [core-sifa-test] [main] .s.s.UserDetailsServiceAutoConfiguration : 

Using generated security password: d321d20e-0428-4c54-990a-9b5c6b51d608

This generated password is for development use only. Your security configuration must be updated before running your application in production.

2026-06-15T15:37:19.399-04:00  INFO 347959 --- [core-sifa-test] [main] r$InitializeUserDetailsManagerConfigurer : Global AuthenticationManager configured with UserDetailsService bean with name inMemoryUserDetailsManager
2026-06-15T15:37:19.633-04:00  INFO 347959 --- [core-sifa-test] [main] o.s.b.t.m.w.SpringBootMockServletContext : Initializing Spring TestDispatcherServlet ''
2026-06-15T15:37:19.634-04:00  INFO 347959 --- [core-sifa-test] [main] o.s.t.web.servlet.TestDispatcherServlet  : Initializing Servlet ''
2026-06-15T15:37:19.635-04:00  INFO 347959 --- [core-sifa-test] [main] o.s.t.web.servlet.TestDispatcherServlet  : Completed initialization in 1 ms
2026-06-15T15:37:19.649-04:00  INFO 347959 --- [core-sifa-test] [main] c.s.c.c.TipoInfraccionControllerTest     : Started TipoInfraccionControllerTest in 0.747 seconds (process running for 22.181)
2026-06-15T15:37:19.989-04:00  INFO 347959 --- [core-sifa-test] [main] c.s.c.c.TipoInfraccionController         : Creando tipo de infracción
2026-06-15T15:37:20.008-04:00  INFO 347959 --- [core-sifa-test] [main] c.s.c.c.TipoInfraccionController         : Obteniendo tipos de infracción paginados - página: 0, tamaño: 10
2026-06-15T15:37:20.016-04:00  WARN 347959 --- [core-sifa-test] [main] ration$PageModule$WarningLoggingModifier : Serializing PageImpl instances as-is is not supported, meaning that there is no guarantee about the stability of the resulting JSON structure!
	For a stable JSON structure, please use Spring Data's PagedModel (globally via @EnableSpringDataWebSupport(pageSerializationMode = VIA_DTO))
	or Spring HATEOAS and Spring Data's PagedResourcesAssembler as documented in https://docs.spring.io/spring-data/commons/reference/repositories/core-extensions.html#core.web.pageables.

2026-06-15T15:37:20.048-04:00  INFO 347959 --- [core-sifa-test] [main] c.s.c.c.TipoInfraccionController         : Eliminando (deshabilitando) tipo de infracción con id 1
2026-06-15T15:37:20.065-04:00  INFO 347959 --- [core-sifa-test] [main] c.s.c.c.TipoInfraccionController         : Actualizando tipo de infracción con id 1
2026-06-15T15:37:20.079-04:00  INFO 347959 --- [core-sifa-test] [main] t.c.s.AnnotationConfigContextLoaderUtils : Could not detect default configuration classes for test class [com.sifa.core_sifa.controller.CitacionControllerTest]: CitacionControllerTest does not declare any static, non-private, non-final, nested classes annotated with @Configuration.
2026-06-15T15:37:20.103-04:00  INFO 347959 --- [core-sifa-test] [main] .b.t.c.SpringBootTestContextBootstrapper : Found @SpringBootConfiguration com.sifa.core_sifa.CoreSifaApplication for test class com.sifa.core_sifa.controller.CitacionControllerTest
2026-06-15T15:37:20.164-04:00  INFO 347959 --- [core-sifa-test] [main] c.s.c.controller.CitacionControllerTest  : Starting CitacionControllerTest using Java 21.0.11 with PID 347959 (started by andres-ortega in /home/andres-ortega/Escritorio/proyects/core-sifa)
2026-06-15T15:37:20.165-04:00  INFO 347959 --- [core-sifa-test] [main] c.s.c.controller.CitacionControllerTest  : The following 1 profile is active: "test"
2026-06-15T15:37:20.493-04:00  WARN 347959 --- [core-sifa-test] [main] .s.s.UserDetailsServiceAutoConfiguration : 

Using generated security password: 0ed0fc09-8878-486b-bf4a-e893b1815147

This generated password is for development use only. Your security configuration must be updated before running your application in production.

2026-06-15T15:37:20.495-04:00  INFO 347959 --- [core-sifa-test] [main] r$InitializeUserDetailsManagerConfigurer : Global AuthenticationManager configured with UserDetailsService bean with name inMemoryUserDetailsManager
2026-06-15T15:37:20.664-04:00  INFO 347959 --- [core-sifa-test] [main] o.s.b.t.m.w.SpringBootMockServletContext : Initializing Spring TestDispatcherServlet ''
2026-06-15T15:37:20.665-04:00  INFO 347959 --- [core-sifa-test] [main] o.s.t.web.servlet.TestDispatcherServlet  : Initializing Servlet ''
2026-06-15T15:37:20.666-04:00  INFO 347959 --- [core-sifa-test] [main] o.s.t.web.servlet.TestDispatcherServlet  : Completed initialization in 1 ms
2026-06-15T15:37:20.677-04:00  INFO 347959 --- [core-sifa-test] [main] c.s.c.controller.CitacionControllerTest  : Started CitacionControllerTest in 0.568 seconds (process running for 23.21)
2026-06-15T15:37:20.708-04:00  INFO 347959 --- [core-sifa-test] [main] c.s.c.controller.CitacionController      : Petición PUT para actualizar citación ID: 1 recibida. Administrativo: jpl@test.cl
2026-06-15T15:37:20.737-04:00  INFO 347959 --- [core-sifa-test] [main] c.s.c.controller.CitacionController      : Petición GET para listar citaciones - page: 0, size: 10, startDate: null, endDate: null, search: null
2026-06-15T15:37:20.743-04:00  WARN 347959 --- [core-sifa-test] [main] ration$PageModule$WarningLoggingModifier : Serializing PageImpl instances as-is is not supported, meaning that there is no guarantee about the stability of the resulting JSON structure!
	For a stable JSON structure, please use Spring Data's PagedModel (globally via @EnableSpringDataWebSupport(pageSerializationMode = VIA_DTO))
	or Spring HATEOAS and Spring Data's PagedResourcesAssembler as documented in https://docs.spring.io/spring-data/commons/reference/repositories/core-extensions.html#core.web.pageables.

2026-06-15T15:37:20.773-04:00  INFO 347959 --- [core-sifa-test] [main] c.s.c.controller.CitacionController      : Petición GET para citación ID: 1
2026-06-15T15:37:20.788-04:00  INFO 347959 --- [core-sifa-test] [main] t.c.s.AnnotationConfigContextLoaderUtils : Could not detect default configuration classes for test class [com.sifa.core_sifa.controller.InfraccionControllerTest]: InfraccionControllerTest does not declare any static, non-private, non-final, nested classes annotated with @Configuration.
2026-06-15T15:37:20.810-04:00  INFO 347959 --- [core-sifa-test] [main] .b.t.c.SpringBootTestContextBootstrapper : Found @SpringBootConfiguration com.sifa.core_sifa.CoreSifaApplication for test class com.sifa.core_sifa.controller.InfraccionControllerTest
2026-06-15T15:37:20.848-04:00  INFO 347959 --- [core-sifa-test] [main] c.s.c.c.InfraccionControllerTest         : Starting InfraccionControllerTest using Java 21.0.11 with PID 347959 (started by andres-ortega in /home/andres-ortega/Escritorio/proyects/core-sifa)
2026-06-15T15:37:20.849-04:00  INFO 347959 --- [core-sifa-test] [main] c.s.c.c.InfraccionControllerTest         : The following 1 profile is active: "test"
2026-06-15T15:37:21.247-04:00  WARN 347959 --- [core-sifa-test] [main] .s.s.UserDetailsServiceAutoConfiguration : 

Using generated security password: 74b786d4-2225-4151-8cf3-498224eb2d32

This generated password is for development use only. Your security configuration must be updated before running your application in production.

2026-06-15T15:37:21.248-04:00  INFO 347959 --- [core-sifa-test] [main] r$InitializeUserDetailsManagerConfigurer : Global AuthenticationManager configured with UserDetailsService bean with name inMemoryUserDetailsManager
2026-06-15T15:37:21.398-04:00  INFO 347959 --- [core-sifa-test] [main] o.s.b.t.m.w.SpringBootMockServletContext : Initializing Spring TestDispatcherServlet ''
2026-06-15T15:37:21.398-04:00  INFO 347959 --- [core-sifa-test] [main] o.s.t.web.servlet.TestDispatcherServlet  : Initializing Servlet ''
2026-06-15T15:37:21.399-04:00  INFO 347959 --- [core-sifa-test] [main] o.s.t.web.servlet.TestDispatcherServlet  : Completed initialization in 1 ms
2026-06-15T15:37:21.407-04:00  INFO 347959 --- [core-sifa-test] [main] c.s.c.c.InfraccionControllerTest         : Started InfraccionControllerTest in 0.592 seconds (process running for 23.94)
2026-06-15T15:37:21.432-04:00  INFO 347959 --- [core-sifa-test] [main] c.s.c.controller.InfraccionController    : Petición PATCH recibida para actualizar estado de infracción ID: 1 a accepted
2026-06-15T15:37:21.465-04:00  INFO 347959 --- [core-sifa-test] [main] c.s.c.controller.InfraccionController    : Petición GET para estadísticas del Dashboard
2026-06-15T15:37:21.491-04:00  INFO 347959 --- [core-sifa-test] [main] c.s.c.controller.InfraccionController    : Obteniendo infracciones paginadas
2026-06-15T15:37:21.496-04:00  WARN 347959 --- [core-sifa-test] [main] ration$PageModule$WarningLoggingModifier : Serializing PageImpl instances as-is is not supported, meaning that there is no guarantee about the stability of the resulting JSON structure!
	For a stable JSON structure, please use Spring Data's PagedModel (globally via @EnableSpringDataWebSupport(pageSerializationMode = VIA_DTO))
	or Spring HATEOAS and Spring Data's PagedResourcesAssembler as documented in https://docs.spring.io/spring-data/commons/reference/repositories/core-extensions.html#core.web.pageables.

2026-06-15T15:37:21.537-04:00  INFO 347959 --- [core-sifa-test] [main] c.s.c.controller.InfraccionController    : Obteniendo infracciones paginadas
2026-06-15T15:37:21.561-04:00  INFO 347959 --- [core-sifa-test] [main] c.s.c.controller.InfraccionController    : Petición GET para reporte de productividad
2026-06-15T15:37:21.590-04:00  INFO 347959 --- [core-sifa-test] [main] c.s.c.controller.InfraccionController    : Petición para procesar infracción ID: 1 recibida. Administrativo JPL ID: jpl@test.cl
2026-06-15T15:37:21.607-04:00  INFO 347959 --- [core-sifa-test] [main] c.s.c.controller.InfraccionController    : Obteniendo resumen del reporte de infracciones
2026-06-15T15:37:21.631-04:00  INFO 347959 --- [core-sifa-test] [main] c.s.c.controller.InfraccionController    : Obteniendo infraccion con id: 1
2026-06-15T15:37:21.643-04:00  INFO 347959 --- [core-sifa-test] [main] c.s.c.controller.InfraccionController    : Obteniendo coordenadas de infracciones para el mapa de calor
2026-06-15T15:37:21.706-04:00  INFO 347959 --- [core-sifa-test] [main] c.s.c.controller.InfraccionController    : Petición de creación de infracción recibida desde el Gateway. Fiscalizador ID: fiscalizador@test.cl
2026-06-15T15:37:21.936-04:00  INFO 347959 --- [core-sifa-test] [main] c.s.c.service.TipoInfraccionServiceImpl  : Creando tipo de infracción: Nuevo Tipo
2026-06-15T15:37:21.944-04:00  INFO 347959 --- [core-sifa-test] [main] c.s.c.service.TipoInfraccionServiceImpl  : Buscando tipo de infracción con id: 1
2026-06-15T15:37:21.949-04:00  INFO 347959 --- [core-sifa-test] [main] c.s.c.service.TipoInfraccionServiceImpl  : Buscando tipo de infracción con id: 99
2026-06-15T15:37:21.955-04:00  INFO 347959 --- [core-sifa-test] [main] c.s.c.service.TipoInfraccionServiceImpl  : Deshabilitando tipo de infracción con id: 1
2026-06-15T15:37:21.973-04:00  INFO 347959 --- [core-sifa-test] [main] c.s.c.service.TipoInfraccionServiceImpl  : Deshabilitando tipo de infracción con id: 99
2026-06-15T15:37:21.979-04:00  INFO 347959 --- [core-sifa-test] [main] c.s.c.service.TipoInfraccionServiceImpl  : Actualizando tipo de infracción con id: 1
2026-06-15T15:37:21.983-04:00  INFO 347959 --- [core-sifa-test] [main] c.s.c.service.TipoInfraccionServiceImpl  : Listando todos los tipos de infracción
2026-06-15T15:37:21.988-04:00  INFO 347959 --- [core-sifa-test] [main] c.s.c.service.TipoInfraccionServiceImpl  : Listando tipos de infracción paginados - página: 0, tamaño: 10
2026-06-15T15:37:22.406-04:00  INFO 347959 --- [core-sifa-test] [main] c.s.c.s.i.InfraccionServiceImpl          : Buscando infracciones por patente: ABCD12
2026-06-15T15:37:22.411-04:00  INFO 347959 --- [core-sifa-test] [main] c.s.c.s.i.InfraccionServiceImpl          : Buscando infraccion con id: 1
2026-06-15T15:37:22.415-04:00  INFO 347959 --- [core-sifa-test] [main] c.s.c.s.i.InfraccionServiceImpl          : Administrativo JPL jpl@test.cl procesando infracción ID: 1
2026-06-15T15:37:22.420-04:00  INFO 347959 --- [core-sifa-test] [main] c.s.c.s.i.InfraccionServiceImpl          : Administrativo JPL jpl@test.cl procesando infracción ID: 1
2026-06-15T15:37:22.426-04:00  INFO 347959 --- [core-sifa-test] [main] c.s.c.s.i.InfraccionServiceImpl          : Administrativo JPL jpl@test.cl procesando infracción ID: 1
2026-06-15T15:37:22.427-04:00  INFO 347959 --- [core-sifa-test] [main] c.s.c.s.i.InfraccionServiceImpl          : Infracción ID: 1 procesada exitosamente con estado: APROBADA
2026-06-15T15:37:22.440-04:00  INFO 347959 --- [core-sifa-test] [main] c.s.c.s.i.InfraccionServiceImpl          : Generando reporte de productividad de fiscalizadores
2026-06-15T15:37:22.445-04:00  INFO 347959 --- [core-sifa-test] [main] c.s.c.s.i.InfraccionServiceImpl          : Buscando infraccion con id: 99
2026-06-15T15:37:22.455-04:00  INFO 347959 --- [core-sifa-test] [main] c.s.c.s.i.InfraccionServiceImpl          : Iniciando creación de infracción para patente: ABCD12
2026-06-15T15:37:22.462-04:00  INFO 347959 --- [core-sifa-test] [main] c.s.c.s.i.InfraccionServiceImpl          : Generando estadísticas del Dashboard
2026-06-15T15:37:22.470-04:00  INFO 347959 --- [core-sifa-test] [main] c.s.c.s.i.InfraccionServiceImpl          : Iniciando creación de infracción para patente: ABCD12
2026-06-15T15:37:22.477-04:00  INFO 347959 --- [core-sifa-test] [main] c.s.c.s.i.InfraccionServiceImpl          : Generando reporte de productividad de fiscalizadores
2026-06-15T15:37:22.564-04:00  INFO 347959 --- [core-sifa-test] [main] c.s.c.s.i.InfraccionServiceImpl          : Iniciando creación de infracción para patente: ABCD12
2026-06-15T15:37:22.565-04:00  INFO 347959 --- [core-sifa-test] [main] c.s.c.s.i.InfraccionServiceImpl          : Infracción creada exitosamente con ID: 1
2026-06-15T15:37:22.565-04:00  INFO 347959 --- [core-sifa-test] [main] c.s.c.s.i.InfraccionServiceImpl          : [+] Citación empadronada gatillada y enlazada automáticamente en la transacción.
2026-06-15T15:37:22.569-04:00  INFO 347959 --- [core-sifa-test] [main] c.s.c.s.i.InfraccionServiceImpl          : Buscando infracciones por id Fiscalizador: fiscalizador@test.cl
2026-06-15T15:37:22.573-04:00  INFO 347959 --- [core-sifa-test] [main] c.s.c.s.i.InfraccionServiceImpl          : Editando infracción ID: 1
2026-06-15T15:37:22.578-04:00  INFO 347959 --- [core-sifa-test] [main] c.s.c.s.i.InfraccionServiceImpl          : Listando todas las infracciones
2026-06-15T15:37:22.702-04:00  INFO 347959 --- [core-sifa-test] [main] c.s.c.s.FiscalizadorPresenciaService     : Recibiendo latido de presencia de: fiscalizador@test.cl
2026-06-15T15:37:22.820-04:00  INFO 347959 --- [core-sifa-test] [main] c.s.core_sifa.service.CitacionService    : Administrativo jpl@test.cl actualizando citación 1.
2026-06-15T15:37:22.822-04:00  INFO 347959 --- [core-sifa-test] [main] c.s.core_sifa.service.CitacionService    : Citacion actualizada exitosamente con ID 1
2026-06-15T15:37:22.827-04:00  INFO 347959 --- [core-sifa-test] [main] c.s.core_sifa.service.CitacionService    : Creando citación para la infracción ID: 1
2026-06-15T15:37:22.836-04:00  INFO 347959 --- [core-sifa-test] [main] c.s.core_sifa.service.CitacionService    : Buscando citación con ID: 1
2026-06-15T15:37:22.845-04:00  INFO 347959 --- [core-sifa-test] [main] c.s.core_sifa.service.CitacionService    : Administrativo jpl@test.cl actualizando citación 99.
2026-06-15T15:37:22.850-04:00  INFO 347959 --- [core-sifa-test] [main] c.s.core_sifa.service.CitacionService    : Listando citaciones con filtros - startDate: null, endDate: null, search: null
2026-06-15T15:37:22.858-04:00  INFO 347959 --- [core-sifa-test] [main] c.s.core_sifa.service.CitacionService    : Buscando citación con ID: 99
2026-06-15T15:37:22.865-04:00  INFO 347959 --- [core-sifa-test] [main] c.s.core_sifa.service.CitacionService    : Creando citación para la infracción ID: 1
2026-06-15T15:37:22.866-04:00  INFO 347959 --- [core-sifa-test] [main] c.s.core_sifa.service.CitacionService    : Citación ID 1 creada exitosamente
2026-06-15T15:37:22.871-04:00  INFO 347959 --- [core-sifa-test] [main] c.s.core_sifa.service.CitacionService    : Creando citación para la infracción ID: 99
2026-06-15T15:37:22.879-04:00  INFO 347959 --- [core-sifa-test] [main] t.c.s.AnnotationConfigContextLoaderUtils : Could not detect default configuration classes for test class [com.sifa.core_sifa.CoreSifaApplicationTests]: CoreSifaApplicationTests does not declare any static, non-private, non-final, nested classes annotated with @Configuration.
2026-06-15T15:37:22.890-04:00  INFO 347959 --- [core-sifa-test] [main] .b.t.c.SpringBootTestContextBootstrapper : Found @SpringBootConfiguration com.sifa.core_sifa.CoreSifaApplication for test class com.sifa.core_sifa.CoreSifaApplicationTests
2026-06-15T15:37:22.911-04:00  INFO 347959 --- [core-sifa-test] [main] t.c.s.AnnotationConfigContextLoaderUtils : Could not detect default configuration classes for test class [com.sifa.core_sifa.repository.IInfraccionRepositoryTest]: IInfraccionRepositoryTest does not declare any static, non-private, non-final, nested classes annotated with @Configuration.
2026-06-15T15:37:22.929-04:00  INFO 347959 --- [core-sifa-test] [main] .b.t.c.SpringBootTestContextBootstrapper : Found @SpringBootConfiguration com.sifa.core_sifa.CoreSifaApplication for test class com.sifa.core_sifa.repository.IInfraccionRepositoryTest
2026-06-15T15:37:23.537-04:00  INFO 347959 --- [core-sifa-test] [main] t.c.s.AnnotationConfigContextLoaderUtils : Could not detect default configuration classes for test class [com.sifa.core_sifa.repository.ICitacionRepositoryTest]: ICitacionRepositoryTest does not declare any static, non-private, non-final, nested classes annotated with @Configuration.
2026-06-15T15:37:23.539-04:00  INFO 347959 --- [core-sifa-test] [main] .b.t.c.SpringBootTestContextBootstrapper : Found @SpringBootConfiguration com.sifa.core_sifa.CoreSifaApplication for test class com.sifa.core_sifa.repository.ICitacionRepositoryTest
2026-06-15T15:37:24.050-04:00  INFO 347959 --- [core-sifa-test] [SpringApplicationShutdownHook] j.LocalContainerEntityManagerFactoryBean : Closing JPA EntityManagerFactory for persistence unit 'default'
2026-06-15T15:37:24.059-04:00  INFO 347959 --- [core-sifa-test] [SpringApplicationShutdownHook] com.zaxxer.hikari.HikariDataSource       : HikariPool-1 - Shutdown initiated...
2026-06-15T15:37:24.061-04:00  INFO 347959 --- [core-sifa-test] [SpringApplicationShutdownHook] com.zaxxer.hikari.HikariDataSource       : HikariPool-1 - Shutdown completed.
2026-06-15T15:37:41.094-04:00  INFO 348845 --- [core-sifa-test] [main] c.s.c.i.InfraccionFlowIntegrationTest    : Starting InfraccionFlowIntegrationTest using Java 21.0.11 with PID 348845 (started by andres-ortega in /home/andres-ortega/Escritorio/proyects/core-sifa)
2026-06-15T15:37:41.097-04:00  INFO 348845 --- [core-sifa-test] [main] c.s.c.i.InfraccionFlowIntegrationTest    : The following 2 profiles are active: "test", "dev"
2026-06-15T15:37:42.919-04:00  INFO 348845 --- [core-sifa-test] [main] .s.d.r.c.RepositoryConfigurationDelegate : Bootstrapping Spring Data JPA repositories in DEFAULT mode.
2026-06-15T15:37:43.080-04:00  INFO 348845 --- [core-sifa-test] [main] .s.d.r.c.RepositoryConfigurationDelegate : Finished Spring Data repository scanning in 144 ms. Found 10 JPA repository interfaces.
2026-06-15T15:37:45.885-04:00  INFO 348845 --- [core-sifa-test] [main] o.hibernate.jpa.internal.util.LogHelper  : HHH000204: Processing PersistenceUnitInfo [name: default]
2026-06-15T15:37:46.117-04:00  INFO 348845 --- [core-sifa-test] [main] org.hibernate.Version                    : HHH000412: Hibernate ORM core version 6.6.8.Final
2026-06-15T15:37:46.255-04:00  INFO 348845 --- [core-sifa-test] [main] o.h.c.internal.RegionFactoryInitiator    : HHH000026: Second-level cache disabled
2026-06-15T15:37:46.676-04:00  INFO 348845 --- [core-sifa-test] [main] o.s.o.j.p.SpringPersistenceUnitInfo      : No LoadTimeWeaver setup: ignoring JPA class transformer
2026-06-15T15:37:46.796-04:00  INFO 348845 --- [core-sifa-test] [main] com.zaxxer.hikari.HikariDataSource       : HikariPool-1 - Starting...
2026-06-15T15:37:47.550-04:00  INFO 348845 --- [core-sifa-test] [main] com.zaxxer.hikari.pool.HikariPool        : HikariPool-1 - Added connection conn0: url=jdbc:h2:mem:testdb user=SA
2026-06-15T15:37:47.555-04:00  INFO 348845 --- [core-sifa-test] [main] com.zaxxer.hikari.HikariDataSource       : HikariPool-1 - Start completed.
2026-06-15T15:37:47.610-04:00  WARN 348845 --- [core-sifa-test] [main] org.hibernate.orm.deprecation            : HHH90000025: H2Dialect does not need to be specified explicitly using 'hibernate.dialect' (remove the property setting and it will be selected by default)
2026-06-15T15:37:47.662-04:00  INFO 348845 --- [core-sifa-test] [main] org.hibernate.orm.connections.pooling    : HHH10001005: Database info:
	Database JDBC URL [Connecting through datasource 'HikariDataSource (HikariPool-1)']
	Database driver: undefined/unknown
	Database version: 2.3.232
	Autocommit mode: undefined/unknown
	Isolation level: undefined/unknown
	Minimum pool size: undefined/unknown
	Maximum pool size: undefined/unknown
2026-06-15T15:37:50.210-04:00  INFO 348845 --- [core-sifa-test] [main] o.h.e.t.j.p.i.JtaPlatformInitiator       : HHH000489: No JTA platform available (set 'hibernate.transaction.jta.platform' to enable JTA platform integration)
2026-06-15T15:37:50.378-04:00  INFO 348845 --- [core-sifa-test] [main] j.LocalContainerEntityManagerFactoryBean : Initialized JPA EntityManagerFactory for persistence unit 'default'
2026-06-15T15:37:50.985-04:00  INFO 348845 --- [core-sifa-test] [main] o.s.d.j.r.query.QueryEnhancerFactory     : Hibernate is in classpath; If applicable, HQL parser will be used.
2026-06-15T15:37:55.876-04:00  WARN 348845 --- [core-sifa-test] [main] JpaBaseConfiguration$JpaWebConfiguration : spring.jpa.open-in-view is enabled by default. Therefore, database queries may be performed during view rendering. Explicitly configure spring.jpa.open-in-view to disable this warning
2026-06-15T15:37:55.912-04:00  WARN 348845 --- [core-sifa-test] [main] .s.s.UserDetailsServiceAutoConfiguration : 

Using generated security password: 0c8ae6a5-d475-4799-9bcf-1ccc9e539fd4

This generated password is for development use only. Your security configuration must be updated before running your application in production.

2026-06-15T15:37:55.941-04:00  INFO 348845 --- [core-sifa-test] [main] r$InitializeUserDetailsManagerConfigurer : Global AuthenticationManager configured with UserDetailsService bean with name inMemoryUserDetailsManager
2026-06-15T15:37:57.366-04:00  INFO 348845 --- [core-sifa-test] [main] c.s.c.i.InfraccionFlowIntegrationTest    : Started InfraccionFlowIntegrationTest in 17.021 seconds (process running for 19.466)
2026-06-15T15:37:57.371-04:00  INFO 348845 --- [core-sifa-test] [main] c.s.c.config.DataInitializerConfig       : ========================================================
2026-06-15T15:37:57.371-04:00  INFO 348845 --- [core-sifa-test] [main] c.s.c.config.DataInitializerConfig       : Verificando e inicializando Dataset de prueba en MySQL...
2026-06-15T15:37:57.588-04:00  INFO 348845 --- [core-sifa-test] [main] c.s.c.config.DataInitializerConfig       : [+] Tipo de Infracción 'Mal Estacionado' registrado.
2026-06-15T15:37:57.640-04:00  INFO 348845 --- [core-sifa-test] [main] c.s.c.config.DataInitializerConfig       : [+] Propietario RUT 9330521-3 registrado exitosamente.
2026-06-15T15:37:57.681-04:00  INFO 348845 --- [core-sifa-test] [main] c.s.c.config.DataInitializerConfig       : [+] Vehículo patente TZPW11 (Subaru Outback) registrado y enlazado al RUT 9330521-3.
2026-06-15T15:37:57.682-04:00  INFO 348845 --- [core-sifa-test] [main] c.s.c.config.DataInitializerConfig       : Dataset inicial revisado y/o cargado correctamente.
2026-06-15T15:37:57.682-04:00  INFO 348845 --- [core-sifa-test] [main] c.s.c.config.DataInitializerConfig       : ========================================================
2026-06-15T15:37:57.812-04:00  INFO 348845 --- [core-sifa-test] [main] c.s.c.s.i.InfraccionServiceImpl          : Iniciando creación de infracción para patente: INTG11
2026-06-15T15:37:57.818-04:00  INFO 348845 --- [core-sifa-test] [main] c.s.c.s.storage.MockStorageServiceImpl   : MOCK STORAGE -> Archivo simulado: https://mock.sifa.cl/INTG11_1.jpg
2026-06-15T15:37:57.818-04:00  INFO 348845 --- [core-sifa-test] [main] c.s.c.s.storage.MockStorageServiceImpl   : MOCK STORAGE -> Archivo simulado: https://mock.sifa.cl/INTG11_2.jpg
2026-06-15T15:37:57.828-04:00  INFO 348845 --- [core-sifa-test] [main] c.s.c.s.i.InfraccionServiceImpl          : Infracción creada exitosamente con ID: 1
2026-06-15T15:37:57.829-04:00  INFO 348845 --- [core-sifa-test] [main] c.s.core_sifa.service.CitacionService    : Creando citación para la infracción ID: 1
2026-06-15T15:37:57.835-04:00  INFO 348845 --- [core-sifa-test] [main] c.s.core_sifa.service.CitacionService    : Citación ID 1 creada exitosamente
2026-06-15T15:37:57.845-04:00  INFO 348845 --- [core-sifa-test] [main] c.s.c.s.i.InfraccionServiceImpl          : [+] Citación empadronada gatillada y enlazada automáticamente en la transacción.
2026-06-15T15:37:57.967-04:00  INFO 348845 --- [core-sifa-test] [main] c.s.c.s.i.InfraccionServiceImpl          : Buscando infraccion con id: 1
2026-06-15T15:37:57.979-04:00  INFO 348845 --- [core-sifa-test] [main] c.s.c.s.i.InfraccionServiceImpl          : Administrativo JPL jpl@test.cl procesando infracción ID: 1
2026-06-15T15:37:57.984-04:00  INFO 348845 --- [core-sifa-test] [main] c.s.c.s.i.InfraccionServiceImpl          : Infracción ID: 1 procesada exitosamente con estado: APROBADA
2026-06-15T15:37:58.028-04:00  INFO 348845 --- [core-sifa-test] [main] c.s.c.s.audits.AuditLogServiceImpl       : Auditoría guardada exitosamente | Usuario: jpl@test.cl | Acción: PROCESAR_INFRACCION
2026-06-15T15:37:58.110-04:00  INFO 348845 --- [core-sifa-test] [main] t.c.s.AnnotationConfigContextLoaderUtils : Could not detect default configuration classes for test class [com.sifa.core_sifa.controller.TipoInfraccionControllerTest]: TipoInfraccionControllerTest does not declare any static, non-private, non-final, nested classes annotated with @Configuration.
2026-06-15T15:37:58.179-04:00  INFO 348845 --- [core-sifa-test] [main] .b.t.c.SpringBootTestContextBootstrapper : Found @SpringBootConfiguration com.sifa.core_sifa.CoreSifaApplication for test class com.sifa.core_sifa.controller.TipoInfraccionControllerTest
2026-06-15T15:37:58.235-04:00  INFO 348845 --- [core-sifa-test] [main] c.s.c.c.TipoInfraccionControllerTest     : Starting TipoInfraccionControllerTest using Java 21.0.11 with PID 348845 (started by andres-ortega in /home/andres-ortega/Escritorio/proyects/core-sifa)
2026-06-15T15:37:58.236-04:00  INFO 348845 --- [core-sifa-test] [main] c.s.c.c.TipoInfraccionControllerTest     : The following 1 profile is active: "test"
2026-06-15T15:37:58.630-04:00  WARN 348845 --- [core-sifa-test] [main] .s.s.UserDetailsServiceAutoConfiguration : 

Using generated security password: 03d7ed6b-7f3e-4589-9006-f5ccdb2a7ec2

This generated password is for development use only. Your security configuration must be updated before running your application in production.

2026-06-15T15:37:58.631-04:00  INFO 348845 --- [core-sifa-test] [main] r$InitializeUserDetailsManagerConfigurer : Global AuthenticationManager configured with UserDetailsService bean with name inMemoryUserDetailsManager
2026-06-15T15:37:58.885-04:00  INFO 348845 --- [core-sifa-test] [main] o.s.b.t.m.w.SpringBootMockServletContext : Initializing Spring TestDispatcherServlet ''
2026-06-15T15:37:58.885-04:00  INFO 348845 --- [core-sifa-test] [main] o.s.t.web.servlet.TestDispatcherServlet  : Initializing Servlet ''
2026-06-15T15:37:58.886-04:00  INFO 348845 --- [core-sifa-test] [main] o.s.t.web.servlet.TestDispatcherServlet  : Completed initialization in 0 ms
2026-06-15T15:37:58.903-04:00  INFO 348845 --- [core-sifa-test] [main] c.s.c.c.TipoInfraccionControllerTest     : Started TipoInfraccionControllerTest in 0.716 seconds (process running for 21.003)
2026-06-15T15:37:59.300-04:00  INFO 348845 --- [core-sifa-test] [main] c.s.c.c.TipoInfraccionController         : Creando tipo de infracción
2026-06-15T15:37:59.322-04:00  INFO 348845 --- [core-sifa-test] [main] c.s.c.c.TipoInfraccionController         : Obteniendo tipos de infracción paginados - página: 0, tamaño: 10
2026-06-15T15:37:59.332-04:00  WARN 348845 --- [core-sifa-test] [main] ration$PageModule$WarningLoggingModifier : Serializing PageImpl instances as-is is not supported, meaning that there is no guarantee about the stability of the resulting JSON structure!
	For a stable JSON structure, please use Spring Data's PagedModel (globally via @EnableSpringDataWebSupport(pageSerializationMode = VIA_DTO))
	or Spring HATEOAS and Spring Data's PagedResourcesAssembler as documented in https://docs.spring.io/spring-data/commons/reference/repositories/core-extensions.html#core.web.pageables.

2026-06-15T15:37:59.365-04:00  INFO 348845 --- [core-sifa-test] [main] c.s.c.c.TipoInfraccionController         : Eliminando (deshabilitando) tipo de infracción con id 1
2026-06-15T15:37:59.382-04:00  INFO 348845 --- [core-sifa-test] [main] c.s.c.c.TipoInfraccionController         : Actualizando tipo de infracción con id 1
2026-06-15T15:37:59.397-04:00  INFO 348845 --- [core-sifa-test] [main] t.c.s.AnnotationConfigContextLoaderUtils : Could not detect default configuration classes for test class [com.sifa.core_sifa.controller.CitacionControllerTest]: CitacionControllerTest does not declare any static, non-private, non-final, nested classes annotated with @Configuration.
2026-06-15T15:37:59.416-04:00  INFO 348845 --- [core-sifa-test] [main] .b.t.c.SpringBootTestContextBootstrapper : Found @SpringBootConfiguration com.sifa.core_sifa.CoreSifaApplication for test class com.sifa.core_sifa.controller.CitacionControllerTest
2026-06-15T15:37:59.462-04:00  INFO 348845 --- [core-sifa-test] [main] c.s.c.controller.CitacionControllerTest  : Starting CitacionControllerTest using Java 21.0.11 with PID 348845 (started by andres-ortega in /home/andres-ortega/Escritorio/proyects/core-sifa)
2026-06-15T15:37:59.463-04:00  INFO 348845 --- [core-sifa-test] [main] c.s.c.controller.CitacionControllerTest  : The following 1 profile is active: "test"
2026-06-15T15:37:59.784-04:00  WARN 348845 --- [core-sifa-test] [main] .s.s.UserDetailsServiceAutoConfiguration : 

Using generated security password: 4ec7e023-cddc-47bf-95e7-df7ff3129304

This generated password is for development use only. Your security configuration must be updated before running your application in production.

2026-06-15T15:37:59.785-04:00  INFO 348845 --- [core-sifa-test] [main] r$InitializeUserDetailsManagerConfigurer : Global AuthenticationManager configured with UserDetailsService bean with name inMemoryUserDetailsManager
2026-06-15T15:37:59.920-04:00  INFO 348845 --- [core-sifa-test] [main] o.s.b.t.m.w.SpringBootMockServletContext : Initializing Spring TestDispatcherServlet ''
2026-06-15T15:37:59.921-04:00  INFO 348845 --- [core-sifa-test] [main] o.s.t.web.servlet.TestDispatcherServlet  : Initializing Servlet ''
2026-06-15T15:37:59.921-04:00  INFO 348845 --- [core-sifa-test] [main] o.s.t.web.servlet.TestDispatcherServlet  : Completed initialization in 0 ms
2026-06-15T15:37:59.928-04:00  INFO 348845 --- [core-sifa-test] [main] c.s.c.controller.CitacionControllerTest  : Started CitacionControllerTest in 0.505 seconds (process running for 22.028)
2026-06-15T15:37:59.956-04:00  INFO 348845 --- [core-sifa-test] [main] c.s.c.controller.CitacionController      : Petición PUT para actualizar citación ID: 1 recibida. Administrativo: jpl@test.cl
2026-06-15T15:37:59.977-04:00  INFO 348845 --- [core-sifa-test] [main] c.s.c.controller.CitacionController      : Petición GET para listar citaciones - page: 0, size: 10, startDate: null, endDate: null, search: null
2026-06-15T15:37:59.982-04:00  WARN 348845 --- [core-sifa-test] [main] ration$PageModule$WarningLoggingModifier : Serializing PageImpl instances as-is is not supported, meaning that there is no guarantee about the stability of the resulting JSON structure!
	For a stable JSON structure, please use Spring Data's PagedModel (globally via @EnableSpringDataWebSupport(pageSerializationMode = VIA_DTO))
	or Spring HATEOAS and Spring Data's PagedResourcesAssembler as documented in https://docs.spring.io/spring-data/commons/reference/repositories/core-extensions.html#core.web.pageables.

2026-06-15T15:38:00.006-04:00  INFO 348845 --- [core-sifa-test] [main] c.s.c.controller.CitacionController      : Petición GET para citación ID: 1
2026-06-15T15:38:00.018-04:00  INFO 348845 --- [core-sifa-test] [main] t.c.s.AnnotationConfigContextLoaderUtils : Could not detect default configuration classes for test class [com.sifa.core_sifa.controller.InfraccionControllerTest]: InfraccionControllerTest does not declare any static, non-private, non-final, nested classes annotated with @Configuration.
2026-06-15T15:38:00.039-04:00  INFO 348845 --- [core-sifa-test] [main] .b.t.c.SpringBootTestContextBootstrapper : Found @SpringBootConfiguration com.sifa.core_sifa.CoreSifaApplication for test class com.sifa.core_sifa.controller.InfraccionControllerTest
2026-06-15T15:38:00.075-04:00  INFO 348845 --- [core-sifa-test] [main] c.s.c.c.InfraccionControllerTest         : Starting InfraccionControllerTest using Java 21.0.11 with PID 348845 (started by andres-ortega in /home/andres-ortega/Escritorio/proyects/core-sifa)
2026-06-15T15:38:00.075-04:00  INFO 348845 --- [core-sifa-test] [main] c.s.c.c.InfraccionControllerTest         : The following 1 profile is active: "test"
2026-06-15T15:38:00.386-04:00  WARN 348845 --- [core-sifa-test] [main] .s.s.UserDetailsServiceAutoConfiguration : 

Using generated security password: 27a5b00c-198e-4822-a203-cd9803b5585b

This generated password is for development use only. Your security configuration must be updated before running your application in production.

2026-06-15T15:38:00.388-04:00  INFO 348845 --- [core-sifa-test] [main] r$InitializeUserDetailsManagerConfigurer : Global AuthenticationManager configured with UserDetailsService bean with name inMemoryUserDetailsManager
2026-06-15T15:38:00.498-04:00  INFO 348845 --- [core-sifa-test] [main] o.s.b.t.m.w.SpringBootMockServletContext : Initializing Spring TestDispatcherServlet ''
2026-06-15T15:38:00.498-04:00  INFO 348845 --- [core-sifa-test] [main] o.s.t.web.servlet.TestDispatcherServlet  : Initializing Servlet ''
2026-06-15T15:38:00.499-04:00  INFO 348845 --- [core-sifa-test] [main] o.s.t.web.servlet.TestDispatcherServlet  : Completed initialization in 0 ms
2026-06-15T15:38:00.506-04:00  INFO 348845 --- [core-sifa-test] [main] c.s.c.c.InfraccionControllerTest         : Started InfraccionControllerTest in 0.461 seconds (process running for 22.606)
2026-06-15T15:38:00.523-04:00  INFO 348845 --- [core-sifa-test] [main] c.s.c.controller.InfraccionController    : Petición PATCH recibida para actualizar estado de infracción ID: 1 a accepted
2026-06-15T15:38:00.551-04:00  INFO 348845 --- [core-sifa-test] [main] c.s.c.controller.InfraccionController    : Petición GET para estadísticas del Dashboard
2026-06-15T15:38:00.576-04:00  INFO 348845 --- [core-sifa-test] [main] c.s.c.controller.InfraccionController    : Obteniendo infracciones paginadas
2026-06-15T15:38:00.579-04:00  WARN 348845 --- [core-sifa-test] [main] ration$PageModule$WarningLoggingModifier : Serializing PageImpl instances as-is is not supported, meaning that there is no guarantee about the stability of the resulting JSON structure!
	For a stable JSON structure, please use Spring Data's PagedModel (globally via @EnableSpringDataWebSupport(pageSerializationMode = VIA_DTO))
	or Spring HATEOAS and Spring Data's PagedResourcesAssembler as documented in https://docs.spring.io/spring-data/commons/reference/repositories/core-extensions.html#core.web.pageables.

2026-06-15T15:38:00.610-04:00  INFO 348845 --- [core-sifa-test] [main] c.s.c.controller.InfraccionController    : Obteniendo infracciones paginadas
2026-06-15T15:38:00.633-04:00  INFO 348845 --- [core-sifa-test] [main] c.s.c.controller.InfraccionController    : Petición GET para reporte de productividad
2026-06-15T15:38:00.662-04:00  INFO 348845 --- [core-sifa-test] [main] c.s.c.controller.InfraccionController    : Petición para procesar infracción ID: 1 recibida. Administrativo JPL ID: jpl@test.cl
2026-06-15T15:38:00.678-04:00  INFO 348845 --- [core-sifa-test] [main] c.s.c.controller.InfraccionController    : Obteniendo resumen del reporte de infracciones
2026-06-15T15:38:00.702-04:00  INFO 348845 --- [core-sifa-test] [main] c.s.c.controller.InfraccionController    : Obteniendo infraccion con id: 1
2026-06-15T15:38:00.716-04:00  INFO 348845 --- [core-sifa-test] [main] c.s.c.controller.InfraccionController    : Obteniendo coordenadas de infracciones para el mapa de calor
2026-06-15T15:38:00.774-04:00  INFO 348845 --- [core-sifa-test] [main] c.s.c.controller.InfraccionController    : Petición de creación de infracción recibida desde el Gateway. Fiscalizador ID: fiscalizador@test.cl
2026-06-15T15:38:00.984-04:00  INFO 348845 --- [core-sifa-test] [main] c.s.c.service.TipoInfraccionServiceImpl  : Creando tipo de infracción: Nuevo Tipo
2026-06-15T15:38:00.993-04:00  INFO 348845 --- [core-sifa-test] [main] c.s.c.service.TipoInfraccionServiceImpl  : Buscando tipo de infracción con id: 1
2026-06-15T15:38:00.999-04:00  INFO 348845 --- [core-sifa-test] [main] c.s.c.service.TipoInfraccionServiceImpl  : Buscando tipo de infracción con id: 99
2026-06-15T15:38:01.006-04:00  INFO 348845 --- [core-sifa-test] [main] c.s.c.service.TipoInfraccionServiceImpl  : Deshabilitando tipo de infracción con id: 1
2026-06-15T15:38:01.024-04:00  INFO 348845 --- [core-sifa-test] [main] c.s.c.service.TipoInfraccionServiceImpl  : Deshabilitando tipo de infracción con id: 99
2026-06-15T15:38:01.029-04:00  INFO 348845 --- [core-sifa-test] [main] c.s.c.service.TipoInfraccionServiceImpl  : Actualizando tipo de infracción con id: 1
2026-06-15T15:38:01.035-04:00  INFO 348845 --- [core-sifa-test] [main] c.s.c.service.TipoInfraccionServiceImpl  : Listando todos los tipos de infracción
2026-06-15T15:38:01.040-04:00  INFO 348845 --- [core-sifa-test] [main] c.s.c.service.TipoInfraccionServiceImpl  : Listando tipos de infracción paginados - página: 0, tamaño: 10
2026-06-15T15:38:01.450-04:00  INFO 348845 --- [core-sifa-test] [main] c.s.c.s.i.InfraccionServiceImpl          : Buscando infracciones por patente: ABCD12
2026-06-15T15:38:01.454-04:00  INFO 348845 --- [core-sifa-test] [main] c.s.c.s.i.InfraccionServiceImpl          : Buscando infraccion con id: 1
2026-06-15T15:38:01.460-04:00  INFO 348845 --- [core-sifa-test] [main] c.s.c.s.i.InfraccionServiceImpl          : Administrativo JPL jpl@test.cl procesando infracción ID: 1
2026-06-15T15:38:01.466-04:00  INFO 348845 --- [core-sifa-test] [main] c.s.c.s.i.InfraccionServiceImpl          : Administrativo JPL jpl@test.cl procesando infracción ID: 1
2026-06-15T15:38:01.472-04:00  INFO 348845 --- [core-sifa-test] [main] c.s.c.s.i.InfraccionServiceImpl          : Administrativo JPL jpl@test.cl procesando infracción ID: 1
2026-06-15T15:38:01.473-04:00  INFO 348845 --- [core-sifa-test] [main] c.s.c.s.i.InfraccionServiceImpl          : Infracción ID: 1 procesada exitosamente con estado: APROBADA
2026-06-15T15:38:01.488-04:00  INFO 348845 --- [core-sifa-test] [main] c.s.c.s.i.InfraccionServiceImpl          : Generando reporte de productividad de fiscalizadores
2026-06-15T15:38:01.496-04:00  INFO 348845 --- [core-sifa-test] [main] c.s.c.s.i.InfraccionServiceImpl          : Buscando infraccion con id: 99
2026-06-15T15:38:01.502-04:00  INFO 348845 --- [core-sifa-test] [main] c.s.c.s.i.InfraccionServiceImpl          : Iniciando creación de infracción para patente: ABCD12
2026-06-15T15:38:01.509-04:00  INFO 348845 --- [core-sifa-test] [main] c.s.c.s.i.InfraccionServiceImpl          : Generando estadísticas del Dashboard
2026-06-15T15:38:01.517-04:00  INFO 348845 --- [core-sifa-test] [main] c.s.c.s.i.InfraccionServiceImpl          : Iniciando creación de infracción para patente: ABCD12
2026-06-15T15:38:01.524-04:00  INFO 348845 --- [core-sifa-test] [main] c.s.c.s.i.InfraccionServiceImpl          : Generando reporte de productividad de fiscalizadores
2026-06-15T15:38:01.629-04:00  INFO 348845 --- [core-sifa-test] [main] c.s.c.s.i.InfraccionServiceImpl          : Iniciando creación de infracción para patente: ABCD12
2026-06-15T15:38:01.630-04:00  INFO 348845 --- [core-sifa-test] [main] c.s.c.s.i.InfraccionServiceImpl          : Infracción creada exitosamente con ID: 1
2026-06-15T15:38:01.630-04:00  INFO 348845 --- [core-sifa-test] [main] c.s.c.s.i.InfraccionServiceImpl          : [+] Citación empadronada gatillada y enlazada automáticamente en la transacción.
2026-06-15T15:38:01.635-04:00  INFO 348845 --- [core-sifa-test] [main] c.s.c.s.i.InfraccionServiceImpl          : Buscando infracciones por id Fiscalizador: fiscalizador@test.cl
2026-06-15T15:38:01.640-04:00  INFO 348845 --- [core-sifa-test] [main] c.s.c.s.i.InfraccionServiceImpl          : Editando infracción ID: 1
2026-06-15T15:38:01.646-04:00  INFO 348845 --- [core-sifa-test] [main] c.s.c.s.i.InfraccionServiceImpl          : Listando todas las infracciones
2026-06-15T15:38:01.775-04:00  INFO 348845 --- [core-sifa-test] [main] c.s.c.s.FiscalizadorPresenciaService     : Recibiendo latido de presencia de: fiscalizador@test.cl
2026-06-15T15:38:01.898-04:00  INFO 348845 --- [core-sifa-test] [main] c.s.core_sifa.service.CitacionService    : Administrativo jpl@test.cl actualizando citación 1.
2026-06-15T15:38:01.899-04:00  INFO 348845 --- [core-sifa-test] [main] c.s.core_sifa.service.CitacionService    : Citacion actualizada exitosamente con ID 1
2026-06-15T15:38:01.902-04:00  INFO 348845 --- [core-sifa-test] [main] c.s.core_sifa.service.CitacionService    : Creando citación para la infracción ID: 1
2026-06-15T15:38:01.907-04:00  INFO 348845 --- [core-sifa-test] [main] c.s.core_sifa.service.CitacionService    : Buscando citación con ID: 1
2026-06-15T15:38:01.913-04:00  INFO 348845 --- [core-sifa-test] [main] c.s.core_sifa.service.CitacionService    : Administrativo jpl@test.cl actualizando citación 99.
2026-06-15T15:38:01.918-04:00  INFO 348845 --- [core-sifa-test] [main] c.s.core_sifa.service.CitacionService    : Listando citaciones con filtros - startDate: null, endDate: null, search: null
2026-06-15T15:38:01.923-04:00  INFO 348845 --- [core-sifa-test] [main] c.s.core_sifa.service.CitacionService    : Buscando citación con ID: 99
2026-06-15T15:38:01.928-04:00  INFO 348845 --- [core-sifa-test] [main] c.s.core_sifa.service.CitacionService    : Creando citación para la infracción ID: 1
2026-06-15T15:38:01.929-04:00  INFO 348845 --- [core-sifa-test] [main] c.s.core_sifa.service.CitacionService    : Citación ID 1 creada exitosamente
2026-06-15T15:38:01.934-04:00  INFO 348845 --- [core-sifa-test] [main] c.s.core_sifa.service.CitacionService    : Creando citación para la infracción ID: 99
2026-06-15T15:38:01.941-04:00  INFO 348845 --- [core-sifa-test] [main] t.c.s.AnnotationConfigContextLoaderUtils : Could not detect default configuration classes for test class [com.sifa.core_sifa.CoreSifaApplicationTests]: CoreSifaApplicationTests does not declare any static, non-private, non-final, nested classes annotated with @Configuration.
2026-06-15T15:38:01.951-04:00  INFO 348845 --- [core-sifa-test] [main] .b.t.c.SpringBootTestContextBootstrapper : Found @SpringBootConfiguration com.sifa.core_sifa.CoreSifaApplication for test class com.sifa.core_sifa.CoreSifaApplicationTests
2026-06-15T15:38:01.975-04:00  INFO 348845 --- [core-sifa-test] [main] t.c.s.AnnotationConfigContextLoaderUtils : Could not detect default configuration classes for test class [com.sifa.core_sifa.repository.IInfraccionRepositoryTest]: IInfraccionRepositoryTest does not declare any static, non-private, non-final, nested classes annotated with @Configuration.
2026-06-15T15:38:01.990-04:00  INFO 348845 --- [core-sifa-test] [main] .b.t.c.SpringBootTestContextBootstrapper : Found @SpringBootConfiguration com.sifa.core_sifa.CoreSifaApplication for test class com.sifa.core_sifa.repository.IInfraccionRepositoryTest
2026-06-15T15:38:02.585-04:00  INFO 348845 --- [core-sifa-test] [main] t.c.s.AnnotationConfigContextLoaderUtils : Could not detect default configuration classes for test class [com.sifa.core_sifa.repository.ICitacionRepositoryTest]: ICitacionRepositoryTest does not declare any static, non-private, non-final, nested classes annotated with @Configuration.
2026-06-15T15:38:02.587-04:00  INFO 348845 --- [core-sifa-test] [main] .b.t.c.SpringBootTestContextBootstrapper : Found @SpringBootConfiguration com.sifa.core_sifa.CoreSifaApplication for test class com.sifa.core_sifa.repository.ICitacionRepositoryTest
2026-06-15T15:38:03.123-04:00  INFO 348845 --- [core-sifa-test] [SpringApplicationShutdownHook] j.LocalContainerEntityManagerFactoryBean : Closing JPA EntityManagerFactory for persistence unit 'default'
2026-06-15T15:38:03.132-04:00  INFO 348845 --- [core-sifa-test] [SpringApplicationShutdownHook] com.zaxxer.hikari.HikariDataSource       : HikariPool-1 - Shutdown initiated...
2026-06-15T15:38:03.134-04:00  INFO 348845 --- [core-sifa-test] [SpringApplicationShutdownHook] com.zaxxer.hikari.HikariDataSource       : HikariPool-1 - Shutdown completed.
2026-06-15T15:41:58.822-04:00  INFO 353022 --- [core-sifa-test] [main] c.s.c.i.InfraccionFlowIntegrationTest    : Starting InfraccionFlowIntegrationTest using Java 21.0.11 with PID 353022 (started by andres-ortega in /home/andres-ortega/Escritorio/proyects/core-sifa)
2026-06-15T15:41:58.825-04:00  INFO 353022 --- [core-sifa-test] [main] c.s.c.i.InfraccionFlowIntegrationTest    : The following 2 profiles are active: "test", "dev"
2026-06-15T15:42:01.107-04:00  INFO 353022 --- [core-sifa-test] [main] .s.d.r.c.RepositoryConfigurationDelegate : Bootstrapping Spring Data JPA repositories in DEFAULT mode.
2026-06-15T15:42:01.288-04:00  INFO 353022 --- [core-sifa-test] [main] .s.d.r.c.RepositoryConfigurationDelegate : Finished Spring Data repository scanning in 159 ms. Found 10 JPA repository interfaces.
2026-06-15T15:42:04.794-04:00  INFO 353022 --- [core-sifa-test] [main] o.hibernate.jpa.internal.util.LogHelper  : HHH000204: Processing PersistenceUnitInfo [name: default]
2026-06-15T15:42:05.074-04:00  INFO 353022 --- [core-sifa-test] [main] org.hibernate.Version                    : HHH000412: Hibernate ORM core version 6.6.8.Final
2026-06-15T15:42:05.241-04:00  INFO 353022 --- [core-sifa-test] [main] o.h.c.internal.RegionFactoryInitiator    : HHH000026: Second-level cache disabled
2026-06-15T15:42:05.666-04:00  INFO 353022 --- [core-sifa-test] [main] o.s.o.j.p.SpringPersistenceUnitInfo      : No LoadTimeWeaver setup: ignoring JPA class transformer
2026-06-15T15:42:05.759-04:00  INFO 353022 --- [core-sifa-test] [main] com.zaxxer.hikari.HikariDataSource       : HikariPool-1 - Starting...
2026-06-15T15:42:06.682-04:00  INFO 353022 --- [core-sifa-test] [main] com.zaxxer.hikari.pool.HikariPool        : HikariPool-1 - Added connection conn0: url=jdbc:h2:mem:testdb user=SA
2026-06-15T15:42:06.689-04:00  INFO 353022 --- [core-sifa-test] [main] com.zaxxer.hikari.HikariDataSource       : HikariPool-1 - Start completed.
2026-06-15T15:42:06.795-04:00  WARN 353022 --- [core-sifa-test] [main] org.hibernate.orm.deprecation            : HHH90000025: H2Dialect does not need to be specified explicitly using 'hibernate.dialect' (remove the property setting and it will be selected by default)
2026-06-15T15:42:06.869-04:00  INFO 353022 --- [core-sifa-test] [main] org.hibernate.orm.connections.pooling    : HHH10001005: Database info:
	Database JDBC URL [Connecting through datasource 'HikariDataSource (HikariPool-1)']
	Database driver: undefined/unknown
	Database version: 2.3.232
	Autocommit mode: undefined/unknown
	Isolation level: undefined/unknown
	Minimum pool size: undefined/unknown
	Maximum pool size: undefined/unknown
2026-06-15T15:42:10.188-04:00  INFO 353022 --- [core-sifa-test] [main] o.h.e.t.j.p.i.JtaPlatformInitiator       : HHH000489: No JTA platform available (set 'hibernate.transaction.jta.platform' to enable JTA platform integration)
2026-06-15T15:42:10.342-04:00  INFO 353022 --- [core-sifa-test] [main] j.LocalContainerEntityManagerFactoryBean : Initialized JPA EntityManagerFactory for persistence unit 'default'
2026-06-15T15:42:11.027-04:00  INFO 353022 --- [core-sifa-test] [main] o.s.d.j.r.query.QueryEnhancerFactory     : Hibernate is in classpath; If applicable, HQL parser will be used.
2026-06-15T15:42:17.080-04:00  WARN 353022 --- [core-sifa-test] [main] JpaBaseConfiguration$JpaWebConfiguration : spring.jpa.open-in-view is enabled by default. Therefore, database queries may be performed during view rendering. Explicitly configure spring.jpa.open-in-view to disable this warning
2026-06-15T15:42:17.128-04:00  WARN 353022 --- [core-sifa-test] [main] .s.s.UserDetailsServiceAutoConfiguration : 

Using generated security password: 00661a8e-d2c7-4e98-a4ed-c9776ab78c63

This generated password is for development use only. Your security configuration must be updated before running your application in production.

2026-06-15T15:42:17.157-04:00  INFO 353022 --- [core-sifa-test] [main] r$InitializeUserDetailsManagerConfigurer : Global AuthenticationManager configured with UserDetailsService bean with name inMemoryUserDetailsManager
2026-06-15T15:42:18.923-04:00  INFO 353022 --- [core-sifa-test] [main] c.s.c.i.InfraccionFlowIntegrationTest    : Started InfraccionFlowIntegrationTest in 21.084 seconds (process running for 24.278)
2026-06-15T15:42:18.930-04:00  INFO 353022 --- [core-sifa-test] [main] c.s.c.config.DataInitializerConfig       : ========================================================
2026-06-15T15:42:18.931-04:00  INFO 353022 --- [core-sifa-test] [main] c.s.c.config.DataInitializerConfig       : Verificando e inicializando Dataset de prueba en MySQL...
2026-06-15T15:42:19.197-04:00  INFO 353022 --- [core-sifa-test] [main] c.s.c.config.DataInitializerConfig       : [+] Tipo de Infracción 'Mal Estacionado' registrado.
2026-06-15T15:42:19.254-04:00  INFO 353022 --- [core-sifa-test] [main] c.s.c.config.DataInitializerConfig       : [+] Propietario RUT 9330521-3 registrado exitosamente.
2026-06-15T15:42:19.303-04:00  INFO 353022 --- [core-sifa-test] [main] c.s.c.config.DataInitializerConfig       : [+] Vehículo patente TZPW11 (Subaru Outback) registrado y enlazado al RUT 9330521-3.
2026-06-15T15:42:19.303-04:00  INFO 353022 --- [core-sifa-test] [main] c.s.c.config.DataInitializerConfig       : Dataset inicial revisado y/o cargado correctamente.
2026-06-15T15:42:19.304-04:00  INFO 353022 --- [core-sifa-test] [main] c.s.c.config.DataInitializerConfig       : ========================================================
2026-06-15T15:42:19.472-04:00  INFO 353022 --- [core-sifa-test] [main] c.s.c.s.i.InfraccionServiceImpl          : Iniciando creación de infracción para patente: INTG11
2026-06-15T15:42:19.478-04:00  INFO 353022 --- [core-sifa-test] [main] c.s.c.s.storage.MockStorageServiceImpl   : MOCK STORAGE -> Archivo simulado: https://mock.sifa.cl/INTG11_1.jpg
2026-06-15T15:42:19.478-04:00  INFO 353022 --- [core-sifa-test] [main] c.s.c.s.storage.MockStorageServiceImpl   : MOCK STORAGE -> Archivo simulado: https://mock.sifa.cl/INTG11_2.jpg
2026-06-15T15:42:19.488-04:00  INFO 353022 --- [core-sifa-test] [main] c.s.c.s.i.InfraccionServiceImpl          : Infracción creada exitosamente con ID: 1
2026-06-15T15:42:19.489-04:00  INFO 353022 --- [core-sifa-test] [main] c.s.core_sifa.service.CitacionService    : Creando citación para la infracción ID: 1
2026-06-15T15:42:19.494-04:00  INFO 353022 --- [core-sifa-test] [main] c.s.core_sifa.service.CitacionService    : Citación ID 1 creada exitosamente
2026-06-15T15:42:19.503-04:00  INFO 353022 --- [core-sifa-test] [main] c.s.c.s.i.InfraccionServiceImpl          : [+] Citación empadronada gatillada y enlazada automáticamente en la transacción.
2026-06-15T15:42:19.633-04:00  INFO 353022 --- [core-sifa-test] [main] c.s.c.s.i.InfraccionServiceImpl          : Buscando infraccion con id: 1
2026-06-15T15:42:19.648-04:00  INFO 353022 --- [core-sifa-test] [main] c.s.c.s.i.InfraccionServiceImpl          : Administrativo JPL jpl@test.cl procesando infracción ID: 1
2026-06-15T15:42:19.652-04:00  INFO 353022 --- [core-sifa-test] [main] c.s.c.s.i.InfraccionServiceImpl          : Infracción ID: 1 procesada exitosamente con estado: APROBADA
2026-06-15T15:42:19.696-04:00  INFO 353022 --- [core-sifa-test] [main] c.s.c.s.audits.AuditLogServiceImpl       : Auditoría guardada exitosamente | Usuario: jpl@test.cl | Acción: PROCESAR_INFRACCION
2026-06-15T15:42:19.779-04:00  INFO 353022 --- [core-sifa-test] [main] t.c.s.AnnotationConfigContextLoaderUtils : Could not detect default configuration classes for test class [com.sifa.core_sifa.controller.TipoInfraccionControllerTest]: TipoInfraccionControllerTest does not declare any static, non-private, non-final, nested classes annotated with @Configuration.
2026-06-15T15:42:19.843-04:00  INFO 353022 --- [core-sifa-test] [main] .b.t.c.SpringBootTestContextBootstrapper : Found @SpringBootConfiguration com.sifa.core_sifa.CoreSifaApplication for test class com.sifa.core_sifa.controller.TipoInfraccionControllerTest
2026-06-15T15:42:19.912-04:00  INFO 353022 --- [core-sifa-test] [main] c.s.c.c.TipoInfraccionControllerTest     : Starting TipoInfraccionControllerTest using Java 21.0.11 with PID 353022 (started by andres-ortega in /home/andres-ortega/Escritorio/proyects/core-sifa)
2026-06-15T15:42:19.912-04:00  INFO 353022 --- [core-sifa-test] [main] c.s.c.c.TipoInfraccionControllerTest     : The following 1 profile is active: "test"
2026-06-15T15:42:20.436-04:00  WARN 353022 --- [core-sifa-test] [main] .s.s.UserDetailsServiceAutoConfiguration : 

Using generated security password: a4771fc4-fcd0-4f14-894f-194a1d10cb8a

This generated password is for development use only. Your security configuration must be updated before running your application in production.

2026-06-15T15:42:20.437-04:00  INFO 353022 --- [core-sifa-test] [main] r$InitializeUserDetailsManagerConfigurer : Global AuthenticationManager configured with UserDetailsService bean with name inMemoryUserDetailsManager
2026-06-15T15:42:20.693-04:00  INFO 353022 --- [core-sifa-test] [main] o.s.b.t.m.w.SpringBootMockServletContext : Initializing Spring TestDispatcherServlet ''
2026-06-15T15:42:20.693-04:00  INFO 353022 --- [core-sifa-test] [main] o.s.t.web.servlet.TestDispatcherServlet  : Initializing Servlet ''
2026-06-15T15:42:20.695-04:00  INFO 353022 --- [core-sifa-test] [main] o.s.t.web.servlet.TestDispatcherServlet  : Completed initialization in 1 ms
2026-06-15T15:42:20.713-04:00  INFO 353022 --- [core-sifa-test] [main] c.s.c.c.TipoInfraccionControllerTest     : Started TipoInfraccionControllerTest in 0.863 seconds (process running for 26.068)
2026-06-15T15:42:21.201-04:00  INFO 353022 --- [core-sifa-test] [main] c.s.c.c.TipoInfraccionController         : Creando tipo de infracción
2026-06-15T15:42:21.220-04:00  INFO 353022 --- [core-sifa-test] [main] c.s.c.c.TipoInfraccionController         : Obteniendo tipos de infracción paginados - página: 0, tamaño: 10
2026-06-15T15:42:21.229-04:00  WARN 353022 --- [core-sifa-test] [main] ration$PageModule$WarningLoggingModifier : Serializing PageImpl instances as-is is not supported, meaning that there is no guarantee about the stability of the resulting JSON structure!
	For a stable JSON structure, please use Spring Data's PagedModel (globally via @EnableSpringDataWebSupport(pageSerializationMode = VIA_DTO))
	or Spring HATEOAS and Spring Data's PagedResourcesAssembler as documented in https://docs.spring.io/spring-data/commons/reference/repositories/core-extensions.html#core.web.pageables.

2026-06-15T15:42:21.257-04:00  INFO 353022 --- [core-sifa-test] [main] c.s.c.c.TipoInfraccionController         : Eliminando (deshabilitando) tipo de infracción con id 1
2026-06-15T15:42:21.274-04:00  INFO 353022 --- [core-sifa-test] [main] c.s.c.c.TipoInfraccionController         : Actualizando tipo de infracción con id 1
2026-06-15T15:42:21.290-04:00  INFO 353022 --- [core-sifa-test] [main] t.c.s.AnnotationConfigContextLoaderUtils : Could not detect default configuration classes for test class [com.sifa.core_sifa.controller.CitacionControllerTest]: CitacionControllerTest does not declare any static, non-private, non-final, nested classes annotated with @Configuration.
2026-06-15T15:42:21.313-04:00  INFO 353022 --- [core-sifa-test] [main] .b.t.c.SpringBootTestContextBootstrapper : Found @SpringBootConfiguration com.sifa.core_sifa.CoreSifaApplication for test class com.sifa.core_sifa.controller.CitacionControllerTest
2026-06-15T15:42:21.364-04:00  INFO 353022 --- [core-sifa-test] [main] c.s.c.controller.CitacionControllerTest  : Starting CitacionControllerTest using Java 21.0.11 with PID 353022 (started by andres-ortega in /home/andres-ortega/Escritorio/proyects/core-sifa)
2026-06-15T15:42:21.364-04:00  INFO 353022 --- [core-sifa-test] [main] c.s.c.controller.CitacionControllerTest  : The following 1 profile is active: "test"
2026-06-15T15:42:21.797-04:00  WARN 353022 --- [core-sifa-test] [main] .s.s.UserDetailsServiceAutoConfiguration : 

Using generated security password: 103b2951-371e-4615-bc2e-b0e6df8f5d07

This generated password is for development use only. Your security configuration must be updated before running your application in production.

2026-06-15T15:42:21.799-04:00  INFO 353022 --- [core-sifa-test] [main] r$InitializeUserDetailsManagerConfigurer : Global AuthenticationManager configured with UserDetailsService bean with name inMemoryUserDetailsManager
2026-06-15T15:42:21.989-04:00  INFO 353022 --- [core-sifa-test] [main] o.s.b.t.m.w.SpringBootMockServletContext : Initializing Spring TestDispatcherServlet ''
2026-06-15T15:42:21.989-04:00  INFO 353022 --- [core-sifa-test] [main] o.s.t.web.servlet.TestDispatcherServlet  : Initializing Servlet ''
2026-06-15T15:42:21.991-04:00  INFO 353022 --- [core-sifa-test] [main] o.s.t.web.servlet.TestDispatcherServlet  : Completed initialization in 1 ms
2026-06-15T15:42:22.000-04:00  INFO 353022 --- [core-sifa-test] [main] c.s.c.controller.CitacionControllerTest  : Started CitacionControllerTest in 0.67 seconds (process running for 27.355)
2026-06-15T15:42:22.032-04:00  INFO 353022 --- [core-sifa-test] [main] c.s.c.controller.CitacionController      : Petición PUT para actualizar citación ID: 1 recibida. Administrativo: jpl@test.cl
2026-06-15T15:42:22.051-04:00  INFO 353022 --- [core-sifa-test] [main] c.s.c.controller.CitacionController      : Petición GET para listar citaciones - page: 0, size: 10, startDate: null, endDate: null, search: null
2026-06-15T15:42:22.054-04:00  WARN 353022 --- [core-sifa-test] [main] ration$PageModule$WarningLoggingModifier : Serializing PageImpl instances as-is is not supported, meaning that there is no guarantee about the stability of the resulting JSON structure!
	For a stable JSON structure, please use Spring Data's PagedModel (globally via @EnableSpringDataWebSupport(pageSerializationMode = VIA_DTO))
	or Spring HATEOAS and Spring Data's PagedResourcesAssembler as documented in https://docs.spring.io/spring-data/commons/reference/repositories/core-extensions.html#core.web.pageables.

2026-06-15T15:42:22.078-04:00  INFO 353022 --- [core-sifa-test] [main] c.s.c.controller.CitacionController      : Petición GET para citación ID: 1
2026-06-15T15:42:22.093-04:00  INFO 353022 --- [core-sifa-test] [main] t.c.s.AnnotationConfigContextLoaderUtils : Could not detect default configuration classes for test class [com.sifa.core_sifa.controller.InfraccionControllerTest]: InfraccionControllerTest does not declare any static, non-private, non-final, nested classes annotated with @Configuration.
2026-06-15T15:42:22.110-04:00  INFO 353022 --- [core-sifa-test] [main] .b.t.c.SpringBootTestContextBootstrapper : Found @SpringBootConfiguration com.sifa.core_sifa.CoreSifaApplication for test class com.sifa.core_sifa.controller.InfraccionControllerTest
2026-06-15T15:42:22.150-04:00  INFO 353022 --- [core-sifa-test] [main] c.s.c.c.InfraccionControllerTest         : Starting InfraccionControllerTest using Java 21.0.11 with PID 353022 (started by andres-ortega in /home/andres-ortega/Escritorio/proyects/core-sifa)
2026-06-15T15:42:22.151-04:00  INFO 353022 --- [core-sifa-test] [main] c.s.c.c.InfraccionControllerTest         : The following 1 profile is active: "test"
2026-06-15T15:42:22.644-04:00  WARN 353022 --- [core-sifa-test] [main] .s.s.UserDetailsServiceAutoConfiguration : 

Using generated security password: 7b647ce2-e9a4-4e5f-b8c8-4fdeb44178c1

This generated password is for development use only. Your security configuration must be updated before running your application in production.

2026-06-15T15:42:22.645-04:00  INFO 353022 --- [core-sifa-test] [main] r$InitializeUserDetailsManagerConfigurer : Global AuthenticationManager configured with UserDetailsService bean with name inMemoryUserDetailsManager
2026-06-15T15:42:22.808-04:00  INFO 353022 --- [core-sifa-test] [main] o.s.b.t.m.w.SpringBootMockServletContext : Initializing Spring TestDispatcherServlet ''
2026-06-15T15:42:22.808-04:00  INFO 353022 --- [core-sifa-test] [main] o.s.t.web.servlet.TestDispatcherServlet  : Initializing Servlet ''
2026-06-15T15:42:22.810-04:00  INFO 353022 --- [core-sifa-test] [main] o.s.t.web.servlet.TestDispatcherServlet  : Completed initialization in 1 ms
2026-06-15T15:42:22.819-04:00  INFO 353022 --- [core-sifa-test] [main] c.s.c.c.InfraccionControllerTest         : Started InfraccionControllerTest in 0.702 seconds (process running for 28.174)
2026-06-15T15:42:22.847-04:00  INFO 353022 --- [core-sifa-test] [main] c.s.c.controller.InfraccionController    : Petición PATCH recibida para actualizar estado de infracción ID: 1 a accepted
2026-06-15T15:42:22.882-04:00  INFO 353022 --- [core-sifa-test] [main] c.s.c.controller.InfraccionController    : Petición GET para estadísticas del Dashboard
2026-06-15T15:42:22.908-04:00  INFO 353022 --- [core-sifa-test] [main] c.s.c.controller.InfraccionController    : Obteniendo infracciones paginadas
2026-06-15T15:42:22.912-04:00  WARN 353022 --- [core-sifa-test] [main] ration$PageModule$WarningLoggingModifier : Serializing PageImpl instances as-is is not supported, meaning that there is no guarantee about the stability of the resulting JSON structure!
	For a stable JSON structure, please use Spring Data's PagedModel (globally via @EnableSpringDataWebSupport(pageSerializationMode = VIA_DTO))
	or Spring HATEOAS and Spring Data's PagedResourcesAssembler as documented in https://docs.spring.io/spring-data/commons/reference/repositories/core-extensions.html#core.web.pageables.

2026-06-15T15:42:22.952-04:00  INFO 353022 --- [core-sifa-test] [main] c.s.c.controller.InfraccionController    : Obteniendo infracciones paginadas
2026-06-15T15:42:22.976-04:00  INFO 353022 --- [core-sifa-test] [main] c.s.c.controller.InfraccionController    : Petición GET para reporte de productividad
2026-06-15T15:42:23.003-04:00  INFO 353022 --- [core-sifa-test] [main] c.s.c.controller.InfraccionController    : Petición para procesar infracción ID: 1 recibida. Administrativo JPL ID: jpl@test.cl
2026-06-15T15:42:23.020-04:00  INFO 353022 --- [core-sifa-test] [main] c.s.c.controller.InfraccionController    : Obteniendo resumen del reporte de infracciones
2026-06-15T15:42:23.041-04:00  INFO 353022 --- [core-sifa-test] [main] c.s.c.controller.InfraccionController    : Obteniendo infraccion con id: 1
2026-06-15T15:42:23.059-04:00  INFO 353022 --- [core-sifa-test] [main] c.s.c.controller.InfraccionController    : Obteniendo coordenadas de infracciones para el mapa de calor
2026-06-15T15:42:23.135-04:00  INFO 353022 --- [core-sifa-test] [main] c.s.c.controller.InfraccionController    : Petición de creación de infracción recibida desde el Gateway. Fiscalizador ID: fiscalizador@test.cl
2026-06-15T15:42:23.431-04:00  INFO 353022 --- [core-sifa-test] [main] c.s.c.service.TipoInfraccionServiceImpl  : Creando tipo de infracción: Nuevo Tipo
2026-06-15T15:42:23.442-04:00  INFO 353022 --- [core-sifa-test] [main] c.s.c.service.TipoInfraccionServiceImpl  : Buscando tipo de infracción con id: 1
2026-06-15T15:42:23.450-04:00  INFO 353022 --- [core-sifa-test] [main] c.s.c.service.TipoInfraccionServiceImpl  : Buscando tipo de infracción con id: 99
2026-06-15T15:42:23.457-04:00  INFO 353022 --- [core-sifa-test] [main] c.s.c.service.TipoInfraccionServiceImpl  : Deshabilitando tipo de infracción con id: 1
2026-06-15T15:42:23.473-04:00  INFO 353022 --- [core-sifa-test] [main] c.s.c.service.TipoInfraccionServiceImpl  : Deshabilitando tipo de infracción con id: 99
2026-06-15T15:42:23.477-04:00  INFO 353022 --- [core-sifa-test] [main] c.s.c.service.TipoInfraccionServiceImpl  : Actualizando tipo de infracción con id: 1
2026-06-15T15:42:23.482-04:00  INFO 353022 --- [core-sifa-test] [main] c.s.c.service.TipoInfraccionServiceImpl  : Listando todos los tipos de infracción
2026-06-15T15:42:23.486-04:00  INFO 353022 --- [core-sifa-test] [main] c.s.c.service.TipoInfraccionServiceImpl  : Listando tipos de infracción paginados - página: 0, tamaño: 10
2026-06-15T15:42:23.964-04:00  INFO 353022 --- [core-sifa-test] [main] c.s.c.s.i.InfraccionServiceImpl          : Buscando infracciones por patente: ABCD12
2026-06-15T15:42:23.970-04:00  INFO 353022 --- [core-sifa-test] [main] c.s.c.s.i.InfraccionServiceImpl          : Buscando infraccion con id: 1
2026-06-15T15:42:23.975-04:00  INFO 353022 --- [core-sifa-test] [main] c.s.c.s.i.InfraccionServiceImpl          : Administrativo JPL jpl@test.cl procesando infracción ID: 1
2026-06-15T15:42:23.981-04:00  INFO 353022 --- [core-sifa-test] [main] c.s.c.s.i.InfraccionServiceImpl          : Administrativo JPL jpl@test.cl procesando infracción ID: 1
2026-06-15T15:42:23.988-04:00  INFO 353022 --- [core-sifa-test] [main] c.s.c.s.i.InfraccionServiceImpl          : Administrativo JPL jpl@test.cl procesando infracción ID: 1
2026-06-15T15:42:23.989-04:00  INFO 353022 --- [core-sifa-test] [main] c.s.c.s.i.InfraccionServiceImpl          : Infracción ID: 1 procesada exitosamente con estado: APROBADA
2026-06-15T15:42:23.998-04:00  INFO 353022 --- [core-sifa-test] [main] c.s.c.s.i.InfraccionServiceImpl          : Generando reporte de productividad de fiscalizadores
2026-06-15T15:42:24.002-04:00  INFO 353022 --- [core-sifa-test] [main] c.s.c.s.i.InfraccionServiceImpl          : Buscando infraccion con id: 99
2026-06-15T15:42:24.007-04:00  INFO 353022 --- [core-sifa-test] [main] c.s.c.s.i.InfraccionServiceImpl          : Iniciando creación de infracción para patente: ABCD12
2026-06-15T15:42:24.011-04:00  INFO 353022 --- [core-sifa-test] [main] c.s.c.s.i.InfraccionServiceImpl          : Generando estadísticas del Dashboard
2026-06-15T15:42:24.017-04:00  INFO 353022 --- [core-sifa-test] [main] c.s.c.s.i.InfraccionServiceImpl          : Iniciando creación de infracción para patente: ABCD12
2026-06-15T15:42:24.023-04:00  INFO 353022 --- [core-sifa-test] [main] c.s.c.s.i.InfraccionServiceImpl          : Generando reporte de productividad de fiscalizadores
2026-06-15T15:42:24.118-04:00  INFO 353022 --- [core-sifa-test] [main] c.s.c.s.i.InfraccionServiceImpl          : Iniciando creación de infracción para patente: ABCD12
2026-06-15T15:42:24.119-04:00  INFO 353022 --- [core-sifa-test] [main] c.s.c.s.i.InfraccionServiceImpl          : Infracción creada exitosamente con ID: 1
2026-06-15T15:42:24.120-04:00  INFO 353022 --- [core-sifa-test] [main] c.s.c.s.i.InfraccionServiceImpl          : [+] Citación empadronada gatillada y enlazada automáticamente en la transacción.
2026-06-15T15:42:24.125-04:00  INFO 353022 --- [core-sifa-test] [main] c.s.c.s.i.InfraccionServiceImpl          : Buscando infracciones por id Fiscalizador: fiscalizador@test.cl
2026-06-15T15:42:24.130-04:00  INFO 353022 --- [core-sifa-test] [main] c.s.c.s.i.InfraccionServiceImpl          : Editando infracción ID: 1
2026-06-15T15:42:24.137-04:00  INFO 353022 --- [core-sifa-test] [main] c.s.c.s.i.InfraccionServiceImpl          : Listando todas las infracciones
2026-06-15T15:42:24.262-04:00  INFO 353022 --- [core-sifa-test] [main] c.s.c.s.FiscalizadorPresenciaService     : Recibiendo latido de presencia de: fiscalizador@test.cl
2026-06-15T15:42:24.402-04:00  INFO 353022 --- [core-sifa-test] [main] c.s.core_sifa.service.CitacionService    : Administrativo jpl@test.cl actualizando citación 1.
2026-06-15T15:42:24.404-04:00  INFO 353022 --- [core-sifa-test] [main] c.s.core_sifa.service.CitacionService    : Citacion actualizada exitosamente con ID 1
2026-06-15T15:42:24.409-04:00  INFO 353022 --- [core-sifa-test] [main] c.s.core_sifa.service.CitacionService    : Creando citación para la infracción ID: 1
2026-06-15T15:42:24.414-04:00  INFO 353022 --- [core-sifa-test] [main] c.s.core_sifa.service.CitacionService    : Buscando citación con ID: 1
2026-06-15T15:42:24.423-04:00  INFO 353022 --- [core-sifa-test] [main] c.s.core_sifa.service.CitacionService    : Administrativo jpl@test.cl actualizando citación 99.
2026-06-15T15:42:24.428-04:00  INFO 353022 --- [core-sifa-test] [main] c.s.core_sifa.service.CitacionService    : Listando citaciones con filtros - startDate: null, endDate: null, search: null
2026-06-15T15:42:24.433-04:00  INFO 353022 --- [core-sifa-test] [main] c.s.core_sifa.service.CitacionService    : Buscando citación con ID: 99
2026-06-15T15:42:24.438-04:00  INFO 353022 --- [core-sifa-test] [main] c.s.core_sifa.service.CitacionService    : Creando citación para la infracción ID: 1
2026-06-15T15:42:24.439-04:00  INFO 353022 --- [core-sifa-test] [main] c.s.core_sifa.service.CitacionService    : Citación ID 1 creada exitosamente
2026-06-15T15:42:24.443-04:00  INFO 353022 --- [core-sifa-test] [main] c.s.core_sifa.service.CitacionService    : Creando citación para la infracción ID: 99
2026-06-15T15:42:24.450-04:00  INFO 353022 --- [core-sifa-test] [main] t.c.s.AnnotationConfigContextLoaderUtils : Could not detect default configuration classes for test class [com.sifa.core_sifa.CoreSifaApplicationTests]: CoreSifaApplicationTests does not declare any static, non-private, non-final, nested classes annotated with @Configuration.
2026-06-15T15:42:24.460-04:00  INFO 353022 --- [core-sifa-test] [main] .b.t.c.SpringBootTestContextBootstrapper : Found @SpringBootConfiguration com.sifa.core_sifa.CoreSifaApplication for test class com.sifa.core_sifa.CoreSifaApplicationTests
2026-06-15T15:42:24.479-04:00  INFO 353022 --- [core-sifa-test] [main] t.c.s.AnnotationConfigContextLoaderUtils : Could not detect default configuration classes for test class [com.sifa.core_sifa.repository.IInfraccionRepositoryTest]: IInfraccionRepositoryTest does not declare any static, non-private, non-final, nested classes annotated with @Configuration.
2026-06-15T15:42:24.496-04:00  INFO 353022 --- [core-sifa-test] [main] .b.t.c.SpringBootTestContextBootstrapper : Found @SpringBootConfiguration com.sifa.core_sifa.CoreSifaApplication for test class com.sifa.core_sifa.repository.IInfraccionRepositoryTest
2026-06-15T15:42:25.181-04:00  INFO 353022 --- [core-sifa-test] [main] t.c.s.AnnotationConfigContextLoaderUtils : Could not detect default configuration classes for test class [com.sifa.core_sifa.repository.ICitacionRepositoryTest]: ICitacionRepositoryTest does not declare any static, non-private, non-final, nested classes annotated with @Configuration.
2026-06-15T15:42:25.184-04:00  INFO 353022 --- [core-sifa-test] [main] .b.t.c.SpringBootTestContextBootstrapper : Found @SpringBootConfiguration com.sifa.core_sifa.CoreSifaApplication for test class com.sifa.core_sifa.repository.ICitacionRepositoryTest
2026-06-15T15:42:25.757-04:00  INFO 353022 --- [core-sifa-test] [SpringApplicationShutdownHook] j.LocalContainerEntityManagerFactoryBean : Closing JPA EntityManagerFactory for persistence unit 'default'
2026-06-15T15:42:25.767-04:00  INFO 353022 --- [core-sifa-test] [SpringApplicationShutdownHook] com.zaxxer.hikari.HikariDataSource       : HikariPool-1 - Shutdown initiated...
2026-06-15T15:42:25.769-04:00  INFO 353022 --- [core-sifa-test] [SpringApplicationShutdownHook] com.zaxxer.hikari.HikariDataSource       : HikariPool-1 - Shutdown completed.
2026-06-15T15:42:42.611-04:00  INFO 353960 --- [core-sifa-test] [main] c.s.c.i.InfraccionFlowIntegrationTest    : Starting InfraccionFlowIntegrationTest using Java 21.0.11 with PID 353960 (started by andres-ortega in /home/andres-ortega/Escritorio/proyects/core-sifa)
2026-06-15T15:42:42.614-04:00  INFO 353960 --- [core-sifa-test] [main] c.s.c.i.InfraccionFlowIntegrationTest    : The following 2 profiles are active: "test", "dev"
2026-06-15T15:42:44.943-04:00  INFO 353960 --- [core-sifa-test] [main] .s.d.r.c.RepositoryConfigurationDelegate : Bootstrapping Spring Data JPA repositories in DEFAULT mode.
2026-06-15T15:42:45.149-04:00  INFO 353960 --- [core-sifa-test] [main] .s.d.r.c.RepositoryConfigurationDelegate : Finished Spring Data repository scanning in 182 ms. Found 10 JPA repository interfaces.
2026-06-15T15:42:49.188-04:00  INFO 353960 --- [core-sifa-test] [main] o.hibernate.jpa.internal.util.LogHelper  : HHH000204: Processing PersistenceUnitInfo [name: default]
2026-06-15T15:42:49.404-04:00  INFO 353960 --- [core-sifa-test] [main] org.hibernate.Version                    : HHH000412: Hibernate ORM core version 6.6.8.Final
2026-06-15T15:42:49.544-04:00  INFO 353960 --- [core-sifa-test] [main] o.h.c.internal.RegionFactoryInitiator    : HHH000026: Second-level cache disabled
2026-06-15T15:42:50.086-04:00  INFO 353960 --- [core-sifa-test] [main] o.s.o.j.p.SpringPersistenceUnitInfo      : No LoadTimeWeaver setup: ignoring JPA class transformer
2026-06-15T15:42:50.221-04:00  INFO 353960 --- [core-sifa-test] [main] com.zaxxer.hikari.HikariDataSource       : HikariPool-1 - Starting...
2026-06-15T15:42:51.276-04:00  INFO 353960 --- [core-sifa-test] [main] com.zaxxer.hikari.pool.HikariPool        : HikariPool-1 - Added connection conn0: url=jdbc:h2:mem:testdb user=SA
2026-06-15T15:42:51.287-04:00  INFO 353960 --- [core-sifa-test] [main] com.zaxxer.hikari.HikariDataSource       : HikariPool-1 - Start completed.
2026-06-15T15:42:51.388-04:00  WARN 353960 --- [core-sifa-test] [main] org.hibernate.orm.deprecation            : HHH90000025: H2Dialect does not need to be specified explicitly using 'hibernate.dialect' (remove the property setting and it will be selected by default)
2026-06-15T15:42:51.480-04:00  INFO 353960 --- [core-sifa-test] [main] org.hibernate.orm.connections.pooling    : HHH10001005: Database info:
	Database JDBC URL [Connecting through datasource 'HikariDataSource (HikariPool-1)']
	Database driver: undefined/unknown
	Database version: 2.3.232
	Autocommit mode: undefined/unknown
	Isolation level: undefined/unknown
	Minimum pool size: undefined/unknown
	Maximum pool size: undefined/unknown
2026-06-15T15:42:55.022-04:00  INFO 353960 --- [core-sifa-test] [main] o.h.e.t.j.p.i.JtaPlatformInitiator       : HHH000489: No JTA platform available (set 'hibernate.transaction.jta.platform' to enable JTA platform integration)
2026-06-15T15:42:55.234-04:00  INFO 353960 --- [core-sifa-test] [main] j.LocalContainerEntityManagerFactoryBean : Initialized JPA EntityManagerFactory for persistence unit 'default'
2026-06-15T15:42:56.022-04:00  INFO 353960 --- [core-sifa-test] [main] o.s.d.j.r.query.QueryEnhancerFactory     : Hibernate is in classpath; If applicable, HQL parser will be used.
2026-06-15T15:43:02.265-04:00  WARN 353960 --- [core-sifa-test] [main] JpaBaseConfiguration$JpaWebConfiguration : spring.jpa.open-in-view is enabled by default. Therefore, database queries may be performed during view rendering. Explicitly configure spring.jpa.open-in-view to disable this warning
2026-06-15T15:43:02.317-04:00  WARN 353960 --- [core-sifa-test] [main] .s.s.UserDetailsServiceAutoConfiguration : 

Using generated security password: c016bdb3-b67c-491f-bde7-82d6c69b54aa

This generated password is for development use only. Your security configuration must be updated before running your application in production.

2026-06-15T15:43:02.355-04:00  INFO 353960 --- [core-sifa-test] [main] r$InitializeUserDetailsManagerConfigurer : Global AuthenticationManager configured with UserDetailsService bean with name inMemoryUserDetailsManager
2026-06-15T15:43:04.173-04:00  INFO 353960 --- [core-sifa-test] [main] c.s.c.i.InfraccionFlowIntegrationTest    : Started InfraccionFlowIntegrationTest in 22.522 seconds (process running for 25.565)
2026-06-15T15:43:04.179-04:00  INFO 353960 --- [core-sifa-test] [main] c.s.c.config.DataInitializerConfig       : ========================================================
2026-06-15T15:43:04.179-04:00  INFO 353960 --- [core-sifa-test] [main] c.s.c.config.DataInitializerConfig       : Verificando e inicializando Dataset de prueba en MySQL...
2026-06-15T15:43:04.421-04:00  INFO 353960 --- [core-sifa-test] [main] c.s.c.config.DataInitializerConfig       : [+] Tipo de Infracción 'Mal Estacionado' registrado.
2026-06-15T15:43:04.483-04:00  INFO 353960 --- [core-sifa-test] [main] c.s.c.config.DataInitializerConfig       : [+] Propietario RUT 9330521-3 registrado exitosamente.
2026-06-15T15:43:04.531-04:00  INFO 353960 --- [core-sifa-test] [main] c.s.c.config.DataInitializerConfig       : [+] Vehículo patente TZPW11 (Subaru Outback) registrado y enlazado al RUT 9330521-3.
2026-06-15T15:43:04.532-04:00  INFO 353960 --- [core-sifa-test] [main] c.s.c.config.DataInitializerConfig       : Dataset inicial revisado y/o cargado correctamente.
2026-06-15T15:43:04.532-04:00  INFO 353960 --- [core-sifa-test] [main] c.s.c.config.DataInitializerConfig       : ========================================================
2026-06-15T15:43:04.691-04:00  INFO 353960 --- [core-sifa-test] [main] c.s.c.s.i.InfraccionServiceImpl          : Iniciando creación de infracción para patente: INTG11
2026-06-15T15:43:04.700-04:00  INFO 353960 --- [core-sifa-test] [main] c.s.c.s.storage.MockStorageServiceImpl   : MOCK STORAGE -> Archivo simulado: https://mock.sifa.cl/INTG11_1.jpg
2026-06-15T15:43:04.701-04:00  INFO 353960 --- [core-sifa-test] [main] c.s.c.s.storage.MockStorageServiceImpl   : MOCK STORAGE -> Archivo simulado: https://mock.sifa.cl/INTG11_2.jpg
2026-06-15T15:43:04.709-04:00  INFO 353960 --- [core-sifa-test] [main] c.s.c.s.i.InfraccionServiceImpl          : Infracción creada exitosamente con ID: 1
2026-06-15T15:43:04.710-04:00  INFO 353960 --- [core-sifa-test] [main] c.s.core_sifa.service.CitacionService    : Creando citación para la infracción ID: 1
2026-06-15T15:43:04.716-04:00  INFO 353960 --- [core-sifa-test] [main] c.s.core_sifa.service.CitacionService    : Citación ID 1 creada exitosamente
2026-06-15T15:43:04.724-04:00  INFO 353960 --- [core-sifa-test] [main] c.s.c.s.i.InfraccionServiceImpl          : [+] Citación empadronada gatillada y enlazada automáticamente en la transacción.
2026-06-15T15:43:04.840-04:00  INFO 353960 --- [core-sifa-test] [main] c.s.c.s.i.InfraccionServiceImpl          : Buscando infraccion con id: 1
2026-06-15T15:43:04.854-04:00  INFO 353960 --- [core-sifa-test] [main] c.s.c.s.i.InfraccionServiceImpl          : Administrativo JPL jpl@test.cl procesando infracción ID: 1
2026-06-15T15:43:04.857-04:00  INFO 353960 --- [core-sifa-test] [main] c.s.c.s.i.InfraccionServiceImpl          : Infracción ID: 1 procesada exitosamente con estado: APROBADA
2026-06-15T15:43:04.901-04:00  INFO 353960 --- [core-sifa-test] [main] c.s.c.s.audits.AuditLogServiceImpl       : Auditoría guardada exitosamente | Usuario: jpl@test.cl | Acción: PROCESAR_INFRACCION
2026-06-15T15:43:04.983-04:00  INFO 353960 --- [core-sifa-test] [main] t.c.s.AnnotationConfigContextLoaderUtils : Could not detect default configuration classes for test class [com.sifa.core_sifa.controller.TipoInfraccionControllerTest]: TipoInfraccionControllerTest does not declare any static, non-private, non-final, nested classes annotated with @Configuration.
2026-06-15T15:43:05.055-04:00  INFO 353960 --- [core-sifa-test] [main] .b.t.c.SpringBootTestContextBootstrapper : Found @SpringBootConfiguration com.sifa.core_sifa.CoreSifaApplication for test class com.sifa.core_sifa.controller.TipoInfraccionControllerTest
2026-06-15T15:43:05.118-04:00  INFO 353960 --- [core-sifa-test] [main] c.s.c.c.TipoInfraccionControllerTest     : Starting TipoInfraccionControllerTest using Java 21.0.11 with PID 353960 (started by andres-ortega in /home/andres-ortega/Escritorio/proyects/core-sifa)
2026-06-15T15:43:05.119-04:00  INFO 353960 --- [core-sifa-test] [main] c.s.c.c.TipoInfraccionControllerTest     : The following 1 profile is active: "test"
2026-06-15T15:43:05.632-04:00  WARN 353960 --- [core-sifa-test] [main] .s.s.UserDetailsServiceAutoConfiguration : 

Using generated security password: 6155cdbf-1705-4241-b35d-20d55964b2bc

This generated password is for development use only. Your security configuration must be updated before running your application in production.

2026-06-15T15:43:05.635-04:00  INFO 353960 --- [core-sifa-test] [main] r$InitializeUserDetailsManagerConfigurer : Global AuthenticationManager configured with UserDetailsService bean with name inMemoryUserDetailsManager
2026-06-15T15:43:05.907-04:00  INFO 353960 --- [core-sifa-test] [main] o.s.b.t.m.w.SpringBootMockServletContext : Initializing Spring TestDispatcherServlet ''
2026-06-15T15:43:05.908-04:00  INFO 353960 --- [core-sifa-test] [main] o.s.t.web.servlet.TestDispatcherServlet  : Initializing Servlet ''
2026-06-15T15:43:05.909-04:00  INFO 353960 --- [core-sifa-test] [main] o.s.t.web.servlet.TestDispatcherServlet  : Completed initialization in 1 ms
2026-06-15T15:43:05.927-04:00  INFO 353960 --- [core-sifa-test] [main] c.s.c.c.TipoInfraccionControllerTest     : Started TipoInfraccionControllerTest in 0.865 seconds (process running for 27.318)
2026-06-15T15:43:06.373-04:00  INFO 353960 --- [core-sifa-test] [main] c.s.c.c.TipoInfraccionController         : Creando tipo de infracción
2026-06-15T15:43:06.390-04:00  INFO 353960 --- [core-sifa-test] [main] c.s.c.c.TipoInfraccionController         : Obteniendo tipos de infracción paginados - página: 0, tamaño: 10
2026-06-15T15:43:06.399-04:00  WARN 353960 --- [core-sifa-test] [main] ration$PageModule$WarningLoggingModifier : Serializing PageImpl instances as-is is not supported, meaning that there is no guarantee about the stability of the resulting JSON structure!
	For a stable JSON structure, please use Spring Data's PagedModel (globally via @EnableSpringDataWebSupport(pageSerializationMode = VIA_DTO))
	or Spring HATEOAS and Spring Data's PagedResourcesAssembler as documented in https://docs.spring.io/spring-data/commons/reference/repositories/core-extensions.html#core.web.pageables.

2026-06-15T15:43:06.434-04:00  INFO 353960 --- [core-sifa-test] [main] c.s.c.c.TipoInfraccionController         : Eliminando (deshabilitando) tipo de infracción con id 1
2026-06-15T15:43:06.449-04:00  INFO 353960 --- [core-sifa-test] [main] c.s.c.c.TipoInfraccionController         : Actualizando tipo de infracción con id 1
2026-06-15T15:43:06.465-04:00  INFO 353960 --- [core-sifa-test] [main] t.c.s.AnnotationConfigContextLoaderUtils : Could not detect default configuration classes for test class [com.sifa.core_sifa.controller.CitacionControllerTest]: CitacionControllerTest does not declare any static, non-private, non-final, nested classes annotated with @Configuration.
2026-06-15T15:43:06.482-04:00  INFO 353960 --- [core-sifa-test] [main] .b.t.c.SpringBootTestContextBootstrapper : Found @SpringBootConfiguration com.sifa.core_sifa.CoreSifaApplication for test class com.sifa.core_sifa.controller.CitacionControllerTest
2026-06-15T15:43:06.533-04:00  INFO 353960 --- [core-sifa-test] [main] c.s.c.controller.CitacionControllerTest  : Starting CitacionControllerTest using Java 21.0.11 with PID 353960 (started by andres-ortega in /home/andres-ortega/Escritorio/proyects/core-sifa)
2026-06-15T15:43:06.534-04:00  INFO 353960 --- [core-sifa-test] [main] c.s.c.controller.CitacionControllerTest  : The following 1 profile is active: "test"
2026-06-15T15:43:06.969-04:00  WARN 353960 --- [core-sifa-test] [main] .s.s.UserDetailsServiceAutoConfiguration : 

Using generated security password: cca12b37-55e2-405e-9f8a-f0533518f096

This generated password is for development use only. Your security configuration must be updated before running your application in production.

2026-06-15T15:43:06.971-04:00  INFO 353960 --- [core-sifa-test] [main] r$InitializeUserDetailsManagerConfigurer : Global AuthenticationManager configured with UserDetailsService bean with name inMemoryUserDetailsManager
2026-06-15T15:43:07.120-04:00  INFO 353960 --- [core-sifa-test] [main] o.s.b.t.m.w.SpringBootMockServletContext : Initializing Spring TestDispatcherServlet ''
2026-06-15T15:43:07.121-04:00  INFO 353960 --- [core-sifa-test] [main] o.s.t.web.servlet.TestDispatcherServlet  : Initializing Servlet ''
2026-06-15T15:43:07.122-04:00  INFO 353960 --- [core-sifa-test] [main] o.s.t.web.servlet.TestDispatcherServlet  : Completed initialization in 1 ms
2026-06-15T15:43:07.133-04:00  INFO 353960 --- [core-sifa-test] [main] c.s.c.controller.CitacionControllerTest  : Started CitacionControllerTest in 0.645 seconds (process running for 28.525)
2026-06-15T15:43:07.167-04:00  INFO 353960 --- [core-sifa-test] [main] c.s.c.controller.CitacionController      : Petición PUT para actualizar citación ID: 1 recibida. Administrativo: jpl@test.cl
2026-06-15T15:43:07.187-04:00  INFO 353960 --- [core-sifa-test] [main] c.s.c.controller.CitacionController      : Petición GET para listar citaciones - page: 0, size: 10, startDate: null, endDate: null, search: null
2026-06-15T15:43:07.192-04:00  WARN 353960 --- [core-sifa-test] [main] ration$PageModule$WarningLoggingModifier : Serializing PageImpl instances as-is is not supported, meaning that there is no guarantee about the stability of the resulting JSON structure!
	For a stable JSON structure, please use Spring Data's PagedModel (globally via @EnableSpringDataWebSupport(pageSerializationMode = VIA_DTO))
	or Spring HATEOAS and Spring Data's PagedResourcesAssembler as documented in https://docs.spring.io/spring-data/commons/reference/repositories/core-extensions.html#core.web.pageables.

2026-06-15T15:43:07.223-04:00  INFO 353960 --- [core-sifa-test] [main] c.s.c.controller.CitacionController      : Petición GET para citación ID: 1
2026-06-15T15:43:07.241-04:00  INFO 353960 --- [core-sifa-test] [main] t.c.s.AnnotationConfigContextLoaderUtils : Could not detect default configuration classes for test class [com.sifa.core_sifa.controller.InfraccionControllerTest]: InfraccionControllerTest does not declare any static, non-private, non-final, nested classes annotated with @Configuration.
2026-06-15T15:43:07.274-04:00  INFO 353960 --- [core-sifa-test] [main] .b.t.c.SpringBootTestContextBootstrapper : Found @SpringBootConfiguration com.sifa.core_sifa.CoreSifaApplication for test class com.sifa.core_sifa.controller.InfraccionControllerTest
2026-06-15T15:43:07.313-04:00  INFO 353960 --- [core-sifa-test] [main] c.s.c.c.InfraccionControllerTest         : Starting InfraccionControllerTest using Java 21.0.11 with PID 353960 (started by andres-ortega in /home/andres-ortega/Escritorio/proyects/core-sifa)
2026-06-15T15:43:07.314-04:00  INFO 353960 --- [core-sifa-test] [main] c.s.c.c.InfraccionControllerTest         : The following 1 profile is active: "test"
2026-06-15T15:43:07.804-04:00  WARN 353960 --- [core-sifa-test] [main] .s.s.UserDetailsServiceAutoConfiguration : 

Using generated security password: 00df7075-aa08-4548-97e1-13745e352a5e

This generated password is for development use only. Your security configuration must be updated before running your application in production.

2026-06-15T15:43:07.806-04:00  INFO 353960 --- [core-sifa-test] [main] r$InitializeUserDetailsManagerConfigurer : Global AuthenticationManager configured with UserDetailsService bean with name inMemoryUserDetailsManager
2026-06-15T15:43:07.960-04:00  INFO 353960 --- [core-sifa-test] [main] o.s.b.t.m.w.SpringBootMockServletContext : Initializing Spring TestDispatcherServlet ''
2026-06-15T15:43:07.960-04:00  INFO 353960 --- [core-sifa-test] [main] o.s.t.web.servlet.TestDispatcherServlet  : Initializing Servlet ''
2026-06-15T15:43:07.961-04:00  INFO 353960 --- [core-sifa-test] [main] o.s.t.web.servlet.TestDispatcherServlet  : Completed initialization in 1 ms
2026-06-15T15:43:07.970-04:00  INFO 353960 --- [core-sifa-test] [main] c.s.c.c.InfraccionControllerTest         : Started InfraccionControllerTest in 0.69 seconds (process running for 29.361)
2026-06-15T15:43:07.988-04:00  INFO 353960 --- [core-sifa-test] [main] c.s.c.controller.InfraccionController    : Petición PATCH recibida para actualizar estado de infracción ID: 1 a accepted
2026-06-15T15:43:08.017-04:00  INFO 353960 --- [core-sifa-test] [main] c.s.c.controller.InfraccionController    : Petición GET para estadísticas del Dashboard
2026-06-15T15:43:08.039-04:00  INFO 353960 --- [core-sifa-test] [main] c.s.c.controller.InfraccionController    : Obteniendo infracciones paginadas
2026-06-15T15:43:08.043-04:00  WARN 353960 --- [core-sifa-test] [main] ration$PageModule$WarningLoggingModifier : Serializing PageImpl instances as-is is not supported, meaning that there is no guarantee about the stability of the resulting JSON structure!
	For a stable JSON structure, please use Spring Data's PagedModel (globally via @EnableSpringDataWebSupport(pageSerializationMode = VIA_DTO))
	or Spring HATEOAS and Spring Data's PagedResourcesAssembler as documented in https://docs.spring.io/spring-data/commons/reference/repositories/core-extensions.html#core.web.pageables.

2026-06-15T15:43:08.079-04:00  INFO 353960 --- [core-sifa-test] [main] c.s.c.controller.InfraccionController    : Obteniendo infracciones paginadas
2026-06-15T15:43:08.105-04:00  INFO 353960 --- [core-sifa-test] [main] c.s.c.controller.InfraccionController    : Petición GET para reporte de productividad
2026-06-15T15:43:08.130-04:00  INFO 353960 --- [core-sifa-test] [main] c.s.c.controller.InfraccionController    : Petición para procesar infracción ID: 1 recibida. Administrativo JPL ID: jpl@test.cl
2026-06-15T15:43:08.147-04:00  INFO 353960 --- [core-sifa-test] [main] c.s.c.controller.InfraccionController    : Obteniendo resumen del reporte de infracciones
2026-06-15T15:43:08.170-04:00  INFO 353960 --- [core-sifa-test] [main] c.s.c.controller.InfraccionController    : Obteniendo infraccion con id: 1
2026-06-15T15:43:08.180-04:00  INFO 353960 --- [core-sifa-test] [main] c.s.c.controller.InfraccionController    : Obteniendo coordenadas de infracciones para el mapa de calor
2026-06-15T15:43:08.239-04:00  INFO 353960 --- [core-sifa-test] [main] c.s.c.controller.InfraccionController    : Petición de creación de infracción recibida desde el Gateway. Fiscalizador ID: fiscalizador@test.cl
2026-06-15T15:43:08.503-04:00  INFO 353960 --- [core-sifa-test] [main] c.s.c.service.TipoInfraccionServiceImpl  : Creando tipo de infracción: Nuevo Tipo
2026-06-15T15:43:08.513-04:00  INFO 353960 --- [core-sifa-test] [main] c.s.c.service.TipoInfraccionServiceImpl  : Buscando tipo de infracción con id: 1
2026-06-15T15:43:08.519-04:00  INFO 353960 --- [core-sifa-test] [main] c.s.c.service.TipoInfraccionServiceImpl  : Buscando tipo de infracción con id: 99
2026-06-15T15:43:08.526-04:00  INFO 353960 --- [core-sifa-test] [main] c.s.c.service.TipoInfraccionServiceImpl  : Deshabilitando tipo de infracción con id: 1
2026-06-15T15:43:08.543-04:00  INFO 353960 --- [core-sifa-test] [main] c.s.c.service.TipoInfraccionServiceImpl  : Deshabilitando tipo de infracción con id: 99
2026-06-15T15:43:08.547-04:00  INFO 353960 --- [core-sifa-test] [main] c.s.c.service.TipoInfraccionServiceImpl  : Actualizando tipo de infracción con id: 1
2026-06-15T15:43:08.552-04:00  INFO 353960 --- [core-sifa-test] [main] c.s.c.service.TipoInfraccionServiceImpl  : Listando todos los tipos de infracción
2026-06-15T15:43:08.558-04:00  INFO 353960 --- [core-sifa-test] [main] c.s.c.service.TipoInfraccionServiceImpl  : Listando tipos de infracción paginados - página: 0, tamaño: 10
2026-06-15T15:43:09.083-04:00  INFO 353960 --- [core-sifa-test] [main] c.s.c.s.i.InfraccionServiceImpl          : Buscando infracciones por patente: ABCD12
2026-06-15T15:43:09.088-04:00  INFO 353960 --- [core-sifa-test] [main] c.s.c.s.i.InfraccionServiceImpl          : Buscando infraccion con id: 1
2026-06-15T15:43:09.094-04:00  INFO 353960 --- [core-sifa-test] [main] c.s.c.s.i.InfraccionServiceImpl          : Administrativo JPL jpl@test.cl procesando infracción ID: 1
2026-06-15T15:43:09.099-04:00  INFO 353960 --- [core-sifa-test] [main] c.s.c.s.i.InfraccionServiceImpl          : Administrativo JPL jpl@test.cl procesando infracción ID: 1
2026-06-15T15:43:09.106-04:00  INFO 353960 --- [core-sifa-test] [main] c.s.c.s.i.InfraccionServiceImpl          : Administrativo JPL jpl@test.cl procesando infracción ID: 1
2026-06-15T15:43:09.107-04:00  INFO 353960 --- [core-sifa-test] [main] c.s.c.s.i.InfraccionServiceImpl          : Infracción ID: 1 procesada exitosamente con estado: APROBADA
2026-06-15T15:43:09.118-04:00  INFO 353960 --- [core-sifa-test] [main] c.s.c.s.i.InfraccionServiceImpl          : Generando reporte de productividad de fiscalizadores
2026-06-15T15:43:09.124-04:00  INFO 353960 --- [core-sifa-test] [main] c.s.c.s.i.InfraccionServiceImpl          : Buscando infraccion con id: 99
2026-06-15T15:43:09.130-04:00  INFO 353960 --- [core-sifa-test] [main] c.s.c.s.i.InfraccionServiceImpl          : Iniciando creación de infracción para patente: ABCD12
2026-06-15T15:43:09.134-04:00  INFO 353960 --- [core-sifa-test] [main] c.s.c.s.i.InfraccionServiceImpl          : Generando estadísticas del Dashboard
2026-06-15T15:43:09.140-04:00  INFO 353960 --- [core-sifa-test] [main] c.s.c.s.i.InfraccionServiceImpl          : Iniciando creación de infracción para patente: ABCD12
2026-06-15T15:43:09.146-04:00  INFO 353960 --- [core-sifa-test] [main] c.s.c.s.i.InfraccionServiceImpl          : Generando reporte de productividad de fiscalizadores
2026-06-15T15:43:09.246-04:00  INFO 353960 --- [core-sifa-test] [main] c.s.c.s.i.InfraccionServiceImpl          : Iniciando creación de infracción para patente: ABCD12
2026-06-15T15:43:09.246-04:00  INFO 353960 --- [core-sifa-test] [main] c.s.c.s.i.InfraccionServiceImpl          : Infracción creada exitosamente con ID: 1
2026-06-15T15:43:09.247-04:00  INFO 353960 --- [core-sifa-test] [main] c.s.c.s.i.InfraccionServiceImpl          : [+] Citación empadronada gatillada y enlazada automáticamente en la transacción.
2026-06-15T15:43:09.255-04:00  INFO 353960 --- [core-sifa-test] [main] c.s.c.s.i.InfraccionServiceImpl          : Buscando infracciones por id Fiscalizador: fiscalizador@test.cl
2026-06-15T15:43:09.260-04:00  INFO 353960 --- [core-sifa-test] [main] c.s.c.s.i.InfraccionServiceImpl          : Editando infracción ID: 1
2026-06-15T15:43:09.265-04:00  INFO 353960 --- [core-sifa-test] [main] c.s.c.s.i.InfraccionServiceImpl          : Listando todas las infracciones
2026-06-15T15:43:09.399-04:00  INFO 353960 --- [core-sifa-test] [main] c.s.c.s.FiscalizadorPresenciaService     : Recibiendo latido de presencia de: fiscalizador@test.cl
2026-06-15T15:43:09.530-04:00  INFO 353960 --- [core-sifa-test] [main] c.s.core_sifa.service.CitacionService    : Administrativo jpl@test.cl actualizando citación 1.
2026-06-15T15:43:09.531-04:00  INFO 353960 --- [core-sifa-test] [main] c.s.core_sifa.service.CitacionService    : Citacion actualizada exitosamente con ID 1
2026-06-15T15:43:09.538-04:00  INFO 353960 --- [core-sifa-test] [main] c.s.core_sifa.service.CitacionService    : Creando citación para la infracción ID: 1
2026-06-15T15:43:09.544-04:00  INFO 353960 --- [core-sifa-test] [main] c.s.core_sifa.service.CitacionService    : Buscando citación con ID: 1
2026-06-15T15:43:09.553-04:00  INFO 353960 --- [core-sifa-test] [main] c.s.core_sifa.service.CitacionService    : Administrativo jpl@test.cl actualizando citación 99.
2026-06-15T15:43:09.558-04:00  INFO 353960 --- [core-sifa-test] [main] c.s.core_sifa.service.CitacionService    : Listando citaciones con filtros - startDate: null, endDate: null, search: null
2026-06-15T15:43:09.562-04:00  INFO 353960 --- [core-sifa-test] [main] c.s.core_sifa.service.CitacionService    : Buscando citación con ID: 99
2026-06-15T15:43:09.567-04:00  INFO 353960 --- [core-sifa-test] [main] c.s.core_sifa.service.CitacionService    : Creando citación para la infracción ID: 1
2026-06-15T15:43:09.568-04:00  INFO 353960 --- [core-sifa-test] [main] c.s.core_sifa.service.CitacionService    : Citación ID 1 creada exitosamente
2026-06-15T15:43:09.572-04:00  INFO 353960 --- [core-sifa-test] [main] c.s.core_sifa.service.CitacionService    : Creando citación para la infracción ID: 99
2026-06-15T15:43:09.579-04:00  INFO 353960 --- [core-sifa-test] [main] t.c.s.AnnotationConfigContextLoaderUtils : Could not detect default configuration classes for test class [com.sifa.core_sifa.CoreSifaApplicationTests]: CoreSifaApplicationTests does not declare any static, non-private, non-final, nested classes annotated with @Configuration.
2026-06-15T15:43:09.587-04:00  INFO 353960 --- [core-sifa-test] [main] .b.t.c.SpringBootTestContextBootstrapper : Found @SpringBootConfiguration com.sifa.core_sifa.CoreSifaApplication for test class com.sifa.core_sifa.CoreSifaApplicationTests
2026-06-15T15:43:09.606-04:00  INFO 353960 --- [core-sifa-test] [main] t.c.s.AnnotationConfigContextLoaderUtils : Could not detect default configuration classes for test class [com.sifa.core_sifa.repository.IInfraccionRepositoryTest]: IInfraccionRepositoryTest does not declare any static, non-private, non-final, nested classes annotated with @Configuration.
2026-06-15T15:43:09.618-04:00  INFO 353960 --- [core-sifa-test] [main] .b.t.c.SpringBootTestContextBootstrapper : Found @SpringBootConfiguration com.sifa.core_sifa.CoreSifaApplication for test class com.sifa.core_sifa.repository.IInfraccionRepositoryTest
2026-06-15T15:43:10.406-04:00  INFO 353960 --- [core-sifa-test] [main] t.c.s.AnnotationConfigContextLoaderUtils : Could not detect default configuration classes for test class [com.sifa.core_sifa.repository.ICitacionRepositoryTest]: ICitacionRepositoryTest does not declare any static, non-private, non-final, nested classes annotated with @Configuration.
2026-06-15T15:43:10.408-04:00  INFO 353960 --- [core-sifa-test] [main] .b.t.c.SpringBootTestContextBootstrapper : Found @SpringBootConfiguration com.sifa.core_sifa.CoreSifaApplication for test class com.sifa.core_sifa.repository.ICitacionRepositoryTest
2026-06-15T15:43:11.004-04:00  INFO 353960 --- [core-sifa-test] [SpringApplicationShutdownHook] j.LocalContainerEntityManagerFactoryBean : Closing JPA EntityManagerFactory for persistence unit 'default'
2026-06-15T15:43:11.017-04:00  INFO 353960 --- [core-sifa-test] [SpringApplicationShutdownHook] com.zaxxer.hikari.HikariDataSource       : HikariPool-1 - Shutdown initiated...
2026-06-15T15:43:11.036-04:00  INFO 353960 --- [core-sifa-test] [SpringApplicationShutdownHook] com.zaxxer.hikari.HikariDataSource       : HikariPool-1 - Shutdown completed.
2026-06-15T15:47:34.705-04:00  INFO 358643 --- [core-sifa-test] [main] c.s.c.i.InfraccionFlowIntegrationTest    : Starting InfraccionFlowIntegrationTest using Java 21.0.11 with PID 358643 (started by andres-ortega in /home/andres-ortega/Escritorio/proyects/core-sifa)
2026-06-15T15:47:34.709-04:00  INFO 358643 --- [core-sifa-test] [main] c.s.c.i.InfraccionFlowIntegrationTest    : The following 2 profiles are active: "test", "dev"
2026-06-15T15:47:36.622-04:00  INFO 358643 --- [core-sifa-test] [main] .s.d.r.c.RepositoryConfigurationDelegate : Bootstrapping Spring Data JPA repositories in DEFAULT mode.
2026-06-15T15:47:36.773-04:00  INFO 358643 --- [core-sifa-test] [main] .s.d.r.c.RepositoryConfigurationDelegate : Finished Spring Data repository scanning in 134 ms. Found 10 JPA repository interfaces.
2026-06-15T15:47:39.457-04:00  INFO 358643 --- [core-sifa-test] [main] o.hibernate.jpa.internal.util.LogHelper  : HHH000204: Processing PersistenceUnitInfo [name: default]
2026-06-15T15:47:39.613-04:00  INFO 358643 --- [core-sifa-test] [main] org.hibernate.Version                    : HHH000412: Hibernate ORM core version 6.6.8.Final
2026-06-15T15:47:39.708-04:00  INFO 358643 --- [core-sifa-test] [main] o.h.c.internal.RegionFactoryInitiator    : HHH000026: Second-level cache disabled
2026-06-15T15:47:40.039-04:00  INFO 358643 --- [core-sifa-test] [main] o.s.o.j.p.SpringPersistenceUnitInfo      : No LoadTimeWeaver setup: ignoring JPA class transformer
2026-06-15T15:47:40.128-04:00  INFO 358643 --- [core-sifa-test] [main] com.zaxxer.hikari.HikariDataSource       : HikariPool-1 - Starting...
2026-06-15T15:47:40.764-04:00  INFO 358643 --- [core-sifa-test] [main] com.zaxxer.hikari.pool.HikariPool        : HikariPool-1 - Added connection conn0: url=jdbc:h2:mem:testdb user=SA
2026-06-15T15:47:40.769-04:00  INFO 358643 --- [core-sifa-test] [main] com.zaxxer.hikari.HikariDataSource       : HikariPool-1 - Start completed.
2026-06-15T15:47:40.823-04:00  WARN 358643 --- [core-sifa-test] [main] org.hibernate.orm.deprecation            : HHH90000025: H2Dialect does not need to be specified explicitly using 'hibernate.dialect' (remove the property setting and it will be selected by default)
2026-06-15T15:47:40.867-04:00  INFO 358643 --- [core-sifa-test] [main] org.hibernate.orm.connections.pooling    : HHH10001005: Database info:
	Database JDBC URL [Connecting through datasource 'HikariDataSource (HikariPool-1)']
	Database driver: undefined/unknown
	Database version: 2.3.232
	Autocommit mode: undefined/unknown
	Isolation level: undefined/unknown
	Minimum pool size: undefined/unknown
	Maximum pool size: undefined/unknown
2026-06-15T15:47:43.351-04:00  INFO 358643 --- [core-sifa-test] [main] o.h.e.t.j.p.i.JtaPlatformInitiator       : HHH000489: No JTA platform available (set 'hibernate.transaction.jta.platform' to enable JTA platform integration)
2026-06-15T15:47:43.491-04:00  INFO 358643 --- [core-sifa-test] [main] j.LocalContainerEntityManagerFactoryBean : Initialized JPA EntityManagerFactory for persistence unit 'default'
2026-06-15T15:47:44.064-04:00  INFO 358643 --- [core-sifa-test] [main] o.s.d.j.r.query.QueryEnhancerFactory     : Hibernate is in classpath; If applicable, HQL parser will be used.
2026-06-15T15:47:48.829-04:00  WARN 358643 --- [core-sifa-test] [main] JpaBaseConfiguration$JpaWebConfiguration : spring.jpa.open-in-view is enabled by default. Therefore, database queries may be performed during view rendering. Explicitly configure spring.jpa.open-in-view to disable this warning
2026-06-15T15:47:48.878-04:00  WARN 358643 --- [core-sifa-test] [main] .s.s.UserDetailsServiceAutoConfiguration : 

Using generated security password: 668db840-bcef-44e6-9759-2afbc268b58e

This generated password is for development use only. Your security configuration must be updated before running your application in production.

2026-06-15T15:47:48.927-04:00  INFO 358643 --- [core-sifa-test] [main] r$InitializeUserDetailsManagerConfigurer : Global AuthenticationManager configured with UserDetailsService bean with name inMemoryUserDetailsManager
2026-06-15T15:47:50.358-04:00  INFO 358643 --- [core-sifa-test] [main] c.s.c.i.InfraccionFlowIntegrationTest    : Started InfraccionFlowIntegrationTest in 16.373 seconds (process running for 18.735)
2026-06-15T15:47:50.363-04:00  INFO 358643 --- [core-sifa-test] [main] c.s.c.config.DataInitializerConfig       : ========================================================
2026-06-15T15:47:50.363-04:00  INFO 358643 --- [core-sifa-test] [main] c.s.c.config.DataInitializerConfig       : Verificando e inicializando Dataset de prueba en MySQL...
2026-06-15T15:47:50.647-04:00  INFO 358643 --- [core-sifa-test] [main] c.s.c.config.DataInitializerConfig       : [+] Tipo de Infracción 'Mal Estacionado' registrado.
2026-06-15T15:47:50.710-04:00  INFO 358643 --- [core-sifa-test] [main] c.s.c.config.DataInitializerConfig       : [+] Propietario RUT 9330521-3 registrado exitosamente.
2026-06-15T15:47:50.759-04:00  INFO 358643 --- [core-sifa-test] [main] c.s.c.config.DataInitializerConfig       : [+] Vehículo patente TZPW11 (Subaru Outback) registrado y enlazado al RUT 9330521-3.
2026-06-15T15:47:50.760-04:00  INFO 358643 --- [core-sifa-test] [main] c.s.c.config.DataInitializerConfig       : Dataset inicial revisado y/o cargado correctamente.
2026-06-15T15:47:50.760-04:00  INFO 358643 --- [core-sifa-test] [main] c.s.c.config.DataInitializerConfig       : ========================================================
2026-06-15T15:47:50.891-04:00  INFO 358643 --- [core-sifa-test] [main] c.s.c.s.i.InfraccionServiceImpl          : Iniciando creación de infracción para patente: INTG11
2026-06-15T15:47:50.897-04:00  INFO 358643 --- [core-sifa-test] [main] c.s.c.s.storage.MockStorageServiceImpl   : MOCK STORAGE -> Archivo simulado: https://mock.sifa.cl/INTG11_1.jpg
2026-06-15T15:47:50.897-04:00  INFO 358643 --- [core-sifa-test] [main] c.s.c.s.storage.MockStorageServiceImpl   : MOCK STORAGE -> Archivo simulado: https://mock.sifa.cl/INTG11_2.jpg
2026-06-15T15:47:50.904-04:00  INFO 358643 --- [core-sifa-test] [main] c.s.c.s.i.InfraccionServiceImpl          : Infracción creada exitosamente con ID: 1
2026-06-15T15:47:50.905-04:00  INFO 358643 --- [core-sifa-test] [main] c.s.core_sifa.service.CitacionService    : Creando citación para la infracción ID: 1
2026-06-15T15:47:50.910-04:00  INFO 358643 --- [core-sifa-test] [main] c.s.core_sifa.service.CitacionService    : Citación ID 1 creada exitosamente
2026-06-15T15:47:50.917-04:00  INFO 358643 --- [core-sifa-test] [main] c.s.c.s.i.InfraccionServiceImpl          : [+] Citación empadronada gatillada y enlazada automáticamente en la transacción.
2026-06-15T15:47:51.040-04:00  INFO 358643 --- [core-sifa-test] [main] c.s.c.s.i.InfraccionServiceImpl          : Buscando infraccion con id: 1
2026-06-15T15:47:51.052-04:00  INFO 358643 --- [core-sifa-test] [main] c.s.c.s.i.InfraccionServiceImpl          : Administrativo JPL jpl@test.cl procesando infracción ID: 1
2026-06-15T15:47:51.056-04:00  INFO 358643 --- [core-sifa-test] [main] c.s.c.s.i.InfraccionServiceImpl          : Infracción ID: 1 procesada exitosamente con estado: APROBADA
2026-06-15T15:47:51.101-04:00  INFO 358643 --- [core-sifa-test] [main] c.s.c.s.audits.AuditLogServiceImpl       : Auditoría guardada exitosamente | Usuario: jpl@test.cl | Acción: PROCESAR_INFRACCION
2026-06-15T15:47:51.176-04:00  INFO 358643 --- [core-sifa-test] [main] t.c.s.AnnotationConfigContextLoaderUtils : Could not detect default configuration classes for test class [com.sifa.core_sifa.controller.TipoInfraccionControllerTest]: TipoInfraccionControllerTest does not declare any static, non-private, non-final, nested classes annotated with @Configuration.
2026-06-15T15:47:51.243-04:00  INFO 358643 --- [core-sifa-test] [main] .b.t.c.SpringBootTestContextBootstrapper : Found @SpringBootConfiguration com.sifa.core_sifa.CoreSifaApplication for test class com.sifa.core_sifa.controller.TipoInfraccionControllerTest
2026-06-15T15:47:51.296-04:00  INFO 358643 --- [core-sifa-test] [main] c.s.c.c.TipoInfraccionControllerTest     : Starting TipoInfraccionControllerTest using Java 21.0.11 with PID 358643 (started by andres-ortega in /home/andres-ortega/Escritorio/proyects/core-sifa)
2026-06-15T15:47:51.297-04:00  INFO 358643 --- [core-sifa-test] [main] c.s.c.c.TipoInfraccionControllerTest     : The following 1 profile is active: "test"
2026-06-15T15:47:51.643-04:00  WARN 358643 --- [core-sifa-test] [main] .s.s.UserDetailsServiceAutoConfiguration : 

Using generated security password: 6ec228e4-2248-4c7c-8319-310185916886

This generated password is for development use only. Your security configuration must be updated before running your application in production.

2026-06-15T15:47:51.644-04:00  INFO 358643 --- [core-sifa-test] [main] r$InitializeUserDetailsManagerConfigurer : Global AuthenticationManager configured with UserDetailsService bean with name inMemoryUserDetailsManager
2026-06-15T15:47:51.827-04:00  INFO 358643 --- [core-sifa-test] [main] o.s.b.t.m.w.SpringBootMockServletContext : Initializing Spring TestDispatcherServlet ''
2026-06-15T15:47:51.828-04:00  INFO 358643 --- [core-sifa-test] [main] o.s.t.web.servlet.TestDispatcherServlet  : Initializing Servlet ''
2026-06-15T15:47:51.829-04:00  INFO 358643 --- [core-sifa-test] [main] o.s.t.web.servlet.TestDispatcherServlet  : Completed initialization in 1 ms
2026-06-15T15:47:51.842-04:00  INFO 358643 --- [core-sifa-test] [main] c.s.c.c.TipoInfraccionControllerTest     : Started TipoInfraccionControllerTest in 0.593 seconds (process running for 20.22)
2026-06-15T15:47:52.165-04:00  INFO 358643 --- [core-sifa-test] [main] c.s.c.c.TipoInfraccionController         : Creando tipo de infracción
2026-06-15T15:47:52.186-04:00  INFO 358643 --- [core-sifa-test] [main] c.s.c.c.TipoInfraccionController         : Obteniendo tipos de infracción paginados - página: 0, tamaño: 10
2026-06-15T15:47:52.196-04:00  WARN 358643 --- [core-sifa-test] [main] ration$PageModule$WarningLoggingModifier : Serializing PageImpl instances as-is is not supported, meaning that there is no guarantee about the stability of the resulting JSON structure!
	For a stable JSON structure, please use Spring Data's PagedModel (globally via @EnableSpringDataWebSupport(pageSerializationMode = VIA_DTO))
	or Spring HATEOAS and Spring Data's PagedResourcesAssembler as documented in https://docs.spring.io/spring-data/commons/reference/repositories/core-extensions.html#core.web.pageables.

2026-06-15T15:47:52.228-04:00  INFO 358643 --- [core-sifa-test] [main] c.s.c.c.TipoInfraccionController         : Eliminando (deshabilitando) tipo de infracción con id 1
2026-06-15T15:47:52.242-04:00  INFO 358643 --- [core-sifa-test] [main] c.s.c.c.TipoInfraccionController         : Actualizando tipo de infracción con id 1
2026-06-15T15:47:52.255-04:00  INFO 358643 --- [core-sifa-test] [main] t.c.s.AnnotationConfigContextLoaderUtils : Could not detect default configuration classes for test class [com.sifa.core_sifa.controller.CitacionControllerTest]: CitacionControllerTest does not declare any static, non-private, non-final, nested classes annotated with @Configuration.
2026-06-15T15:47:52.275-04:00  INFO 358643 --- [core-sifa-test] [main] .b.t.c.SpringBootTestContextBootstrapper : Found @SpringBootConfiguration com.sifa.core_sifa.CoreSifaApplication for test class com.sifa.core_sifa.controller.CitacionControllerTest
2026-06-15T15:47:52.312-04:00  INFO 358643 --- [core-sifa-test] [main] c.s.c.controller.CitacionControllerTest  : Starting CitacionControllerTest using Java 21.0.11 with PID 358643 (started by andres-ortega in /home/andres-ortega/Escritorio/proyects/core-sifa)
2026-06-15T15:47:52.313-04:00  INFO 358643 --- [core-sifa-test] [main] c.s.c.controller.CitacionControllerTest  : The following 1 profile is active: "test"
2026-06-15T15:47:52.618-04:00  WARN 358643 --- [core-sifa-test] [main] .s.s.UserDetailsServiceAutoConfiguration : 

Using generated security password: 3e9090fb-960a-4c36-8878-cfa310f0017c

This generated password is for development use only. Your security configuration must be updated before running your application in production.

2026-06-15T15:47:52.620-04:00  INFO 358643 --- [core-sifa-test] [main] r$InitializeUserDetailsManagerConfigurer : Global AuthenticationManager configured with UserDetailsService bean with name inMemoryUserDetailsManager
2026-06-15T15:47:52.770-04:00  INFO 358643 --- [core-sifa-test] [main] o.s.b.t.m.w.SpringBootMockServletContext : Initializing Spring TestDispatcherServlet ''
2026-06-15T15:47:52.770-04:00  INFO 358643 --- [core-sifa-test] [main] o.s.t.web.servlet.TestDispatcherServlet  : Initializing Servlet ''
2026-06-15T15:47:52.771-04:00  INFO 358643 --- [core-sifa-test] [main] o.s.t.web.servlet.TestDispatcherServlet  : Completed initialization in 0 ms
2026-06-15T15:47:52.780-04:00  INFO 358643 --- [core-sifa-test] [main] c.s.c.controller.CitacionControllerTest  : Started CitacionControllerTest in 0.495 seconds (process running for 21.158)
2026-06-15T15:47:52.813-04:00  INFO 358643 --- [core-sifa-test] [main] c.s.c.controller.CitacionController      : Petición PUT para actualizar citación ID: 1 recibida. Administrativo: jpl@test.cl
2026-06-15T15:47:52.837-04:00  INFO 358643 --- [core-sifa-test] [main] c.s.c.controller.CitacionController      : Petición GET para listar citaciones - page: 0, size: 10, startDate: null, endDate: null, search: null
2026-06-15T15:47:52.842-04:00  WARN 358643 --- [core-sifa-test] [main] ration$PageModule$WarningLoggingModifier : Serializing PageImpl instances as-is is not supported, meaning that there is no guarantee about the stability of the resulting JSON structure!
	For a stable JSON structure, please use Spring Data's PagedModel (globally via @EnableSpringDataWebSupport(pageSerializationMode = VIA_DTO))
	or Spring HATEOAS and Spring Data's PagedResourcesAssembler as documented in https://docs.spring.io/spring-data/commons/reference/repositories/core-extensions.html#core.web.pageables.

2026-06-15T15:47:52.871-04:00  INFO 358643 --- [core-sifa-test] [main] c.s.c.controller.CitacionController      : Petición GET para citación ID: 1
2026-06-15T15:47:52.884-04:00  INFO 358643 --- [core-sifa-test] [main] t.c.s.AnnotationConfigContextLoaderUtils : Could not detect default configuration classes for test class [com.sifa.core_sifa.controller.InfraccionControllerTest]: InfraccionControllerTest does not declare any static, non-private, non-final, nested classes annotated with @Configuration.
2026-06-15T15:47:52.903-04:00  INFO 358643 --- [core-sifa-test] [main] .b.t.c.SpringBootTestContextBootstrapper : Found @SpringBootConfiguration com.sifa.core_sifa.CoreSifaApplication for test class com.sifa.core_sifa.controller.InfraccionControllerTest
2026-06-15T15:47:52.937-04:00  INFO 358643 --- [core-sifa-test] [main] c.s.c.c.InfraccionControllerTest         : Starting InfraccionControllerTest using Java 21.0.11 with PID 358643 (started by andres-ortega in /home/andres-ortega/Escritorio/proyects/core-sifa)
2026-06-15T15:47:52.937-04:00  INFO 358643 --- [core-sifa-test] [main] c.s.c.c.InfraccionControllerTest         : The following 1 profile is active: "test"
2026-06-15T15:47:53.328-04:00  WARN 358643 --- [core-sifa-test] [main] .s.s.UserDetailsServiceAutoConfiguration : 

Using generated security password: 0130e8b6-1acf-48b4-bfa4-e15e3b851172

This generated password is for development use only. Your security configuration must be updated before running your application in production.

2026-06-15T15:47:53.329-04:00  INFO 358643 --- [core-sifa-test] [main] r$InitializeUserDetailsManagerConfigurer : Global AuthenticationManager configured with UserDetailsService bean with name inMemoryUserDetailsManager
2026-06-15T15:47:53.463-04:00  INFO 358643 --- [core-sifa-test] [main] o.s.b.t.m.w.SpringBootMockServletContext : Initializing Spring TestDispatcherServlet ''
2026-06-15T15:47:53.463-04:00  INFO 358643 --- [core-sifa-test] [main] o.s.t.web.servlet.TestDispatcherServlet  : Initializing Servlet ''
2026-06-15T15:47:53.464-04:00  INFO 358643 --- [core-sifa-test] [main] o.s.t.web.servlet.TestDispatcherServlet  : Completed initialization in 1 ms
2026-06-15T15:47:53.471-04:00  INFO 358643 --- [core-sifa-test] [main] c.s.c.c.InfraccionControllerTest         : Started InfraccionControllerTest in 0.563 seconds (process running for 21.849)
2026-06-15T15:47:53.491-04:00  INFO 358643 --- [core-sifa-test] [main] c.s.c.controller.InfraccionController    : Petición PATCH recibida para actualizar estado de infracción ID: 1 a accepted
2026-06-15T15:47:53.519-04:00  INFO 358643 --- [core-sifa-test] [main] c.s.c.controller.InfraccionController    : Petición GET para estadísticas del Dashboard
2026-06-15T15:47:53.541-04:00  INFO 358643 --- [core-sifa-test] [main] c.s.c.controller.InfraccionController    : Obteniendo infracciones paginadas
2026-06-15T15:47:53.545-04:00  WARN 358643 --- [core-sifa-test] [main] ration$PageModule$WarningLoggingModifier : Serializing PageImpl instances as-is is not supported, meaning that there is no guarantee about the stability of the resulting JSON structure!
	For a stable JSON structure, please use Spring Data's PagedModel (globally via @EnableSpringDataWebSupport(pageSerializationMode = VIA_DTO))
	or Spring HATEOAS and Spring Data's PagedResourcesAssembler as documented in https://docs.spring.io/spring-data/commons/reference/repositories/core-extensions.html#core.web.pageables.

2026-06-15T15:47:53.578-04:00  INFO 358643 --- [core-sifa-test] [main] c.s.c.controller.InfraccionController    : Obteniendo infracciones paginadas
2026-06-15T15:47:53.598-04:00  INFO 358643 --- [core-sifa-test] [main] c.s.c.controller.InfraccionController    : Petición GET para reporte de productividad
2026-06-15T15:47:53.628-04:00  INFO 358643 --- [core-sifa-test] [main] c.s.c.controller.InfraccionController    : Petición para procesar infracción ID: 1 recibida. Administrativo JPL ID: jpl@test.cl
2026-06-15T15:47:53.646-04:00  INFO 358643 --- [core-sifa-test] [main] c.s.c.controller.InfraccionController    : Obteniendo resumen del reporte de infracciones
2026-06-15T15:47:53.678-04:00  INFO 358643 --- [core-sifa-test] [main] c.s.c.controller.InfraccionController    : Obteniendo infraccion con id: 1
2026-06-15T15:47:53.687-04:00  INFO 358643 --- [core-sifa-test] [main] c.s.c.controller.InfraccionController    : Obteniendo coordenadas de infracciones para el mapa de calor
2026-06-15T15:47:53.744-04:00  INFO 358643 --- [core-sifa-test] [main] c.s.c.controller.InfraccionController    : Petición de creación de infracción recibida desde el Gateway. Fiscalizador ID: fiscalizador@test.cl
2026-06-15T15:47:53.959-04:00  INFO 358643 --- [core-sifa-test] [main] c.s.c.service.TipoInfraccionServiceImpl  : Creando tipo de infracción: Nuevo Tipo
2026-06-15T15:47:53.967-04:00  INFO 358643 --- [core-sifa-test] [main] c.s.c.service.TipoInfraccionServiceImpl  : Buscando tipo de infracción con id: 1
2026-06-15T15:47:53.972-04:00  INFO 358643 --- [core-sifa-test] [main] c.s.c.service.TipoInfraccionServiceImpl  : Buscando tipo de infracción con id: 99
2026-06-15T15:47:53.978-04:00  INFO 358643 --- [core-sifa-test] [main] c.s.c.service.TipoInfraccionServiceImpl  : Deshabilitando tipo de infracción con id: 1
2026-06-15T15:47:53.993-04:00  INFO 358643 --- [core-sifa-test] [main] c.s.c.service.TipoInfraccionServiceImpl  : Deshabilitando tipo de infracción con id: 99
2026-06-15T15:47:53.997-04:00  INFO 358643 --- [core-sifa-test] [main] c.s.c.service.TipoInfraccionServiceImpl  : Actualizando tipo de infracción con id: 1
2026-06-15T15:47:54.002-04:00  INFO 358643 --- [core-sifa-test] [main] c.s.c.service.TipoInfraccionServiceImpl  : Listando todos los tipos de infracción
2026-06-15T15:47:54.007-04:00  INFO 358643 --- [core-sifa-test] [main] c.s.c.service.TipoInfraccionServiceImpl  : Listando tipos de infracción paginados - página: 0, tamaño: 10
2026-06-15T15:47:54.415-04:00  INFO 358643 --- [core-sifa-test] [main] c.s.c.s.i.InfraccionServiceImpl          : Buscando infracciones por patente: ABCD12
2026-06-15T15:47:54.420-04:00  INFO 358643 --- [core-sifa-test] [main] c.s.c.s.i.InfraccionServiceImpl          : Buscando infraccion con id: 1
2026-06-15T15:47:54.426-04:00  INFO 358643 --- [core-sifa-test] [main] c.s.c.s.i.InfraccionServiceImpl          : Administrativo JPL jpl@test.cl procesando infracción ID: 1
2026-06-15T15:47:54.432-04:00  INFO 358643 --- [core-sifa-test] [main] c.s.c.s.i.InfraccionServiceImpl          : Administrativo JPL jpl@test.cl procesando infracción ID: 1
2026-06-15T15:47:54.438-04:00  INFO 358643 --- [core-sifa-test] [main] c.s.c.s.i.InfraccionServiceImpl          : Administrativo JPL jpl@test.cl procesando infracción ID: 1
2026-06-15T15:47:54.439-04:00  INFO 358643 --- [core-sifa-test] [main] c.s.c.s.i.InfraccionServiceImpl          : Infracción ID: 1 procesada exitosamente con estado: APROBADA
2026-06-15T15:47:54.451-04:00  INFO 358643 --- [core-sifa-test] [main] c.s.c.s.i.InfraccionServiceImpl          : Generando reporte de productividad de fiscalizadores
2026-06-15T15:47:54.457-04:00  INFO 358643 --- [core-sifa-test] [main] c.s.c.s.i.InfraccionServiceImpl          : Buscando infraccion con id: 99
2026-06-15T15:47:54.464-04:00  INFO 358643 --- [core-sifa-test] [main] c.s.c.s.i.InfraccionServiceImpl          : Iniciando creación de infracción para patente: ABCD12
2026-06-15T15:47:54.470-04:00  INFO 358643 --- [core-sifa-test] [main] c.s.c.s.i.InfraccionServiceImpl          : Generando estadísticas del Dashboard
2026-06-15T15:47:54.476-04:00  INFO 358643 --- [core-sifa-test] [main] c.s.c.s.i.InfraccionServiceImpl          : Iniciando creación de infracción para patente: ABCD12
2026-06-15T15:47:54.480-04:00  INFO 358643 --- [core-sifa-test] [main] c.s.c.s.i.InfraccionServiceImpl          : Generando reporte de productividad de fiscalizadores
2026-06-15T15:47:54.562-04:00  INFO 358643 --- [core-sifa-test] [main] c.s.c.s.i.InfraccionServiceImpl          : Iniciando creación de infracción para patente: ABCD12
2026-06-15T15:47:54.563-04:00  INFO 358643 --- [core-sifa-test] [main] c.s.c.s.i.InfraccionServiceImpl          : Infracción creada exitosamente con ID: 1
2026-06-15T15:47:54.563-04:00  INFO 358643 --- [core-sifa-test] [main] c.s.c.s.i.InfraccionServiceImpl          : [+] Citación empadronada gatillada y enlazada automáticamente en la transacción.
2026-06-15T15:47:54.567-04:00  INFO 358643 --- [core-sifa-test] [main] c.s.c.s.i.InfraccionServiceImpl          : Buscando infracciones por id Fiscalizador: fiscalizador@test.cl
2026-06-15T15:47:54.572-04:00  INFO 358643 --- [core-sifa-test] [main] c.s.c.s.i.InfraccionServiceImpl          : Editando infracción ID: 1
2026-06-15T15:47:54.577-04:00  INFO 358643 --- [core-sifa-test] [main] c.s.c.s.i.InfraccionServiceImpl          : Listando todas las infracciones
2026-06-15T15:47:54.694-04:00  INFO 358643 --- [core-sifa-test] [main] c.s.c.s.FiscalizadorPresenciaService     : Recibiendo latido de presencia de: fiscalizador@test.cl
2026-06-15T15:47:54.806-04:00  INFO 358643 --- [core-sifa-test] [main] c.s.core_sifa.service.CitacionService    : Administrativo jpl@test.cl actualizando citación 1.
2026-06-15T15:47:54.807-04:00  INFO 358643 --- [core-sifa-test] [main] c.s.core_sifa.service.CitacionService    : Citacion actualizada exitosamente con ID 1
2026-06-15T15:47:54.810-04:00  INFO 358643 --- [core-sifa-test] [main] c.s.core_sifa.service.CitacionService    : Creando citación para la infracción ID: 1
2026-06-15T15:47:54.813-04:00  INFO 358643 --- [core-sifa-test] [main] c.s.core_sifa.service.CitacionService    : Buscando citación con ID: 1
2026-06-15T15:47:54.818-04:00  INFO 358643 --- [core-sifa-test] [main] c.s.core_sifa.service.CitacionService    : Administrativo jpl@test.cl actualizando citación 99.
2026-06-15T15:47:54.821-04:00  INFO 358643 --- [core-sifa-test] [main] c.s.core_sifa.service.CitacionService    : Listando citaciones con filtros - startDate: null, endDate: null, search: null
2026-06-15T15:47:54.824-04:00  INFO 358643 --- [core-sifa-test] [main] c.s.core_sifa.service.CitacionService    : Buscando citación con ID: 99
2026-06-15T15:47:54.830-04:00  INFO 358643 --- [core-sifa-test] [main] c.s.core_sifa.service.CitacionService    : Creando citación para la infracción ID: 1
2026-06-15T15:47:54.831-04:00  INFO 358643 --- [core-sifa-test] [main] c.s.core_sifa.service.CitacionService    : Citación ID 1 creada exitosamente
2026-06-15T15:47:54.835-04:00  INFO 358643 --- [core-sifa-test] [main] c.s.core_sifa.service.CitacionService    : Creando citación para la infracción ID: 99
2026-06-15T15:47:54.841-04:00  INFO 358643 --- [core-sifa-test] [main] t.c.s.AnnotationConfigContextLoaderUtils : Could not detect default configuration classes for test class [com.sifa.core_sifa.CoreSifaApplicationTests]: CoreSifaApplicationTests does not declare any static, non-private, non-final, nested classes annotated with @Configuration.
2026-06-15T15:47:54.853-04:00  INFO 358643 --- [core-sifa-test] [main] .b.t.c.SpringBootTestContextBootstrapper : Found @SpringBootConfiguration com.sifa.core_sifa.CoreSifaApplication for test class com.sifa.core_sifa.CoreSifaApplicationTests
2026-06-15T15:47:54.875-04:00  INFO 358643 --- [core-sifa-test] [main] t.c.s.AnnotationConfigContextLoaderUtils : Could not detect default configuration classes for test class [com.sifa.core_sifa.repository.IInfraccionRepositoryTest]: IInfraccionRepositoryTest does not declare any static, non-private, non-final, nested classes annotated with @Configuration.
2026-06-15T15:47:54.889-04:00  INFO 358643 --- [core-sifa-test] [main] .b.t.c.SpringBootTestContextBootstrapper : Found @SpringBootConfiguration com.sifa.core_sifa.CoreSifaApplication for test class com.sifa.core_sifa.repository.IInfraccionRepositoryTest
2026-06-15T15:47:55.471-04:00  INFO 358643 --- [core-sifa-test] [main] t.c.s.AnnotationConfigContextLoaderUtils : Could not detect default configuration classes for test class [com.sifa.core_sifa.repository.ICitacionRepositoryTest]: ICitacionRepositoryTest does not declare any static, non-private, non-final, nested classes annotated with @Configuration.
2026-06-15T15:47:55.473-04:00  INFO 358643 --- [core-sifa-test] [main] .b.t.c.SpringBootTestContextBootstrapper : Found @SpringBootConfiguration com.sifa.core_sifa.CoreSifaApplication for test class com.sifa.core_sifa.repository.ICitacionRepositoryTest
2026-06-15T15:47:56.017-04:00  INFO 358643 --- [core-sifa-test] [SpringApplicationShutdownHook] j.LocalContainerEntityManagerFactoryBean : Closing JPA EntityManagerFactory for persistence unit 'default'
2026-06-15T15:47:56.027-04:00  INFO 358643 --- [core-sifa-test] [SpringApplicationShutdownHook] com.zaxxer.hikari.HikariDataSource       : HikariPool-1 - Shutdown initiated...
2026-06-15T15:47:56.029-04:00  INFO 358643 --- [core-sifa-test] [SpringApplicationShutdownHook] com.zaxxer.hikari.HikariDataSource       : HikariPool-1 - Shutdown completed.
2026-06-15T16:36:27.243-04:00  INFO 404400 --- [core-sifa-test] [main] c.s.c.c.TipoInfraccionControllerTest     : Starting TipoInfraccionControllerTest using Java 21.0.11 with PID 404400 (started by andres-ortega in /home/andres-ortega/Escritorio/proyects/core-sifa)
2026-06-15T16:36:27.247-04:00  INFO 404400 --- [core-sifa-test] [main] c.s.c.c.TipoInfraccionControllerTest     : The following 1 profile is active: "test"
2026-06-15T16:36:31.478-04:00  WARN 404400 --- [core-sifa-test] [main] .s.s.UserDetailsServiceAutoConfiguration : 

Using generated security password: 2f3f49ba-b63f-476a-9918-30d53d98eee6

This generated password is for development use only. Your security configuration must be updated before running your application in production.

2026-06-15T16:36:31.620-04:00  INFO 404400 --- [core-sifa-test] [main] r$InitializeUserDetailsManagerConfigurer : Global AuthenticationManager configured with UserDetailsService bean with name inMemoryUserDetailsManager
2026-06-15T16:36:34.164-04:00  INFO 404400 --- [core-sifa-test] [main] o.s.b.t.m.w.SpringBootMockServletContext : Initializing Spring TestDispatcherServlet ''
2026-06-15T16:36:34.165-04:00  INFO 404400 --- [core-sifa-test] [main] o.s.t.web.servlet.TestDispatcherServlet  : Initializing Servlet ''
2026-06-15T16:36:34.169-04:00  INFO 404400 --- [core-sifa-test] [main] o.s.t.web.servlet.TestDispatcherServlet  : Completed initialization in 3 ms
2026-06-15T16:36:34.239-04:00  INFO 404400 --- [core-sifa-test] [main] c.s.c.c.TipoInfraccionControllerTest     : Started TipoInfraccionControllerTest in 8.081 seconds (process running for 11.077)
2026-06-15T16:36:35.005-04:00  INFO 404400 --- [core-sifa-test] [main] c.s.c.c.TipoInfraccionController         : Creando tipo de infracción
2026-06-15T16:36:35.039-04:00  INFO 404400 --- [core-sifa-test] [main] c.s.c.c.TipoInfraccionController         : Obteniendo tipos de infracción paginados - página: 0, tamaño: 10
2026-06-15T16:36:35.050-04:00  WARN 404400 --- [core-sifa-test] [main] ration$PageModule$WarningLoggingModifier : Serializing PageImpl instances as-is is not supported, meaning that there is no guarantee about the stability of the resulting JSON structure!
	For a stable JSON structure, please use Spring Data's PagedModel (globally via @EnableSpringDataWebSupport(pageSerializationMode = VIA_DTO))
	or Spring HATEOAS and Spring Data's PagedResourcesAssembler as documented in https://docs.spring.io/spring-data/commons/reference/repositories/core-extensions.html#core.web.pageables.

2026-06-15T16:36:35.091-04:00  INFO 404400 --- [core-sifa-test] [main] c.s.c.c.TipoInfraccionController         : Eliminando (deshabilitando) tipo de infracción con id 1
2026-06-15T16:36:35.116-04:00  INFO 404400 --- [core-sifa-test] [main] c.s.c.c.TipoInfraccionController         : Actualizando tipo de infracción con id 1
2026-06-15T16:36:35.160-04:00  INFO 404400 --- [core-sifa-test] [main] t.c.s.AnnotationConfigContextLoaderUtils : Could not detect default configuration classes for test class [com.sifa.core_sifa.controller.CitacionControllerTest]: CitacionControllerTest does not declare any static, non-private, non-final, nested classes annotated with @Configuration.
2026-06-15T16:36:35.196-04:00  INFO 404400 --- [core-sifa-test] [main] .b.t.c.SpringBootTestContextBootstrapper : Found @SpringBootConfiguration com.sifa.core_sifa.CoreSifaApplication for test class com.sifa.core_sifa.controller.CitacionControllerTest
2026-06-15T16:36:35.283-04:00  INFO 404400 --- [core-sifa-test] [main] c.s.c.controller.CitacionControllerTest  : Starting CitacionControllerTest using Java 21.0.11 with PID 404400 (started by andres-ortega in /home/andres-ortega/Escritorio/proyects/core-sifa)
2026-06-15T16:36:35.284-04:00  INFO 404400 --- [core-sifa-test] [main] c.s.c.controller.CitacionControllerTest  : The following 1 profile is active: "test"
2026-06-15T16:36:35.898-04:00  WARN 404400 --- [core-sifa-test] [main] .s.s.UserDetailsServiceAutoConfiguration : 

Using generated security password: ac937132-3d4f-449a-94ec-221d41ed5c81

This generated password is for development use only. Your security configuration must be updated before running your application in production.

2026-06-15T16:36:35.900-04:00  INFO 404400 --- [core-sifa-test] [main] r$InitializeUserDetailsManagerConfigurer : Global AuthenticationManager configured with UserDetailsService bean with name inMemoryUserDetailsManager
2026-06-15T16:36:36.176-04:00  INFO 404400 --- [core-sifa-test] [main] o.s.b.t.m.w.SpringBootMockServletContext : Initializing Spring TestDispatcherServlet ''
2026-06-15T16:36:36.177-04:00  INFO 404400 --- [core-sifa-test] [main] o.s.t.web.servlet.TestDispatcherServlet  : Initializing Servlet ''
2026-06-15T16:36:36.179-04:00  INFO 404400 --- [core-sifa-test] [main] o.s.t.web.servlet.TestDispatcherServlet  : Completed initialization in 1 ms
2026-06-15T16:36:36.197-04:00  INFO 404400 --- [core-sifa-test] [main] c.s.c.controller.CitacionControllerTest  : Started CitacionControllerTest in 0.993 seconds (process running for 13.036)
2026-06-15T16:36:36.294-04:00  INFO 404400 --- [core-sifa-test] [main] c.s.c.controller.CitacionController      : Petición PUT para actualizar citación ID: 1 recibida. Administrativo: admin@sifa.cl
2026-06-15T16:36:36.324-04:00  INFO 404400 --- [core-sifa-test] [main] c.s.c.controller.CitacionController      : Petición GET para listar citaciones - page: 0, size: 10, startDate: null, endDate: null, search: null
2026-06-15T16:36:36.330-04:00  WARN 404400 --- [core-sifa-test] [main] ration$PageModule$WarningLoggingModifier : Serializing PageImpl instances as-is is not supported, meaning that there is no guarantee about the stability of the resulting JSON structure!
	For a stable JSON structure, please use Spring Data's PagedModel (globally via @EnableSpringDataWebSupport(pageSerializationMode = VIA_DTO))
	or Spring HATEOAS and Spring Data's PagedResourcesAssembler as documented in https://docs.spring.io/spring-data/commons/reference/repositories/core-extensions.html#core.web.pageables.

2026-06-15T16:36:36.358-04:00  INFO 404400 --- [core-sifa-test] [main] c.s.c.controller.CitacionController      : Petición GET para citación ID: 1
2026-06-15T16:36:36.389-04:00  INFO 404400 --- [core-sifa-test] [main] t.c.s.AnnotationConfigContextLoaderUtils : Could not detect default configuration classes for test class [com.sifa.core_sifa.controller.InfraccionControllerTest]: InfraccionControllerTest does not declare any static, non-private, non-final, nested classes annotated with @Configuration.
2026-06-15T16:36:36.415-04:00  INFO 404400 --- [core-sifa-test] [main] .b.t.c.SpringBootTestContextBootstrapper : Found @SpringBootConfiguration com.sifa.core_sifa.CoreSifaApplication for test class com.sifa.core_sifa.controller.InfraccionControllerTest
2026-06-15T16:36:36.468-04:00  INFO 404400 --- [core-sifa-test] [main] c.s.c.c.InfraccionControllerTest         : Starting InfraccionControllerTest using Java 21.0.11 with PID 404400 (started by andres-ortega in /home/andres-ortega/Escritorio/proyects/core-sifa)
2026-06-15T16:36:36.469-04:00  INFO 404400 --- [core-sifa-test] [main] c.s.c.c.InfraccionControllerTest         : The following 1 profile is active: "test"
2026-06-15T16:36:37.023-04:00  WARN 404400 --- [core-sifa-test] [main] .s.s.UserDetailsServiceAutoConfiguration : 

Using generated security password: 2dfa912a-9a07-4e28-9048-0f49d595976d

This generated password is for development use only. Your security configuration must be updated before running your application in production.

2026-06-15T16:36:37.026-04:00  INFO 404400 --- [core-sifa-test] [main] r$InitializeUserDetailsManagerConfigurer : Global AuthenticationManager configured with UserDetailsService bean with name inMemoryUserDetailsManager
2026-06-15T16:36:37.269-04:00  INFO 404400 --- [core-sifa-test] [main] o.s.b.t.m.w.SpringBootMockServletContext : Initializing Spring TestDispatcherServlet ''
2026-06-15T16:36:37.270-04:00  INFO 404400 --- [core-sifa-test] [main] o.s.t.web.servlet.TestDispatcherServlet  : Initializing Servlet ''
2026-06-15T16:36:37.271-04:00  INFO 404400 --- [core-sifa-test] [main] o.s.t.web.servlet.TestDispatcherServlet  : Completed initialization in 1 ms
2026-06-15T16:36:37.287-04:00  INFO 404400 --- [core-sifa-test] [main] c.s.c.c.InfraccionControllerTest         : Started InfraccionControllerTest in 0.866 seconds (process running for 14.126)
2026-06-15T16:36:37.326-04:00  INFO 404400 --- [core-sifa-test] [main] c.s.c.controller.InfraccionController    : Petición PATCH recibida para actualizar estado de infracción ID: 1 a accepted
2026-06-15T16:36:37.365-04:00  INFO 404400 --- [core-sifa-test] [main] c.s.c.controller.InfraccionController    : Petición GET para estadísticas del Dashboard
2026-06-15T16:36:37.388-04:00  INFO 404400 --- [core-sifa-test] [main] c.s.c.controller.InfraccionController    : Obteniendo infracciones paginadas
2026-06-15T16:36:37.392-04:00  WARN 404400 --- [core-sifa-test] [main] ration$PageModule$WarningLoggingModifier : Serializing PageImpl instances as-is is not supported, meaning that there is no guarantee about the stability of the resulting JSON structure!
	For a stable JSON structure, please use Spring Data's PagedModel (globally via @EnableSpringDataWebSupport(pageSerializationMode = VIA_DTO))
	or Spring HATEOAS and Spring Data's PagedResourcesAssembler as documented in https://docs.spring.io/spring-data/commons/reference/repositories/core-extensions.html#core.web.pageables.

2026-06-15T16:36:37.434-04:00  INFO 404400 --- [core-sifa-test] [main] c.s.c.controller.InfraccionController    : Obteniendo infracciones paginadas
2026-06-15T16:36:37.463-04:00  INFO 404400 --- [core-sifa-test] [main] c.s.c.controller.InfraccionController    : Petición GET para reporte de productividad
2026-06-15T16:36:37.491-04:00  INFO 404400 --- [core-sifa-test] [main] c.s.c.controller.InfraccionController    : Petición para procesar infracción ID: 1 recibida. Administrativo JPL ID: jpl@test.cl
2026-06-15T16:36:37.508-04:00  INFO 404400 --- [core-sifa-test] [main] c.s.c.controller.InfraccionController    : Obteniendo resumen del reporte de infracciones
2026-06-15T16:36:37.528-04:00  INFO 404400 --- [core-sifa-test] [main] c.s.c.controller.InfraccionController    : Obteniendo infraccion con id: 1
2026-06-15T16:36:37.541-04:00  INFO 404400 --- [core-sifa-test] [main] c.s.c.controller.InfraccionController    : Obteniendo coordenadas de infracciones para el mapa de calor
2026-06-15T16:36:37.667-04:00  INFO 404400 --- [core-sifa-test] [main] c.s.c.controller.InfraccionController    : Petición de creación de infracción recibida desde el Gateway. Fiscalizador ID: fiscalizador@test.cl
2026-06-15T16:41:12.485-04:00  INFO 410094 --- [core-sifa-test] [main] c.s.c.c.NotificationLogControllerTest    : Starting NotificationLogControllerTest using Java 21.0.11 with PID 410094 (started by andres-ortega in /home/andres-ortega/Escritorio/proyects/core-sifa)
2026-06-15T16:41:12.488-04:00  INFO 410094 --- [core-sifa-test] [main] c.s.c.c.NotificationLogControllerTest    : The following 1 profile is active: "test"
2026-06-15T16:41:16.811-04:00  WARN 410094 --- [core-sifa-test] [main] .s.s.UserDetailsServiceAutoConfiguration : 

Using generated security password: 760211be-7977-41ed-b932-6aae3f226eb4

This generated password is for development use only. Your security configuration must be updated before running your application in production.

2026-06-15T16:41:16.899-04:00  INFO 410094 --- [core-sifa-test] [main] r$InitializeUserDetailsManagerConfigurer : Global AuthenticationManager configured with UserDetailsService bean with name inMemoryUserDetailsManager
2026-06-15T16:41:19.454-04:00  INFO 410094 --- [core-sifa-test] [main] o.s.b.t.m.w.SpringBootMockServletContext : Initializing Spring TestDispatcherServlet ''
2026-06-15T16:41:19.456-04:00  INFO 410094 --- [core-sifa-test] [main] o.s.t.web.servlet.TestDispatcherServlet  : Initializing Servlet ''
2026-06-15T16:41:19.462-04:00  INFO 410094 --- [core-sifa-test] [main] o.s.t.web.servlet.TestDispatcherServlet  : Completed initialization in 5 ms
2026-06-15T16:41:19.545-04:00  INFO 410094 --- [core-sifa-test] [main] c.s.c.c.NotificationLogControllerTest    : Started NotificationLogControllerTest in 8.11 seconds (process running for 10.916)
2026-06-15T16:41:20.007-04:00  WARN 410094 --- [core-sifa-test] [main] ration$PageModule$WarningLoggingModifier : Serializing PageImpl instances as-is is not supported, meaning that there is no guarantee about the stability of the resulting JSON structure!
	For a stable JSON structure, please use Spring Data's PagedModel (globally via @EnableSpringDataWebSupport(pageSerializationMode = VIA_DTO))
	or Spring HATEOAS and Spring Data's PagedResourcesAssembler as documented in https://docs.spring.io/spring-data/commons/reference/repositories/core-extensions.html#core.web.pageables.

2026-06-15T16:41:20.419-04:00  INFO 410094 --- [core-sifa-test] [main] t.c.s.AnnotationConfigContextLoaderUtils : Could not detect default configuration classes for test class [com.sifa.core_sifa.controller.DeviceTokenControllerTest]: DeviceTokenControllerTest does not declare any static, non-private, non-final, nested classes annotated with @Configuration.
2026-06-15T16:41:20.447-04:00  INFO 410094 --- [core-sifa-test] [main] .b.t.c.SpringBootTestContextBootstrapper : Found @SpringBootConfiguration com.sifa.core_sifa.CoreSifaApplication for test class com.sifa.core_sifa.controller.DeviceTokenControllerTest
2026-06-15T16:41:20.552-04:00  INFO 410094 --- [core-sifa-test] [main] c.s.c.c.DeviceTokenControllerTest        : Starting DeviceTokenControllerTest using Java 21.0.11 with PID 410094 (started by andres-ortega in /home/andres-ortega/Escritorio/proyects/core-sifa)
2026-06-15T16:41:20.553-04:00  INFO 410094 --- [core-sifa-test] [main] c.s.c.c.DeviceTokenControllerTest        : The following 1 profile is active: "test"
2026-06-15T16:41:21.316-04:00  WARN 410094 --- [core-sifa-test] [main] .s.s.UserDetailsServiceAutoConfiguration : 

Using generated security password: ddc2b234-e4e3-48f5-a829-5a2eb55e8cca

This generated password is for development use only. Your security configuration must be updated before running your application in production.

2026-06-15T16:41:21.321-04:00  INFO 410094 --- [core-sifa-test] [main] r$InitializeUserDetailsManagerConfigurer : Global AuthenticationManager configured with UserDetailsService bean with name inMemoryUserDetailsManager
2026-06-15T16:41:21.891-04:00  INFO 410094 --- [core-sifa-test] [main] o.s.b.t.m.w.SpringBootMockServletContext : Initializing Spring TestDispatcherServlet ''
2026-06-15T16:41:21.904-04:00  INFO 410094 --- [core-sifa-test] [main] o.s.t.web.servlet.TestDispatcherServlet  : Initializing Servlet ''
2026-06-15T16:41:21.907-04:00  INFO 410094 --- [core-sifa-test] [main] o.s.t.web.servlet.TestDispatcherServlet  : Completed initialization in 2 ms
2026-06-15T16:41:21.973-04:00  INFO 410094 --- [core-sifa-test] [main] c.s.c.c.DeviceTokenControllerTest        : Started DeviceTokenControllerTest in 1.516 seconds (process running for 13.344)
2026-06-15T16:41:22.593-04:00  INFO 410094 --- [core-sifa-test] [main] t.c.s.AnnotationConfigContextLoaderUtils : Could not detect default configuration classes for test class [com.sifa.core_sifa.controller.FiscalizadorPresenciaControllerTest]: FiscalizadorPresenciaControllerTest does not declare any static, non-private, non-final, nested classes annotated with @Configuration.
2026-06-15T16:41:22.639-04:00  INFO 410094 --- [core-sifa-test] [main] .b.t.c.SpringBootTestContextBootstrapper : Found @SpringBootConfiguration com.sifa.core_sifa.CoreSifaApplication for test class com.sifa.core_sifa.controller.FiscalizadorPresenciaControllerTest
2026-06-15T16:41:22.766-04:00  INFO 410094 --- [core-sifa-test] [main] .c.c.FiscalizadorPresenciaControllerTest : Starting FiscalizadorPresenciaControllerTest using Java 21.0.11 with PID 410094 (started by andres-ortega in /home/andres-ortega/Escritorio/proyects/core-sifa)
2026-06-15T16:41:22.768-04:00  INFO 410094 --- [core-sifa-test] [main] .c.c.FiscalizadorPresenciaControllerTest : The following 1 profile is active: "test"
2026-06-15T16:41:23.780-04:00  WARN 410094 --- [core-sifa-test] [main] .s.s.UserDetailsServiceAutoConfiguration : 

Using generated security password: 6363d3f3-d015-4262-ba2b-f53c18790cc7

This generated password is for development use only. Your security configuration must be updated before running your application in production.

2026-06-15T16:41:23.788-04:00  INFO 410094 --- [core-sifa-test] [main] r$InitializeUserDetailsManagerConfigurer : Global AuthenticationManager configured with UserDetailsService bean with name inMemoryUserDetailsManager
2026-06-15T16:41:24.424-04:00  INFO 410094 --- [core-sifa-test] [main] o.s.b.t.m.w.SpringBootMockServletContext : Initializing Spring TestDispatcherServlet ''
2026-06-15T16:41:24.425-04:00  INFO 410094 --- [core-sifa-test] [main] o.s.t.web.servlet.TestDispatcherServlet  : Initializing Servlet ''
2026-06-15T16:41:24.427-04:00  INFO 410094 --- [core-sifa-test] [main] o.s.t.web.servlet.TestDispatcherServlet  : Completed initialization in 2 ms
2026-06-15T16:41:24.469-04:00  INFO 410094 --- [core-sifa-test] [main] .c.c.FiscalizadorPresenciaControllerTest : Started FiscalizadorPresenciaControllerTest in 1.817 seconds (process running for 15.84)
2026-06-15T16:41:24.757-04:00  WARN 410094 --- [core-sifa-test] [main] ration$PageModule$WarningLoggingModifier : Serializing PageImpl instances as-is is not supported, meaning that there is no guarantee about the stability of the resulting JSON structure!
	For a stable JSON structure, please use Spring Data's PagedModel (globally via @EnableSpringDataWebSupport(pageSerializationMode = VIA_DTO))
	or Spring HATEOAS and Spring Data's PagedResourcesAssembler as documented in https://docs.spring.io/spring-data/commons/reference/repositories/core-extensions.html#core.web.pageables.

2026-06-15T16:41:24.830-04:00  INFO 410094 --- [core-sifa-test] [main] t.c.s.AnnotationConfigContextLoaderUtils : Could not detect default configuration classes for test class [com.sifa.core_sifa.controller.NotificationPushControllerTest]: NotificationPushControllerTest does not declare any static, non-private, non-final, nested classes annotated with @Configuration.
2026-06-15T16:41:24.865-04:00  INFO 410094 --- [core-sifa-test] [main] .b.t.c.SpringBootTestContextBootstrapper : Found @SpringBootConfiguration com.sifa.core_sifa.CoreSifaApplication for test class com.sifa.core_sifa.controller.NotificationPushControllerTest
2026-06-15T16:41:24.953-04:00  INFO 410094 --- [core-sifa-test] [main] c.s.c.c.NotificationPushControllerTest   : Starting NotificationPushControllerTest using Java 21.0.11 with PID 410094 (started by andres-ortega in /home/andres-ortega/Escritorio/proyects/core-sifa)
2026-06-15T16:41:24.953-04:00  INFO 410094 --- [core-sifa-test] [main] c.s.c.c.NotificationPushControllerTest   : The following 1 profile is active: "test"
2026-06-15T16:41:25.751-04:00  WARN 410094 --- [core-sifa-test] [main] .s.s.UserDetailsServiceAutoConfiguration : 

Using generated security password: 6bca4dd0-8af4-4e12-999f-72317e2b2a83

This generated password is for development use only. Your security configuration must be updated before running your application in production.

2026-06-15T16:41:25.754-04:00  INFO 410094 --- [core-sifa-test] [main] r$InitializeUserDetailsManagerConfigurer : Global AuthenticationManager configured with UserDetailsService bean with name inMemoryUserDetailsManager
2026-06-15T16:41:26.112-04:00  INFO 410094 --- [core-sifa-test] [main] o.s.b.t.m.w.SpringBootMockServletContext : Initializing Spring TestDispatcherServlet ''
2026-06-15T16:41:26.113-04:00  INFO 410094 --- [core-sifa-test] [main] o.s.t.web.servlet.TestDispatcherServlet  : Initializing Servlet ''
2026-06-15T16:41:26.116-04:00  INFO 410094 --- [core-sifa-test] [main] o.s.t.web.servlet.TestDispatcherServlet  : Completed initialization in 3 ms
2026-06-15T16:41:26.135-04:00  INFO 410094 --- [core-sifa-test] [main] c.s.c.c.NotificationPushControllerTest   : Started NotificationPushControllerTest in 1.254 seconds (process running for 17.506)
2026-06-15T16:41:26.655-04:00  INFO 410094 --- [core-sifa-test] [main] t.c.s.AnnotationConfigContextLoaderUtils : Could not detect default configuration classes for test class [com.sifa.core_sifa.controller.AuditLogControllerTest]: AuditLogControllerTest does not declare any static, non-private, non-final, nested classes annotated with @Configuration.
2026-06-15T16:41:26.691-04:00  INFO 410094 --- [core-sifa-test] [main] .b.t.c.SpringBootTestContextBootstrapper : Found @SpringBootConfiguration com.sifa.core_sifa.CoreSifaApplication for test class com.sifa.core_sifa.controller.AuditLogControllerTest
2026-06-15T16:41:26.755-04:00  INFO 410094 --- [core-sifa-test] [main] c.s.c.controller.AuditLogControllerTest  : Starting AuditLogControllerTest using Java 21.0.11 with PID 410094 (started by andres-ortega in /home/andres-ortega/Escritorio/proyects/core-sifa)
2026-06-15T16:41:26.756-04:00  INFO 410094 --- [core-sifa-test] [main] c.s.c.controller.AuditLogControllerTest  : The following 1 profile is active: "test"
2026-06-15T16:41:27.463-04:00  WARN 410094 --- [core-sifa-test] [main] .s.s.UserDetailsServiceAutoConfiguration : 

Using generated security password: 6198b908-c569-4fd7-aea8-7101c149836a

This generated password is for development use only. Your security configuration must be updated before running your application in production.

2026-06-15T16:41:27.468-04:00  INFO 410094 --- [core-sifa-test] [main] r$InitializeUserDetailsManagerConfigurer : Global AuthenticationManager configured with UserDetailsService bean with name inMemoryUserDetailsManager
2026-06-15T16:41:27.818-04:00  INFO 410094 --- [core-sifa-test] [main] o.s.b.t.m.w.SpringBootMockServletContext : Initializing Spring TestDispatcherServlet ''
2026-06-15T16:41:27.818-04:00  INFO 410094 --- [core-sifa-test] [main] o.s.t.web.servlet.TestDispatcherServlet  : Initializing Servlet ''
2026-06-15T16:41:27.820-04:00  INFO 410094 --- [core-sifa-test] [main] o.s.t.web.servlet.TestDispatcherServlet  : Completed initialization in 1 ms
2026-06-15T16:41:27.840-04:00  INFO 410094 --- [core-sifa-test] [main] c.s.c.controller.AuditLogControllerTest  : Started AuditLogControllerTest in 1.14 seconds (process running for 19.211)
2026-06-15T16:41:27.874-04:00  INFO 410094 --- [core-sifa-test] [main] c.s.c.controller.AuditLogController      : Obteniendo auditorias paginadas
2026-06-15T16:41:27.879-04:00  WARN 410094 --- [core-sifa-test] [main] ration$PageModule$WarningLoggingModifier : Serializing PageImpl instances as-is is not supported, meaning that there is no guarantee about the stability of the resulting JSON structure!
	For a stable JSON structure, please use Spring Data's PagedModel (globally via @EnableSpringDataWebSupport(pageSerializationMode = VIA_DTO))
	or Spring HATEOAS and Spring Data's PagedResourcesAssembler as documented in https://docs.spring.io/spring-data/commons/reference/repositories/core-extensions.html#core.web.pageables.

2026-06-15T16:41:27.923-04:00  INFO 410094 --- [core-sifa-test] [main] c.s.c.controller.AuditLogController      : Obteniendo auditorias paginadas
2026-06-15T16:41:27.952-04:00  INFO 410094 --- [core-sifa-test] [main] c.s.c.controller.AuditLogController      : Obteniendo auditorias paginadas
2026-06-15T16:41:28.016-04:00  INFO 410094 --- [core-sifa-test] [main] t.c.s.AnnotationConfigContextLoaderUtils : Could not detect default configuration classes for test class [com.sifa.core_sifa.controller.VehiculoControllerTest]: VehiculoControllerTest does not declare any static, non-private, non-final, nested classes annotated with @Configuration.
2026-06-15T16:41:28.048-04:00  INFO 410094 --- [core-sifa-test] [main] .b.t.c.SpringBootTestContextBootstrapper : Found @SpringBootConfiguration com.sifa.core_sifa.CoreSifaApplication for test class com.sifa.core_sifa.controller.VehiculoControllerTest
2026-06-15T16:41:28.108-04:00  INFO 410094 --- [core-sifa-test] [main] c.s.c.controller.VehiculoControllerTest  : Starting VehiculoControllerTest using Java 21.0.11 with PID 410094 (started by andres-ortega in /home/andres-ortega/Escritorio/proyects/core-sifa)
2026-06-15T16:41:28.110-04:00  INFO 410094 --- [core-sifa-test] [main] c.s.c.controller.VehiculoControllerTest  : The following 1 profile is active: "test"
2026-06-15T16:41:28.773-04:00  WARN 410094 --- [core-sifa-test] [main] .s.s.UserDetailsServiceAutoConfiguration : 

Using generated security password: 84557e30-96e8-4ca6-88b9-4030abc11d85

This generated password is for development use only. Your security configuration must be updated before running your application in production.

2026-06-15T16:41:28.777-04:00  INFO 410094 --- [core-sifa-test] [main] r$InitializeUserDetailsManagerConfigurer : Global AuthenticationManager configured with UserDetailsService bean with name inMemoryUserDetailsManager
2026-06-15T16:41:29.131-04:00  INFO 410094 --- [core-sifa-test] [main] o.s.b.t.m.w.SpringBootMockServletContext : Initializing Spring TestDispatcherServlet ''
2026-06-15T16:41:29.131-04:00  INFO 410094 --- [core-sifa-test] [main] o.s.t.web.servlet.TestDispatcherServlet  : Initializing Servlet ''
2026-06-15T16:41:29.134-04:00  INFO 410094 --- [core-sifa-test] [main] o.s.t.web.servlet.TestDispatcherServlet  : Completed initialization in 2 ms
2026-06-15T16:41:29.156-04:00  INFO 410094 --- [core-sifa-test] [main] c.s.c.controller.VehiculoControllerTest  : Started VehiculoControllerTest in 1.1 seconds (process running for 20.527)
2026-06-15T16:41:29.185-04:00  INFO 410094 --- [core-sifa-test] [main] c.s.c.controller.VehiculoController      : Obteniendo todos los vehículos
2026-06-15T16:41:29.231-04:00  INFO 410094 --- [core-sifa-test] [main] c.s.c.controller.VehiculoController      : Obteniendo vehiculo con id: ABCD12
2026-06-15T16:41:29.257-04:00  INFO 410094 --- [core-sifa-test] [main] c.s.c.controller.VehiculoController      : Obteniendo todos los vehículos
2026-06-15T16:42:33.455-04:00  INFO 411622 --- [core-sifa-test] [main] c.s.c.c.NotificationLogControllerTest    : Starting NotificationLogControllerTest using Java 21.0.11 with PID 411622 (started by andres-ortega in /home/andres-ortega/Escritorio/proyects/core-sifa)
2026-06-15T16:42:33.459-04:00  INFO 411622 --- [core-sifa-test] [main] c.s.c.c.NotificationLogControllerTest    : The following 1 profile is active: "test"
2026-06-15T16:42:40.669-04:00  WARN 411622 --- [core-sifa-test] [main] .s.s.UserDetailsServiceAutoConfiguration : 

Using generated security password: ba1c2bf5-2cbb-499a-b981-9b8ea88dcefc

This generated password is for development use only. Your security configuration must be updated before running your application in production.

2026-06-15T16:42:40.783-04:00  INFO 411622 --- [core-sifa-test] [main] r$InitializeUserDetailsManagerConfigurer : Global AuthenticationManager configured with UserDetailsService bean with name inMemoryUserDetailsManager
2026-06-15T16:42:43.637-04:00  INFO 411622 --- [core-sifa-test] [main] o.s.b.t.m.w.SpringBootMockServletContext : Initializing Spring TestDispatcherServlet ''
2026-06-15T16:42:43.639-04:00  INFO 411622 --- [core-sifa-test] [main] o.s.t.web.servlet.TestDispatcherServlet  : Initializing Servlet ''
2026-06-15T16:42:43.645-04:00  INFO 411622 --- [core-sifa-test] [main] o.s.t.web.servlet.TestDispatcherServlet  : Completed initialization in 4 ms
2026-06-15T16:42:43.776-04:00  INFO 411622 --- [core-sifa-test] [main] c.s.c.c.NotificationLogControllerTest    : Started NotificationLogControllerTest in 11.991 seconds (process running for 16.21)
2026-06-15T16:42:44.465-04:00  WARN 411622 --- [core-sifa-test] [main] ration$PageModule$WarningLoggingModifier : Serializing PageImpl instances as-is is not supported, meaning that there is no guarantee about the stability of the resulting JSON structure!
	For a stable JSON structure, please use Spring Data's PagedModel (globally via @EnableSpringDataWebSupport(pageSerializationMode = VIA_DTO))
	or Spring HATEOAS and Spring Data's PagedResourcesAssembler as documented in https://docs.spring.io/spring-data/commons/reference/repositories/core-extensions.html#core.web.pageables.

2026-06-15T16:42:44.885-04:00  INFO 411622 --- [core-sifa-test] [main] t.c.s.AnnotationConfigContextLoaderUtils : Could not detect default configuration classes for test class [com.sifa.core_sifa.controller.DeviceTokenControllerTest]: DeviceTokenControllerTest does not declare any static, non-private, non-final, nested classes annotated with @Configuration.
2026-06-15T16:42:44.938-04:00  INFO 411622 --- [core-sifa-test] [main] .b.t.c.SpringBootTestContextBootstrapper : Found @SpringBootConfiguration com.sifa.core_sifa.CoreSifaApplication for test class com.sifa.core_sifa.controller.DeviceTokenControllerTest
2026-06-15T16:42:45.070-04:00  INFO 411622 --- [core-sifa-test] [main] c.s.c.c.DeviceTokenControllerTest        : Starting DeviceTokenControllerTest using Java 21.0.11 with PID 411622 (started by andres-ortega in /home/andres-ortega/Escritorio/proyects/core-sifa)
2026-06-15T16:42:45.072-04:00  INFO 411622 --- [core-sifa-test] [main] c.s.c.c.DeviceTokenControllerTest        : The following 1 profile is active: "test"
2026-06-15T16:42:46.014-04:00  WARN 411622 --- [core-sifa-test] [main] .s.s.UserDetailsServiceAutoConfiguration : 

Using generated security password: 67e4b697-654d-48e9-ac91-399cbe54e0fe

This generated password is for development use only. Your security configuration must be updated before running your application in production.

2026-06-15T16:42:46.018-04:00  INFO 411622 --- [core-sifa-test] [main] r$InitializeUserDetailsManagerConfigurer : Global AuthenticationManager configured with UserDetailsService bean with name inMemoryUserDetailsManager
2026-06-15T16:42:46.509-04:00  INFO 411622 --- [core-sifa-test] [main] o.s.b.t.m.w.SpringBootMockServletContext : Initializing Spring TestDispatcherServlet ''
2026-06-15T16:42:46.510-04:00  INFO 411622 --- [core-sifa-test] [main] o.s.t.web.servlet.TestDispatcherServlet  : Initializing Servlet ''
2026-06-15T16:42:46.512-04:00  INFO 411622 --- [core-sifa-test] [main] o.s.t.web.servlet.TestDispatcherServlet  : Completed initialization in 2 ms
2026-06-15T16:42:46.553-04:00  INFO 411622 --- [core-sifa-test] [main] c.s.c.c.DeviceTokenControllerTest        : Started DeviceTokenControllerTest in 1.594 seconds (process running for 18.987)
2026-06-15T16:42:47.002-04:00  INFO 411622 --- [core-sifa-test] [main] t.c.s.AnnotationConfigContextLoaderUtils : Could not detect default configuration classes for test class [com.sifa.core_sifa.controller.FiscalizadorPresenciaControllerTest]: FiscalizadorPresenciaControllerTest does not declare any static, non-private, non-final, nested classes annotated with @Configuration.
2026-06-15T16:42:47.039-04:00  INFO 411622 --- [core-sifa-test] [main] .b.t.c.SpringBootTestContextBootstrapper : Found @SpringBootConfiguration com.sifa.core_sifa.CoreSifaApplication for test class com.sifa.core_sifa.controller.FiscalizadorPresenciaControllerTest
2026-06-15T16:42:47.135-04:00  INFO 411622 --- [core-sifa-test] [main] .c.c.FiscalizadorPresenciaControllerTest : Starting FiscalizadorPresenciaControllerTest using Java 21.0.11 with PID 411622 (started by andres-ortega in /home/andres-ortega/Escritorio/proyects/core-sifa)
2026-06-15T16:42:47.136-04:00  INFO 411622 --- [core-sifa-test] [main] .c.c.FiscalizadorPresenciaControllerTest : The following 1 profile is active: "test"
2026-06-15T16:42:48.077-04:00  WARN 411622 --- [core-sifa-test] [main] .s.s.UserDetailsServiceAutoConfiguration : 

Using generated security password: 6706c134-d706-4933-b60b-230f04ac5570

This generated password is for development use only. Your security configuration must be updated before running your application in production.

2026-06-15T16:42:48.082-04:00  INFO 411622 --- [core-sifa-test] [main] r$InitializeUserDetailsManagerConfigurer : Global AuthenticationManager configured with UserDetailsService bean with name inMemoryUserDetailsManager
2026-06-15T16:42:48.798-04:00  INFO 411622 --- [core-sifa-test] [main] o.s.b.t.m.w.SpringBootMockServletContext : Initializing Spring TestDispatcherServlet ''
2026-06-15T16:42:48.799-04:00  INFO 411622 --- [core-sifa-test] [main] o.s.t.web.servlet.TestDispatcherServlet  : Initializing Servlet ''
2026-06-15T16:42:48.800-04:00  INFO 411622 --- [core-sifa-test] [main] o.s.t.web.servlet.TestDispatcherServlet  : Completed initialization in 1 ms
2026-06-15T16:42:48.830-04:00  INFO 411622 --- [core-sifa-test] [main] .c.c.FiscalizadorPresenciaControllerTest : Started FiscalizadorPresenciaControllerTest in 1.783 seconds (process running for 21.264)
2026-06-15T16:42:49.152-04:00  WARN 411622 --- [core-sifa-test] [main] ration$PageModule$WarningLoggingModifier : Serializing PageImpl instances as-is is not supported, meaning that there is no guarantee about the stability of the resulting JSON structure!
	For a stable JSON structure, please use Spring Data's PagedModel (globally via @EnableSpringDataWebSupport(pageSerializationMode = VIA_DTO))
	or Spring HATEOAS and Spring Data's PagedResourcesAssembler as documented in https://docs.spring.io/spring-data/commons/reference/repositories/core-extensions.html#core.web.pageables.

2026-06-15T16:42:49.249-04:00  INFO 411622 --- [core-sifa-test] [main] t.c.s.AnnotationConfigContextLoaderUtils : Could not detect default configuration classes for test class [com.sifa.core_sifa.controller.NotificationPushControllerTest]: NotificationPushControllerTest does not declare any static, non-private, non-final, nested classes annotated with @Configuration.
2026-06-15T16:42:49.292-04:00  INFO 411622 --- [core-sifa-test] [main] .b.t.c.SpringBootTestContextBootstrapper : Found @SpringBootConfiguration com.sifa.core_sifa.CoreSifaApplication for test class com.sifa.core_sifa.controller.NotificationPushControllerTest
2026-06-15T16:42:49.411-04:00  INFO 411622 --- [core-sifa-test] [main] c.s.c.c.NotificationPushControllerTest   : Starting NotificationPushControllerTest using Java 21.0.11 with PID 411622 (started by andres-ortega in /home/andres-ortega/Escritorio/proyects/core-sifa)
2026-06-15T16:42:49.412-04:00  INFO 411622 --- [core-sifa-test] [main] c.s.c.c.NotificationPushControllerTest   : The following 1 profile is active: "test"
2026-06-15T16:42:50.204-04:00  WARN 411622 --- [core-sifa-test] [main] .s.s.UserDetailsServiceAutoConfiguration : 

Using generated security password: 16853eeb-de20-4f78-ba60-e5d144e8e270

This generated password is for development use only. Your security configuration must be updated before running your application in production.

2026-06-15T16:42:50.207-04:00  INFO 411622 --- [core-sifa-test] [main] r$InitializeUserDetailsManagerConfigurer : Global AuthenticationManager configured with UserDetailsService bean with name inMemoryUserDetailsManager
2026-06-15T16:42:50.769-04:00  INFO 411622 --- [core-sifa-test] [main] o.s.b.t.m.w.SpringBootMockServletContext : Initializing Spring TestDispatcherServlet ''
2026-06-15T16:42:50.770-04:00  INFO 411622 --- [core-sifa-test] [main] o.s.t.web.servlet.TestDispatcherServlet  : Initializing Servlet ''
2026-06-15T16:42:50.773-04:00  INFO 411622 --- [core-sifa-test] [main] o.s.t.web.servlet.TestDispatcherServlet  : Completed initialization in 2 ms
2026-06-15T16:42:50.802-04:00  INFO 411622 --- [core-sifa-test] [main] c.s.c.c.NotificationPushControllerTest   : Started NotificationPushControllerTest in 1.498 seconds (process running for 23.236)
2026-06-15T16:42:51.199-04:00  INFO 411622 --- [core-sifa-test] [main] t.c.s.AnnotationConfigContextLoaderUtils : Could not detect default configuration classes for test class [com.sifa.core_sifa.controller.AuditLogControllerTest]: AuditLogControllerTest does not declare any static, non-private, non-final, nested classes annotated with @Configuration.
2026-06-15T16:42:51.245-04:00  INFO 411622 --- [core-sifa-test] [main] .b.t.c.SpringBootTestContextBootstrapper : Found @SpringBootConfiguration com.sifa.core_sifa.CoreSifaApplication for test class com.sifa.core_sifa.controller.AuditLogControllerTest
2026-06-15T16:42:51.310-04:00  INFO 411622 --- [core-sifa-test] [main] c.s.c.controller.AuditLogControllerTest  : Starting AuditLogControllerTest using Java 21.0.11 with PID 411622 (started by andres-ortega in /home/andres-ortega/Escritorio/proyects/core-sifa)
2026-06-15T16:42:51.311-04:00  INFO 411622 --- [core-sifa-test] [main] c.s.c.controller.AuditLogControllerTest  : The following 1 profile is active: "test"
2026-06-15T16:42:51.966-04:00  WARN 411622 --- [core-sifa-test] [main] .s.s.UserDetailsServiceAutoConfiguration : 

Using generated security password: 4dc3f446-977e-438b-a534-3fdfe14dee83

This generated password is for development use only. Your security configuration must be updated before running your application in production.

2026-06-15T16:42:51.970-04:00  INFO 411622 --- [core-sifa-test] [main] r$InitializeUserDetailsManagerConfigurer : Global AuthenticationManager configured with UserDetailsService bean with name inMemoryUserDetailsManager
2026-06-15T16:42:52.409-04:00  INFO 411622 --- [core-sifa-test] [main] o.s.b.t.m.w.SpringBootMockServletContext : Initializing Spring TestDispatcherServlet ''
2026-06-15T16:42:52.410-04:00  INFO 411622 --- [core-sifa-test] [main] o.s.t.web.servlet.TestDispatcherServlet  : Initializing Servlet ''
2026-06-15T16:42:52.413-04:00  INFO 411622 --- [core-sifa-test] [main] o.s.t.web.servlet.TestDispatcherServlet  : Completed initialization in 3 ms
2026-06-15T16:42:52.441-04:00  INFO 411622 --- [core-sifa-test] [main] c.s.c.controller.AuditLogControllerTest  : Started AuditLogControllerTest in 1.186 seconds (process running for 24.875)
2026-06-15T16:42:52.469-04:00  INFO 411622 --- [core-sifa-test] [main] c.s.c.controller.AuditLogController      : Obteniendo auditorias paginadas
2026-06-15T16:42:52.476-04:00  WARN 411622 --- [core-sifa-test] [main] ration$PageModule$WarningLoggingModifier : Serializing PageImpl instances as-is is not supported, meaning that there is no guarantee about the stability of the resulting JSON structure!
	For a stable JSON structure, please use Spring Data's PagedModel (globally via @EnableSpringDataWebSupport(pageSerializationMode = VIA_DTO))
	or Spring HATEOAS and Spring Data's PagedResourcesAssembler as documented in https://docs.spring.io/spring-data/commons/reference/repositories/core-extensions.html#core.web.pageables.

2026-06-15T16:42:52.520-04:00  INFO 411622 --- [core-sifa-test] [main] c.s.c.controller.AuditLogController      : Obteniendo auditorias paginadas
2026-06-15T16:42:52.606-04:00  INFO 411622 --- [core-sifa-test] [main] t.c.s.AnnotationConfigContextLoaderUtils : Could not detect default configuration classes for test class [com.sifa.core_sifa.controller.VehiculoControllerTest]: VehiculoControllerTest does not declare any static, non-private, non-final, nested classes annotated with @Configuration.
2026-06-15T16:42:52.633-04:00  INFO 411622 --- [core-sifa-test] [main] .b.t.c.SpringBootTestContextBootstrapper : Found @SpringBootConfiguration com.sifa.core_sifa.CoreSifaApplication for test class com.sifa.core_sifa.controller.VehiculoControllerTest
2026-06-15T16:42:52.696-04:00  INFO 411622 --- [core-sifa-test] [main] c.s.c.controller.VehiculoControllerTest  : Starting VehiculoControllerTest using Java 21.0.11 with PID 411622 (started by andres-ortega in /home/andres-ortega/Escritorio/proyects/core-sifa)
2026-06-15T16:42:52.697-04:00  INFO 411622 --- [core-sifa-test] [main] c.s.c.controller.VehiculoControllerTest  : The following 1 profile is active: "test"
2026-06-15T16:42:53.355-04:00  WARN 411622 --- [core-sifa-test] [main] .s.s.UserDetailsServiceAutoConfiguration : 

Using generated security password: e4e72df7-6355-450b-8652-290c83976aae

This generated password is for development use only. Your security configuration must be updated before running your application in production.

2026-06-15T16:42:53.358-04:00  INFO 411622 --- [core-sifa-test] [main] r$InitializeUserDetailsManagerConfigurer : Global AuthenticationManager configured with UserDetailsService bean with name inMemoryUserDetailsManager
2026-06-15T16:42:53.720-04:00  INFO 411622 --- [core-sifa-test] [main] o.s.b.t.m.w.SpringBootMockServletContext : Initializing Spring TestDispatcherServlet ''
2026-06-15T16:42:53.720-04:00  INFO 411622 --- [core-sifa-test] [main] o.s.t.web.servlet.TestDispatcherServlet  : Initializing Servlet ''
2026-06-15T16:42:53.721-04:00  INFO 411622 --- [core-sifa-test] [main] o.s.t.web.servlet.TestDispatcherServlet  : Completed initialization in 0 ms
2026-06-15T16:42:53.743-04:00  INFO 411622 --- [core-sifa-test] [main] c.s.c.controller.VehiculoControllerTest  : Started VehiculoControllerTest in 1.103 seconds (process running for 26.177)
2026-06-15T16:42:53.770-04:00  INFO 411622 --- [core-sifa-test] [main] c.s.c.controller.VehiculoController      : Obteniendo todos los vehículos
2026-06-15T16:42:53.810-04:00  INFO 411622 --- [core-sifa-test] [main] c.s.c.controller.VehiculoController      : Obteniendo vehiculo con id: ABCD12
2026-06-15T16:42:53.839-04:00  INFO 411622 --- [core-sifa-test] [main] c.s.c.controller.VehiculoController      : Obteniendo todos los vehículos
2026-06-15T16:43:14.633-04:00  INFO 412490 --- [core-sifa-test] [main] c.s.c.i.InfraccionFlowIntegrationTest    : Starting InfraccionFlowIntegrationTest using Java 21.0.11 with PID 412490 (started by andres-ortega in /home/andres-ortega/Escritorio/proyects/core-sifa)
2026-06-15T16:43:14.638-04:00  INFO 412490 --- [core-sifa-test] [main] c.s.c.i.InfraccionFlowIntegrationTest    : The following 2 profiles are active: "test", "dev"
2026-06-15T16:43:18.057-04:00  INFO 412490 --- [core-sifa-test] [main] .s.d.r.c.RepositoryConfigurationDelegate : Bootstrapping Spring Data JPA repositories in DEFAULT mode.
2026-06-15T16:43:18.328-04:00  INFO 412490 --- [core-sifa-test] [main] .s.d.r.c.RepositoryConfigurationDelegate : Finished Spring Data repository scanning in 245 ms. Found 10 JPA repository interfaces.
2026-06-15T16:43:24.330-04:00  INFO 412490 --- [core-sifa-test] [main] o.hibernate.jpa.internal.util.LogHelper  : HHH000204: Processing PersistenceUnitInfo [name: default]
2026-06-15T16:43:24.684-04:00  INFO 412490 --- [core-sifa-test] [main] org.hibernate.Version                    : HHH000412: Hibernate ORM core version 6.6.8.Final
2026-06-15T16:43:24.921-04:00  INFO 412490 --- [core-sifa-test] [main] o.h.c.internal.RegionFactoryInitiator    : HHH000026: Second-level cache disabled
2026-06-15T16:43:25.587-04:00  INFO 412490 --- [core-sifa-test] [main] o.s.o.j.p.SpringPersistenceUnitInfo      : No LoadTimeWeaver setup: ignoring JPA class transformer
2026-06-15T16:43:25.764-04:00  INFO 412490 --- [core-sifa-test] [main] com.zaxxer.hikari.HikariDataSource       : HikariPool-1 - Starting...
2026-06-15T16:43:27.019-04:00  INFO 412490 --- [core-sifa-test] [main] com.zaxxer.hikari.pool.HikariPool        : HikariPool-1 - Added connection conn0: url=jdbc:h2:mem:testdb user=SA
2026-06-15T16:43:27.028-04:00  INFO 412490 --- [core-sifa-test] [main] com.zaxxer.hikari.HikariDataSource       : HikariPool-1 - Start completed.
2026-06-15T16:43:27.160-04:00  WARN 412490 --- [core-sifa-test] [main] org.hibernate.orm.deprecation            : HHH90000025: H2Dialect does not need to be specified explicitly using 'hibernate.dialect' (remove the property setting and it will be selected by default)
2026-06-15T16:43:27.257-04:00  INFO 412490 --- [core-sifa-test] [main] org.hibernate.orm.connections.pooling    : HHH10001005: Database info:
	Database JDBC URL [Connecting through datasource 'HikariDataSource (HikariPool-1)']
	Database driver: undefined/unknown
	Database version: 2.3.232
	Autocommit mode: undefined/unknown
	Isolation level: undefined/unknown
	Minimum pool size: undefined/unknown
	Maximum pool size: undefined/unknown
2026-06-15T16:43:31.777-04:00  INFO 412490 --- [core-sifa-test] [main] o.h.e.t.j.p.i.JtaPlatformInitiator       : HHH000489: No JTA platform available (set 'hibernate.transaction.jta.platform' to enable JTA platform integration)
2026-06-15T16:43:32.044-04:00  INFO 412490 --- [core-sifa-test] [main] j.LocalContainerEntityManagerFactoryBean : Initialized JPA EntityManagerFactory for persistence unit 'default'
2026-06-15T16:43:33.331-04:00  INFO 412490 --- [core-sifa-test] [main] o.s.d.j.r.query.QueryEnhancerFactory     : Hibernate is in classpath; If applicable, HQL parser will be used.
2026-06-15T16:43:43.458-04:00  WARN 412490 --- [core-sifa-test] [main] JpaBaseConfiguration$JpaWebConfiguration : spring.jpa.open-in-view is enabled by default. Therefore, database queries may be performed during view rendering. Explicitly configure spring.jpa.open-in-view to disable this warning
2026-06-15T16:43:43.524-04:00  WARN 412490 --- [core-sifa-test] [main] .s.s.UserDetailsServiceAutoConfiguration : 

Using generated security password: 453adc01-68c9-49bf-8090-470502f21895

This generated password is for development use only. Your security configuration must be updated before running your application in production.

2026-06-15T16:43:43.582-04:00  INFO 412490 --- [core-sifa-test] [main] r$InitializeUserDetailsManagerConfigurer : Global AuthenticationManager configured with UserDetailsService bean with name inMemoryUserDetailsManager
2026-06-15T16:43:46.197-04:00  INFO 412490 --- [core-sifa-test] [main] c.s.c.i.InfraccionFlowIntegrationTest    : Started InfraccionFlowIntegrationTest in 33.03 seconds (process running for 38.048)
2026-06-15T16:43:46.206-04:00  INFO 412490 --- [core-sifa-test] [main] c.s.c.config.DataInitializerConfig       : ========================================================
2026-06-15T16:43:46.207-04:00  INFO 412490 --- [core-sifa-test] [main] c.s.c.config.DataInitializerConfig       : Verificando e inicializando Dataset de prueba en MySQL...
2026-06-15T16:43:46.607-04:00  INFO 412490 --- [core-sifa-test] [main] c.s.c.config.DataInitializerConfig       : [+] Tipo de Infracción 'Mal Estacionado' registrado.
2026-06-15T16:43:46.693-04:00  INFO 412490 --- [core-sifa-test] [main] c.s.c.config.DataInitializerConfig       : [+] Propietario RUT 9330521-3 registrado exitosamente.
2026-06-15T16:43:46.773-04:00  INFO 412490 --- [core-sifa-test] [main] c.s.c.config.DataInitializerConfig       : [+] Vehículo patente TZPW11 (Subaru Outback) registrado y enlazado al RUT 9330521-3.
2026-06-15T16:43:46.773-04:00  INFO 412490 --- [core-sifa-test] [main] c.s.c.config.DataInitializerConfig       : Dataset inicial revisado y/o cargado correctamente.
2026-06-15T16:43:46.774-04:00  INFO 412490 --- [core-sifa-test] [main] c.s.c.config.DataInitializerConfig       : ========================================================
2026-06-15T16:43:47.006-04:00  INFO 412490 --- [core-sifa-test] [main] c.s.c.s.i.InfraccionServiceImpl          : Iniciando creación de infracción para patente: INTG11
2026-06-15T16:43:47.016-04:00  INFO 412490 --- [core-sifa-test] [main] c.s.c.s.storage.MockStorageServiceImpl   : MOCK STORAGE -> Archivo simulado: https://mock.sifa.cl/INTG11_1.jpg
2026-06-15T16:43:47.017-04:00  INFO 412490 --- [core-sifa-test] [main] c.s.c.s.storage.MockStorageServiceImpl   : MOCK STORAGE -> Archivo simulado: https://mock.sifa.cl/INTG11_2.jpg
2026-06-15T16:43:47.029-04:00  INFO 412490 --- [core-sifa-test] [main] c.s.c.s.i.InfraccionServiceImpl          : Infracción creada exitosamente con ID: 1
2026-06-15T16:43:47.031-04:00  INFO 412490 --- [core-sifa-test] [main] c.s.core_sifa.service.CitacionService    : Creando citación para la infracción ID: 1
2026-06-15T16:43:47.040-04:00  INFO 412490 --- [core-sifa-test] [main] c.s.core_sifa.service.CitacionService    : Citación ID 1 creada exitosamente
2026-06-15T16:43:47.052-04:00  INFO 412490 --- [core-sifa-test] [main] c.s.c.s.i.InfraccionServiceImpl          : [+] Citación empadronada gatillada y enlazada automáticamente en la transacción.
2026-06-15T16:43:47.230-04:00  INFO 412490 --- [core-sifa-test] [main] c.s.c.s.i.InfraccionServiceImpl          : Buscando infraccion con id: 1
2026-06-15T16:43:47.247-04:00  INFO 412490 --- [core-sifa-test] [main] c.s.c.s.i.InfraccionServiceImpl          : Administrativo JPL jpl@test.cl procesando infracción ID: 1
2026-06-15T16:43:47.252-04:00  INFO 412490 --- [core-sifa-test] [main] c.s.c.s.i.InfraccionServiceImpl          : Infracción ID: 1 procesada exitosamente con estado: APROBADA
2026-06-15T16:43:47.315-04:00  INFO 412490 --- [core-sifa-test] [main] c.s.c.s.audits.AuditLogServiceImpl       : Auditoría guardada exitosamente | Usuario: jpl@test.cl | Acción: PROCESAR_INFRACCION
2026-06-15T16:43:47.455-04:00  INFO 412490 --- [core-sifa-test] [main] t.c.s.AnnotationConfigContextLoaderUtils : Could not detect default configuration classes for test class [com.sifa.core_sifa.controller.TipoInfraccionControllerTest]: TipoInfraccionControllerTest does not declare any static, non-private, non-final, nested classes annotated with @Configuration.
2026-06-15T16:43:47.544-04:00  INFO 412490 --- [core-sifa-test] [main] .b.t.c.SpringBootTestContextBootstrapper : Found @SpringBootConfiguration com.sifa.core_sifa.CoreSifaApplication for test class com.sifa.core_sifa.controller.TipoInfraccionControllerTest
2026-06-15T16:43:47.676-04:00  INFO 412490 --- [core-sifa-test] [main] c.s.c.c.TipoInfraccionControllerTest     : Starting TipoInfraccionControllerTest using Java 21.0.11 with PID 412490 (started by andres-ortega in /home/andres-ortega/Escritorio/proyects/core-sifa)
2026-06-15T16:43:47.677-04:00  INFO 412490 --- [core-sifa-test] [main] c.s.c.c.TipoInfraccionControllerTest     : The following 1 profile is active: "test"
2026-06-15T16:43:48.357-04:00  WARN 412490 --- [core-sifa-test] [main] .s.s.UserDetailsServiceAutoConfiguration : 

Using generated security password: c10cb6c1-b5b4-4bae-9035-55403564c150

This generated password is for development use only. Your security configuration must be updated before running your application in production.

2026-06-15T16:43:48.360-04:00  INFO 412490 --- [core-sifa-test] [main] r$InitializeUserDetailsManagerConfigurer : Global AuthenticationManager configured with UserDetailsService bean with name inMemoryUserDetailsManager
2026-06-15T16:43:48.828-04:00  INFO 412490 --- [core-sifa-test] [main] o.s.b.t.m.w.SpringBootMockServletContext : Initializing Spring TestDispatcherServlet ''
2026-06-15T16:43:48.830-04:00  INFO 412490 --- [core-sifa-test] [main] o.s.t.web.servlet.TestDispatcherServlet  : Initializing Servlet ''
2026-06-15T16:43:48.833-04:00  INFO 412490 --- [core-sifa-test] [main] o.s.t.web.servlet.TestDispatcherServlet  : Completed initialization in 2 ms
2026-06-15T16:43:48.865-04:00  INFO 412490 --- [core-sifa-test] [main] c.s.c.c.TipoInfraccionControllerTest     : Started TipoInfraccionControllerTest in 1.313 seconds (process running for 40.716)
2026-06-15T16:43:49.519-04:00  INFO 412490 --- [core-sifa-test] [main] c.s.c.c.TipoInfraccionController         : Creando tipo de infracción
2026-06-15T16:43:49.550-04:00  INFO 412490 --- [core-sifa-test] [main] c.s.c.c.TipoInfraccionController         : Obteniendo tipos de infracción paginados - página: 0, tamaño: 10
2026-06-15T16:43:49.564-04:00  WARN 412490 --- [core-sifa-test] [main] ration$PageModule$WarningLoggingModifier : Serializing PageImpl instances as-is is not supported, meaning that there is no guarantee about the stability of the resulting JSON structure!
	For a stable JSON structure, please use Spring Data's PagedModel (globally via @EnableSpringDataWebSupport(pageSerializationMode = VIA_DTO))
	or Spring HATEOAS and Spring Data's PagedResourcesAssembler as documented in https://docs.spring.io/spring-data/commons/reference/repositories/core-extensions.html#core.web.pageables.

2026-06-15T16:43:49.606-04:00  INFO 412490 --- [core-sifa-test] [main] c.s.c.c.TipoInfraccionController         : Eliminando (deshabilitando) tipo de infracción con id 1
2026-06-15T16:43:49.629-04:00  INFO 412490 --- [core-sifa-test] [main] c.s.c.c.TipoInfraccionController         : Actualizando tipo de infracción con id 1
2026-06-15T16:43:49.646-04:00  INFO 412490 --- [core-sifa-test] [main] t.c.s.AnnotationConfigContextLoaderUtils : Could not detect default configuration classes for test class [com.sifa.core_sifa.controller.CitacionControllerTest]: CitacionControllerTest does not declare any static, non-private, non-final, nested classes annotated with @Configuration.
2026-06-15T16:43:49.669-04:00  INFO 412490 --- [core-sifa-test] [main] .b.t.c.SpringBootTestContextBootstrapper : Found @SpringBootConfiguration com.sifa.core_sifa.CoreSifaApplication for test class com.sifa.core_sifa.controller.CitacionControllerTest
2026-06-15T16:43:49.731-04:00  INFO 412490 --- [core-sifa-test] [main] c.s.c.controller.CitacionControllerTest  : Starting CitacionControllerTest using Java 21.0.11 with PID 412490 (started by andres-ortega in /home/andres-ortega/Escritorio/proyects/core-sifa)
2026-06-15T16:43:49.732-04:00  INFO 412490 --- [core-sifa-test] [main] c.s.c.controller.CitacionControllerTest  : The following 1 profile is active: "test"
2026-06-15T16:43:50.278-04:00  WARN 412490 --- [core-sifa-test] [main] .s.s.UserDetailsServiceAutoConfiguration : 

Using generated security password: 5051a6a3-85aa-4066-9916-15d94670ef18

This generated password is for development use only. Your security configuration must be updated before running your application in production.

2026-06-15T16:43:50.280-04:00  INFO 412490 --- [core-sifa-test] [main] r$InitializeUserDetailsManagerConfigurer : Global AuthenticationManager configured with UserDetailsService bean with name inMemoryUserDetailsManager
2026-06-15T16:43:50.627-04:00  INFO 412490 --- [core-sifa-test] [main] o.s.b.t.m.w.SpringBootMockServletContext : Initializing Spring TestDispatcherServlet ''
2026-06-15T16:43:50.627-04:00  INFO 412490 --- [core-sifa-test] [main] o.s.t.web.servlet.TestDispatcherServlet  : Initializing Servlet ''
2026-06-15T16:43:50.629-04:00  INFO 412490 --- [core-sifa-test] [main] o.s.t.web.servlet.TestDispatcherServlet  : Completed initialization in 1 ms
2026-06-15T16:43:50.644-04:00  INFO 412490 --- [core-sifa-test] [main] c.s.c.controller.CitacionControllerTest  : Started CitacionControllerTest in 0.968 seconds (process running for 42.495)
2026-06-15T16:43:50.689-04:00  INFO 412490 --- [core-sifa-test] [main] c.s.c.controller.CitacionController      : Petición PUT para actualizar citación ID: 1 recibida. Administrativo: admin@sifa.cl
2026-06-15T16:43:50.725-04:00  INFO 412490 --- [core-sifa-test] [main] c.s.c.controller.CitacionController      : Petición GET para listar citaciones - page: 0, size: 10, startDate: null, endDate: null, search: null
2026-06-15T16:43:50.731-04:00  WARN 412490 --- [core-sifa-test] [main] ration$PageModule$WarningLoggingModifier : Serializing PageImpl instances as-is is not supported, meaning that there is no guarantee about the stability of the resulting JSON structure!
	For a stable JSON structure, please use Spring Data's PagedModel (globally via @EnableSpringDataWebSupport(pageSerializationMode = VIA_DTO))
	or Spring HATEOAS and Spring Data's PagedResourcesAssembler as documented in https://docs.spring.io/spring-data/commons/reference/repositories/core-extensions.html#core.web.pageables.

2026-06-15T16:43:50.763-04:00  INFO 412490 --- [core-sifa-test] [main] c.s.c.controller.CitacionController      : Petición GET para citación ID: 1
2026-06-15T16:43:50.779-04:00  INFO 412490 --- [core-sifa-test] [main] t.c.s.AnnotationConfigContextLoaderUtils : Could not detect default configuration classes for test class [com.sifa.core_sifa.controller.NotificationLogControllerTest]: NotificationLogControllerTest does not declare any static, non-private, non-final, nested classes annotated with @Configuration.
2026-06-15T16:43:50.798-04:00  INFO 412490 --- [core-sifa-test] [main] .b.t.c.SpringBootTestContextBootstrapper : Found @SpringBootConfiguration com.sifa.core_sifa.CoreSifaApplication for test class com.sifa.core_sifa.controller.NotificationLogControllerTest
2026-06-15T16:43:50.875-04:00  INFO 412490 --- [core-sifa-test] [main] c.s.c.c.NotificationLogControllerTest    : Starting NotificationLogControllerTest using Java 21.0.11 with PID 412490 (started by andres-ortega in /home/andres-ortega/Escritorio/proyects/core-sifa)
2026-06-15T16:43:50.875-04:00  INFO 412490 --- [core-sifa-test] [main] c.s.c.c.NotificationLogControllerTest    : The following 1 profile is active: "test"
2026-06-15T16:43:51.398-04:00  WARN 412490 --- [core-sifa-test] [main] .s.s.UserDetailsServiceAutoConfiguration : 

Using generated security password: 32e27191-5c6d-4c12-a7d9-be9cf3151e2c

This generated password is for development use only. Your security configuration must be updated before running your application in production.

2026-06-15T16:43:51.401-04:00  INFO 412490 --- [core-sifa-test] [main] r$InitializeUserDetailsManagerConfigurer : Global AuthenticationManager configured with UserDetailsService bean with name inMemoryUserDetailsManager
2026-06-15T16:43:51.694-04:00  INFO 412490 --- [core-sifa-test] [main] o.s.b.t.m.w.SpringBootMockServletContext : Initializing Spring TestDispatcherServlet ''
2026-06-15T16:43:51.695-04:00  INFO 412490 --- [core-sifa-test] [main] o.s.t.web.servlet.TestDispatcherServlet  : Initializing Servlet ''
2026-06-15T16:43:51.697-04:00  INFO 412490 --- [core-sifa-test] [main] o.s.t.web.servlet.TestDispatcherServlet  : Completed initialization in 1 ms
2026-06-15T16:43:51.714-04:00  INFO 412490 --- [core-sifa-test] [main] c.s.c.c.NotificationLogControllerTest    : Started NotificationLogControllerTest in 0.907 seconds (process running for 43.565)
2026-06-15T16:43:51.747-04:00  WARN 412490 --- [core-sifa-test] [main] ration$PageModule$WarningLoggingModifier : Serializing PageImpl instances as-is is not supported, meaning that there is no guarantee about the stability of the resulting JSON structure!
	For a stable JSON structure, please use Spring Data's PagedModel (globally via @EnableSpringDataWebSupport(pageSerializationMode = VIA_DTO))
	or Spring HATEOAS and Spring Data's PagedResourcesAssembler as documented in https://docs.spring.io/spring-data/commons/reference/repositories/core-extensions.html#core.web.pageables.

2026-06-15T16:43:51.830-04:00  INFO 412490 --- [core-sifa-test] [main] t.c.s.AnnotationConfigContextLoaderUtils : Could not detect default configuration classes for test class [com.sifa.core_sifa.controller.DeviceTokenControllerTest]: DeviceTokenControllerTest does not declare any static, non-private, non-final, nested classes annotated with @Configuration.
2026-06-15T16:43:51.852-04:00  INFO 412490 --- [core-sifa-test] [main] .b.t.c.SpringBootTestContextBootstrapper : Found @SpringBootConfiguration com.sifa.core_sifa.CoreSifaApplication for test class com.sifa.core_sifa.controller.DeviceTokenControllerTest
2026-06-15T16:43:51.914-04:00  INFO 412490 --- [core-sifa-test] [main] c.s.c.c.DeviceTokenControllerTest        : Starting DeviceTokenControllerTest using Java 21.0.11 with PID 412490 (started by andres-ortega in /home/andres-ortega/Escritorio/proyects/core-sifa)
2026-06-15T16:43:51.914-04:00  INFO 412490 --- [core-sifa-test] [main] c.s.c.c.DeviceTokenControllerTest        : The following 1 profile is active: "test"
2026-06-15T16:43:52.398-04:00  WARN 412490 --- [core-sifa-test] [main] .s.s.UserDetailsServiceAutoConfiguration : 

Using generated security password: 15b0db09-315b-42e2-8010-173c72a03fa8

This generated password is for development use only. Your security configuration must be updated before running your application in production.

2026-06-15T16:43:52.403-04:00  INFO 412490 --- [core-sifa-test] [main] r$InitializeUserDetailsManagerConfigurer : Global AuthenticationManager configured with UserDetailsService bean with name inMemoryUserDetailsManager
2026-06-15T16:43:52.668-04:00  INFO 412490 --- [core-sifa-test] [main] o.s.b.t.m.w.SpringBootMockServletContext : Initializing Spring TestDispatcherServlet ''
2026-06-15T16:43:52.668-04:00  INFO 412490 --- [core-sifa-test] [main] o.s.t.web.servlet.TestDispatcherServlet  : Initializing Servlet ''
2026-06-15T16:43:52.671-04:00  INFO 412490 --- [core-sifa-test] [main] o.s.t.web.servlet.TestDispatcherServlet  : Completed initialization in 1 ms
2026-06-15T16:43:52.687-04:00  INFO 412490 --- [core-sifa-test] [main] c.s.c.c.DeviceTokenControllerTest        : Started DeviceTokenControllerTest in 0.827 seconds (process running for 44.538)
2026-06-15T16:43:52.825-04:00  INFO 412490 --- [core-sifa-test] [main] t.c.s.AnnotationConfigContextLoaderUtils : Could not detect default configuration classes for test class [com.sifa.core_sifa.controller.FiscalizadorPresenciaControllerTest]: FiscalizadorPresenciaControllerTest does not declare any static, non-private, non-final, nested classes annotated with @Configuration.
2026-06-15T16:43:52.845-04:00  INFO 412490 --- [core-sifa-test] [main] .b.t.c.SpringBootTestContextBootstrapper : Found @SpringBootConfiguration com.sifa.core_sifa.CoreSifaApplication for test class com.sifa.core_sifa.controller.FiscalizadorPresenciaControllerTest
2026-06-15T16:43:52.900-04:00  INFO 412490 --- [core-sifa-test] [main] .c.c.FiscalizadorPresenciaControllerTest : Starting FiscalizadorPresenciaControllerTest using Java 21.0.11 with PID 412490 (started by andres-ortega in /home/andres-ortega/Escritorio/proyects/core-sifa)
2026-06-15T16:43:52.900-04:00  INFO 412490 --- [core-sifa-test] [main] .c.c.FiscalizadorPresenciaControllerTest : The following 1 profile is active: "test"
2026-06-15T16:43:53.335-04:00  WARN 412490 --- [core-sifa-test] [main] .s.s.UserDetailsServiceAutoConfiguration : 

Using generated security password: 4725bfb7-591f-4486-9939-55a6ec46dd27

This generated password is for development use only. Your security configuration must be updated before running your application in production.

2026-06-15T16:43:53.337-04:00  INFO 412490 --- [core-sifa-test] [main] r$InitializeUserDetailsManagerConfigurer : Global AuthenticationManager configured with UserDetailsService bean with name inMemoryUserDetailsManager
2026-06-15T16:43:53.570-04:00  INFO 412490 --- [core-sifa-test] [main] o.s.b.t.m.w.SpringBootMockServletContext : Initializing Spring TestDispatcherServlet ''
2026-06-15T16:43:53.571-04:00  INFO 412490 --- [core-sifa-test] [main] o.s.t.web.servlet.TestDispatcherServlet  : Initializing Servlet ''
2026-06-15T16:43:53.572-04:00  INFO 412490 --- [core-sifa-test] [main] o.s.t.web.servlet.TestDispatcherServlet  : Completed initialization in 1 ms
2026-06-15T16:43:53.592-04:00  INFO 412490 --- [core-sifa-test] [main] .c.c.FiscalizadorPresenciaControllerTest : Started FiscalizadorPresenciaControllerTest in 0.741 seconds (process running for 45.443)
2026-06-15T16:43:53.702-04:00  WARN 412490 --- [core-sifa-test] [main] ration$PageModule$WarningLoggingModifier : Serializing PageImpl instances as-is is not supported, meaning that there is no guarantee about the stability of the resulting JSON structure!
	For a stable JSON structure, please use Spring Data's PagedModel (globally via @EnableSpringDataWebSupport(pageSerializationMode = VIA_DTO))
	or Spring HATEOAS and Spring Data's PagedResourcesAssembler as documented in https://docs.spring.io/spring-data/commons/reference/repositories/core-extensions.html#core.web.pageables.

2026-06-15T16:43:53.758-04:00  INFO 412490 --- [core-sifa-test] [main] t.c.s.AnnotationConfigContextLoaderUtils : Could not detect default configuration classes for test class [com.sifa.core_sifa.controller.NotificationPushControllerTest]: NotificationPushControllerTest does not declare any static, non-private, non-final, nested classes annotated with @Configuration.
2026-06-15T16:43:53.779-04:00  INFO 412490 --- [core-sifa-test] [main] .b.t.c.SpringBootTestContextBootstrapper : Found @SpringBootConfiguration com.sifa.core_sifa.CoreSifaApplication for test class com.sifa.core_sifa.controller.NotificationPushControllerTest
2026-06-15T16:43:53.823-04:00  INFO 412490 --- [core-sifa-test] [main] c.s.c.c.NotificationPushControllerTest   : Starting NotificationPushControllerTest using Java 21.0.11 with PID 412490 (started by andres-ortega in /home/andres-ortega/Escritorio/proyects/core-sifa)
2026-06-15T16:43:53.824-04:00  INFO 412490 --- [core-sifa-test] [main] c.s.c.c.NotificationPushControllerTest   : The following 1 profile is active: "test"
2026-06-15T16:43:54.305-04:00  WARN 412490 --- [core-sifa-test] [main] .s.s.UserDetailsServiceAutoConfiguration : 

Using generated security password: 9d52d224-b6d1-445c-90f1-58514667dfa3

This generated password is for development use only. Your security configuration must be updated before running your application in production.

2026-06-15T16:43:54.307-04:00  INFO 412490 --- [core-sifa-test] [main] r$InitializeUserDetailsManagerConfigurer : Global AuthenticationManager configured with UserDetailsService bean with name inMemoryUserDetailsManager
2026-06-15T16:43:54.562-04:00  INFO 412490 --- [core-sifa-test] [main] o.s.b.t.m.w.SpringBootMockServletContext : Initializing Spring TestDispatcherServlet ''
2026-06-15T16:43:54.562-04:00  INFO 412490 --- [core-sifa-test] [main] o.s.t.web.servlet.TestDispatcherServlet  : Initializing Servlet ''
2026-06-15T16:43:54.564-04:00  INFO 412490 --- [core-sifa-test] [main] o.s.t.web.servlet.TestDispatcherServlet  : Completed initialization in 2 ms
2026-06-15T16:43:54.578-04:00  INFO 412490 --- [core-sifa-test] [main] c.s.c.c.NotificationPushControllerTest   : Started NotificationPushControllerTest in 0.793 seconds (process running for 46.429)
2026-06-15T16:43:54.775-04:00  INFO 412490 --- [core-sifa-test] [main] t.c.s.AnnotationConfigContextLoaderUtils : Could not detect default configuration classes for test class [com.sifa.core_sifa.controller.InfraccionControllerTest]: InfraccionControllerTest does not declare any static, non-private, non-final, nested classes annotated with @Configuration.
2026-06-15T16:43:54.798-04:00  INFO 412490 --- [core-sifa-test] [main] .b.t.c.SpringBootTestContextBootstrapper : Found @SpringBootConfiguration com.sifa.core_sifa.CoreSifaApplication for test class com.sifa.core_sifa.controller.InfraccionControllerTest
2026-06-15T16:43:54.847-04:00  INFO 412490 --- [core-sifa-test] [main] c.s.c.c.InfraccionControllerTest         : Starting InfraccionControllerTest using Java 21.0.11 with PID 412490 (started by andres-ortega in /home/andres-ortega/Escritorio/proyects/core-sifa)
2026-06-15T16:43:54.847-04:00  INFO 412490 --- [core-sifa-test] [main] c.s.c.c.InfraccionControllerTest         : The following 1 profile is active: "test"
2026-06-15T16:43:55.335-04:00  WARN 412490 --- [core-sifa-test] [main] .s.s.UserDetailsServiceAutoConfiguration : 

Using generated security password: 3b76de89-86a5-43b7-af5a-409695d2f686

This generated password is for development use only. Your security configuration must be updated before running your application in production.

2026-06-15T16:43:55.338-04:00  INFO 412490 --- [core-sifa-test] [main] r$InitializeUserDetailsManagerConfigurer : Global AuthenticationManager configured with UserDetailsService bean with name inMemoryUserDetailsManager
2026-06-15T16:43:55.649-04:00  INFO 412490 --- [core-sifa-test] [main] o.s.b.t.m.w.SpringBootMockServletContext : Initializing Spring TestDispatcherServlet ''
2026-06-15T16:43:55.650-04:00  INFO 412490 --- [core-sifa-test] [main] o.s.t.web.servlet.TestDispatcherServlet  : Initializing Servlet ''
2026-06-15T16:43:55.652-04:00  INFO 412490 --- [core-sifa-test] [main] o.s.t.web.servlet.TestDispatcherServlet  : Completed initialization in 1 ms
2026-06-15T16:43:55.669-04:00  INFO 412490 --- [core-sifa-test] [main] c.s.c.c.InfraccionControllerTest         : Started InfraccionControllerTest in 0.863 seconds (process running for 47.52)
2026-06-15T16:43:55.691-04:00  INFO 412490 --- [core-sifa-test] [main] c.s.c.controller.InfraccionController    : Petición PATCH recibida para actualizar estado de infracción ID: 1 a accepted
2026-06-15T16:43:55.727-04:00  INFO 412490 --- [core-sifa-test] [main] c.s.c.controller.InfraccionController    : Petición GET para estadísticas del Dashboard
2026-06-15T16:43:55.755-04:00  INFO 412490 --- [core-sifa-test] [main] c.s.c.controller.InfraccionController    : Obteniendo infracciones paginadas
2026-06-15T16:43:55.759-04:00  WARN 412490 --- [core-sifa-test] [main] ration$PageModule$WarningLoggingModifier : Serializing PageImpl instances as-is is not supported, meaning that there is no guarantee about the stability of the resulting JSON structure!
	For a stable JSON structure, please use Spring Data's PagedModel (globally via @EnableSpringDataWebSupport(pageSerializationMode = VIA_DTO))
	or Spring HATEOAS and Spring Data's PagedResourcesAssembler as documented in https://docs.spring.io/spring-data/commons/reference/repositories/core-extensions.html#core.web.pageables.

2026-06-15T16:43:55.784-04:00  INFO 412490 --- [core-sifa-test] [main] c.s.c.controller.InfraccionController    : Obteniendo infracciones paginadas
2026-06-15T16:43:55.811-04:00  INFO 412490 --- [core-sifa-test] [main] c.s.c.controller.InfraccionController    : Petición GET para reporte de productividad
2026-06-15T16:43:55.843-04:00  INFO 412490 --- [core-sifa-test] [main] c.s.c.controller.InfraccionController    : Petición para procesar infracción ID: 1 recibida. Administrativo JPL ID: jpl@test.cl
2026-06-15T16:43:55.868-04:00  INFO 412490 --- [core-sifa-test] [main] c.s.c.controller.InfraccionController    : Obteniendo resumen del reporte de infracciones
2026-06-15T16:43:55.891-04:00  INFO 412490 --- [core-sifa-test] [main] c.s.c.controller.InfraccionController    : Obteniendo infraccion con id: 1
2026-06-15T16:43:55.909-04:00  INFO 412490 --- [core-sifa-test] [main] c.s.c.controller.InfraccionController    : Obteniendo coordenadas de infracciones para el mapa de calor
2026-06-15T16:43:55.959-04:00  INFO 412490 --- [core-sifa-test] [main] c.s.c.controller.InfraccionController    : Petición de creación de infracción recibida desde el Gateway. Fiscalizador ID: fiscalizador@test.cl
2026-06-15T16:43:55.976-04:00  INFO 412490 --- [core-sifa-test] [main] t.c.s.AnnotationConfigContextLoaderUtils : Could not detect default configuration classes for test class [com.sifa.core_sifa.controller.AuditLogControllerTest]: AuditLogControllerTest does not declare any static, non-private, non-final, nested classes annotated with @Configuration.
2026-06-15T16:43:55.995-04:00  INFO 412490 --- [core-sifa-test] [main] .b.t.c.SpringBootTestContextBootstrapper : Found @SpringBootConfiguration com.sifa.core_sifa.CoreSifaApplication for test class com.sifa.core_sifa.controller.AuditLogControllerTest
2026-06-15T16:43:56.033-04:00  INFO 412490 --- [core-sifa-test] [main] c.s.c.controller.AuditLogControllerTest  : Starting AuditLogControllerTest using Java 21.0.11 with PID 412490 (started by andres-ortega in /home/andres-ortega/Escritorio/proyects/core-sifa)
2026-06-15T16:43:56.034-04:00  INFO 412490 --- [core-sifa-test] [main] c.s.c.controller.AuditLogControllerTest  : The following 1 profile is active: "test"
2026-06-15T16:43:56.498-04:00  WARN 412490 --- [core-sifa-test] [main] .s.s.UserDetailsServiceAutoConfiguration : 

Using generated security password: 0994abfb-1df9-4fc6-8359-5477ae9e9e78

This generated password is for development use only. Your security configuration must be updated before running your application in production.

2026-06-15T16:43:56.500-04:00  INFO 412490 --- [core-sifa-test] [main] r$InitializeUserDetailsManagerConfigurer : Global AuthenticationManager configured with UserDetailsService bean with name inMemoryUserDetailsManager
2026-06-15T16:43:56.790-04:00  INFO 412490 --- [core-sifa-test] [main] o.s.b.t.m.w.SpringBootMockServletContext : Initializing Spring TestDispatcherServlet ''
2026-06-15T16:43:56.790-04:00  INFO 412490 --- [core-sifa-test] [main] o.s.t.web.servlet.TestDispatcherServlet  : Initializing Servlet ''
2026-06-15T16:43:56.792-04:00  INFO 412490 --- [core-sifa-test] [main] o.s.t.web.servlet.TestDispatcherServlet  : Completed initialization in 1 ms
2026-06-15T16:43:56.807-04:00  INFO 412490 --- [core-sifa-test] [main] c.s.c.controller.AuditLogControllerTest  : Started AuditLogControllerTest in 0.807 seconds (process running for 48.658)
2026-06-15T16:43:56.829-04:00  INFO 412490 --- [core-sifa-test] [main] c.s.c.controller.AuditLogController      : Obteniendo auditorias paginadas
2026-06-15T16:43:56.833-04:00  WARN 412490 --- [core-sifa-test] [main] ration$PageModule$WarningLoggingModifier : Serializing PageImpl instances as-is is not supported, meaning that there is no guarantee about the stability of the resulting JSON structure!
	For a stable JSON structure, please use Spring Data's PagedModel (globally via @EnableSpringDataWebSupport(pageSerializationMode = VIA_DTO))
	or Spring HATEOAS and Spring Data's PagedResourcesAssembler as documented in https://docs.spring.io/spring-data/commons/reference/repositories/core-extensions.html#core.web.pageables.

2026-06-15T16:43:56.864-04:00  INFO 412490 --- [core-sifa-test] [main] c.s.c.controller.AuditLogController      : Obteniendo auditorias paginadas
2026-06-15T16:43:56.910-04:00  INFO 412490 --- [core-sifa-test] [main] t.c.s.AnnotationConfigContextLoaderUtils : Could not detect default configuration classes for test class [com.sifa.core_sifa.controller.VehiculoControllerTest]: VehiculoControllerTest does not declare any static, non-private, non-final, nested classes annotated with @Configuration.
2026-06-15T16:43:56.925-04:00  INFO 412490 --- [core-sifa-test] [main] .b.t.c.SpringBootTestContextBootstrapper : Found @SpringBootConfiguration com.sifa.core_sifa.CoreSifaApplication for test class com.sifa.core_sifa.controller.VehiculoControllerTest
2026-06-15T16:43:56.959-04:00  INFO 412490 --- [core-sifa-test] [main] c.s.c.controller.VehiculoControllerTest  : Starting VehiculoControllerTest using Java 21.0.11 with PID 412490 (started by andres-ortega in /home/andres-ortega/Escritorio/proyects/core-sifa)
2026-06-15T16:43:56.959-04:00  INFO 412490 --- [core-sifa-test] [main] c.s.c.controller.VehiculoControllerTest  : The following 1 profile is active: "test"
2026-06-15T16:43:57.296-04:00  WARN 412490 --- [core-sifa-test] [main] .s.s.UserDetailsServiceAutoConfiguration : 

Using generated security password: 0dc5294b-bdbf-4e86-a6e8-a71f982b74af

This generated password is for development use only. Your security configuration must be updated before running your application in production.

2026-06-15T16:43:57.298-04:00  INFO 412490 --- [core-sifa-test] [main] r$InitializeUserDetailsManagerConfigurer : Global AuthenticationManager configured with UserDetailsService bean with name inMemoryUserDetailsManager
2026-06-15T16:43:57.497-04:00  INFO 412490 --- [core-sifa-test] [main] o.s.b.t.m.w.SpringBootMockServletContext : Initializing Spring TestDispatcherServlet ''
2026-06-15T16:43:57.497-04:00  INFO 412490 --- [core-sifa-test] [main] o.s.t.web.servlet.TestDispatcherServlet  : Initializing Servlet ''
2026-06-15T16:43:57.498-04:00  INFO 412490 --- [core-sifa-test] [main] o.s.t.web.servlet.TestDispatcherServlet  : Completed initialization in 1 ms
2026-06-15T16:43:57.514-04:00  INFO 412490 --- [core-sifa-test] [main] c.s.c.controller.VehiculoControllerTest  : Started VehiculoControllerTest in 0.585 seconds (process running for 49.365)
2026-06-15T16:43:57.529-04:00  INFO 412490 --- [core-sifa-test] [main] c.s.c.controller.VehiculoController      : Obteniendo todos los vehículos
2026-06-15T16:43:57.551-04:00  INFO 412490 --- [core-sifa-test] [main] c.s.c.controller.VehiculoController      : Obteniendo vehiculo con id: ABCD12
2026-06-15T16:43:57.567-04:00  INFO 412490 --- [core-sifa-test] [main] c.s.c.controller.VehiculoController      : Obteniendo todos los vehículos
2026-06-15T16:43:57.899-04:00  INFO 412490 --- [core-sifa-test] [main] c.s.c.service.TipoInfraccionServiceImpl  : Creando tipo de infracción: Nuevo Tipo
2026-06-15T16:43:57.916-04:00  INFO 412490 --- [core-sifa-test] [main] c.s.c.service.TipoInfraccionServiceImpl  : Buscando tipo de infracción con id: 1
2026-06-15T16:43:57.924-04:00  INFO 412490 --- [core-sifa-test] [main] c.s.c.service.TipoInfraccionServiceImpl  : Buscando tipo de infracción con id: 99
2026-06-15T16:43:57.932-04:00  INFO 412490 --- [core-sifa-test] [main] c.s.c.service.TipoInfraccionServiceImpl  : Deshabilitando tipo de infracción con id: 1
2026-06-15T16:43:57.944-04:00  INFO 412490 --- [core-sifa-test] [main] c.s.c.service.TipoInfraccionServiceImpl  : Deshabilitando tipo de infracción con id: 99
2026-06-15T16:43:57.950-04:00  INFO 412490 --- [core-sifa-test] [main] c.s.c.service.TipoInfraccionServiceImpl  : Actualizando tipo de infracción con id: 1
2026-06-15T16:43:57.956-04:00  INFO 412490 --- [core-sifa-test] [main] c.s.c.service.TipoInfraccionServiceImpl  : Listando todos los tipos de infracción
2026-06-15T16:43:57.964-04:00  INFO 412490 --- [core-sifa-test] [main] c.s.c.service.TipoInfraccionServiceImpl  : Listando tipos de infracción paginados - página: 0, tamaño: 10
2026-06-15T16:43:57.981-04:00  INFO 412490 --- [core-sifa-test] [main] c.s.c.s.device.DeviceMaintenanceService  : Running device status cleanup...
2026-06-15T16:43:57.985-04:00  INFO 412490 --- [core-sifa-test] [main] c.s.c.s.device.DeviceMaintenanceService  : Device cleanup completed: 5 devices affected
2026-06-15T16:43:57.994-04:00  INFO 412490 --- [core-sifa-test] [main] c.s.c.s.device.DeviceMaintenanceService  : Running device status cleanup...
2026-06-15T16:43:58.263-04:00  INFO 412490 --- [core-sifa-test] [main] c.s.c.s.device.DeviceTokenServiceImpl    : Sending notification to all 1 registered devices
2026-06-15T16:43:58.264-04:00 ERROR 412490 --- [core-sifa-test] [main] c.s.c.s.device.DeviceTokenServiceImpl    : Failed to send notification to device bad-token (user: u1@test.cl): Firebase error
2026-06-15T16:43:58.264-04:00  INFO 412490 --- [core-sifa-test] [main] c.s.c.s.device.DeviceTokenServiceImpl    : Notification sent to 0/1 devices
2026-06-15T16:43:58.273-04:00  INFO 412490 --- [core-sifa-test] [main] c.s.c.s.device.DeviceTokenServiceImpl    : Sending notification to 2 outdated devices (current version: 2.0.0)
2026-06-15T16:43:58.274-04:00  INFO 412490 --- [core-sifa-test] [main] c.s.c.s.device.DeviceTokenServiceImpl    : Notification sent to 2/2 devices
2026-06-15T16:43:58.284-04:00  INFO 412490 --- [core-sifa-test] [main] c.s.c.s.device.DeviceTokenServiceImpl    : Cleanup: marked 3 devices as INACTIVE
2026-06-15T16:43:58.291-04:00  INFO 412490 --- [core-sifa-test] [main] c.s.c.s.device.DeviceTokenServiceImpl    : Registrando dispositivo para usuario: user@test.cl, platform: ANDROID, appVersion: unknown
2026-06-15T16:43:58.292-04:00  INFO 412490 --- [core-sifa-test] [main] c.s.c.s.device.DeviceTokenServiceImpl    : Nuevo dispositivo registrado para: user@test.cl
2026-06-15T16:43:58.298-04:00  WARN 412490 --- [core-sifa-test] [main] c.s.c.s.device.DeviceTokenServiceImpl    : Auto-registrado nuevo DeviceToken null para usuario user@test.cl desde heartbeat (fcmToken provisto)
2026-06-15T16:43:58.305-04:00  INFO 412490 --- [core-sifa-test] [main] c.s.c.s.device.DeviceTokenServiceImpl    : Registrando dispositivo para usuario: user@test.cl, platform: IOS, appVersion: unknown
2026-06-15T16:43:58.307-04:00  INFO 412490 --- [core-sifa-test] [main] c.s.c.s.device.DeviceTokenServiceImpl    : Eliminados 1 token(s) antiguo(s) para: user@test.cl
2026-06-15T16:43:58.308-04:00  INFO 412490 --- [core-sifa-test] [main] c.s.c.s.device.DeviceTokenServiceImpl    : Nuevo dispositivo registrado para: user@test.cl
2026-06-15T16:43:58.315-04:00  INFO 412490 --- [core-sifa-test] [main] c.s.c.s.device.DeviceTokenServiceImpl    : No registered devices found for platform: IOS
2026-06-15T16:43:58.320-04:00  INFO 412490 --- [core-sifa-test] [main] c.s.c.s.device.DeviceTokenServiceImpl    : Sending notification to 1 devices on platform: ANDROID
2026-06-15T16:43:58.321-04:00  INFO 412490 --- [core-sifa-test] [main] c.s.c.s.device.DeviceTokenServiceImpl    : Notification sent to 1/1 devices
2026-06-15T16:43:58.325-04:00  INFO 412490 --- [core-sifa-test] [main] c.s.c.s.device.DeviceTokenServiceImpl    : No outdated devices found (current version: 2.0.0)
2026-06-15T16:43:58.330-04:00  INFO 412490 --- [core-sifa-test] [main] c.s.c.s.device.DeviceTokenServiceImpl    : Sending notification to all 1 registered devices
2026-06-15T16:43:58.331-04:00  INFO 412490 --- [core-sifa-test] [main] c.s.c.s.device.DeviceTokenServiceImpl    : Notification sent to 1/1 devices
2026-06-15T16:43:58.335-04:00  INFO 412490 --- [core-sifa-test] [main] c.s.c.s.device.DeviceTokenServiceImpl    : Sending notification to 1 selected devices
2026-06-15T16:43:58.338-04:00  INFO 412490 --- [core-sifa-test] [main] c.s.c.s.device.DeviceTokenServiceImpl    : Notification sent to 1/1 devices
2026-06-15T16:43:58.344-04:00  INFO 412490 --- [core-sifa-test] [main] c.s.c.s.device.DeviceTokenServiceImpl    : No devices found for the given IDs
2026-06-15T16:43:58.350-04:00  INFO 412490 --- [core-sifa-test] [main] c.s.c.s.device.DeviceTokenServiceImpl    : No registered devices found
2026-06-15T16:43:58.356-04:00  INFO 412490 --- [core-sifa-test] [main] c.s.c.s.device.DeviceTokenServiceImpl    : Registrando dispositivo para usuario: user@test.cl, platform: ANDROID, appVersion: 2.0.0
2026-06-15T16:43:58.357-04:00  INFO 412490 --- [core-sifa-test] [main] c.s.c.s.device.DeviceTokenServiceImpl    : Token existente actualizado para: user@test.cl
2026-06-15T16:43:58.361-04:00  INFO 412490 --- [core-sifa-test] [main] c.s.c.s.device.DeviceTokenServiceImpl    : Linked deviceId device-456 to token 2 (user: user@test.cl)
2026-06-15T16:43:58.368-04:00  WARN 412490 --- [core-sifa-test] [main] c.s.c.s.device.DeviceTokenServiceImpl    : Heartbeat recibido para usuario user@test.cl (deviceId device-000) pero NO existe DeviceToken ni se puede crear (falta fcmToken). El dispositivo NO recibirá notificaciones push hasta que la app móvil registre su FCM token.
2026-06-15T16:43:58.992-04:00  INFO 412490 --- [core-sifa-test] [main] c.s.c.s.i.InfraccionServiceImpl          : Buscando infracciones por patente: ABCD12
2026-06-15T16:43:59.005-04:00  INFO 412490 --- [core-sifa-test] [main] c.s.c.s.i.InfraccionServiceImpl          : Buscando infraccion con id: 1
2026-06-15T16:43:59.014-04:00  INFO 412490 --- [core-sifa-test] [main] c.s.c.s.i.InfraccionServiceImpl          : Administrativo JPL jpl@test.cl procesando infracción ID: 1
2026-06-15T16:43:59.022-04:00  INFO 412490 --- [core-sifa-test] [main] c.s.c.s.i.InfraccionServiceImpl          : Administrativo JPL jpl@test.cl procesando infracción ID: 1
2026-06-15T16:43:59.030-04:00  INFO 412490 --- [core-sifa-test] [main] c.s.c.s.i.InfraccionServiceImpl          : Administrativo JPL jpl@test.cl procesando infracción ID: 1
2026-06-15T16:43:59.032-04:00  INFO 412490 --- [core-sifa-test] [main] c.s.c.s.i.InfraccionServiceImpl          : Infracción ID: 1 procesada exitosamente con estado: APROBADA
2026-06-15T16:43:59.051-04:00  INFO 412490 --- [core-sifa-test] [main] c.s.c.s.i.InfraccionServiceImpl          : Generando reporte de productividad de fiscalizadores
2026-06-15T16:43:59.064-04:00  INFO 412490 --- [core-sifa-test] [main] c.s.c.s.i.InfraccionServiceImpl          : Buscando infraccion con id: 99
2026-06-15T16:43:59.074-04:00  INFO 412490 --- [core-sifa-test] [main] c.s.c.s.i.InfraccionServiceImpl          : Iniciando creación de infracción para patente: ABCD12
2026-06-15T16:43:59.082-04:00  INFO 412490 --- [core-sifa-test] [main] c.s.c.s.i.InfraccionServiceImpl          : Generando estadísticas del Dashboard
2026-06-15T16:43:59.089-04:00  INFO 412490 --- [core-sifa-test] [main] c.s.c.s.i.InfraccionServiceImpl          : Iniciando creación de infracción para patente: ABCD12
2026-06-15T16:43:59.096-04:00  INFO 412490 --- [core-sifa-test] [main] c.s.c.s.i.InfraccionServiceImpl          : Generando reporte de productividad de fiscalizadores
2026-06-15T16:43:59.263-04:00  INFO 412490 --- [core-sifa-test] [main] c.s.c.s.i.InfraccionServiceImpl          : Iniciando creación de infracción para patente: ABCD12
2026-06-15T16:43:59.265-04:00  INFO 412490 --- [core-sifa-test] [main] c.s.c.s.i.InfraccionServiceImpl          : Infracción creada exitosamente con ID: 1
2026-06-15T16:43:59.266-04:00  INFO 412490 --- [core-sifa-test] [main] c.s.c.s.i.InfraccionServiceImpl          : [+] Citación empadronada gatillada y enlazada automáticamente en la transacción.
2026-06-15T16:43:59.272-04:00  INFO 412490 --- [core-sifa-test] [main] c.s.c.s.i.InfraccionServiceImpl          : Buscando infracciones por id Fiscalizador: fiscalizador@test.cl
2026-06-15T16:43:59.279-04:00  INFO 412490 --- [core-sifa-test] [main] c.s.c.s.i.InfraccionServiceImpl          : Editando infracción ID: 1
2026-06-15T16:43:59.287-04:00  INFO 412490 --- [core-sifa-test] [main] c.s.c.s.i.InfraccionServiceImpl          : Listando todas las infracciones
2026-06-15T16:43:59.301-04:00  INFO 412490 --- [core-sifa-test] [main] c.s.core_sifa.service.VehiculoService    : Listando todos los vehículos
2026-06-15T16:43:59.313-04:00  INFO 412490 --- [core-sifa-test] [main] c.s.core_sifa.service.VehiculoService    : Buscando vehículo con id: ABCD12
2026-06-15T16:43:59.317-04:00  INFO 412490 --- [core-sifa-test] [main] c.s.core_sifa.service.VehiculoService    : Buscando vehículo con id: INVALID
2026-06-15T16:43:59.555-04:00  INFO 412490 --- [core-sifa-test] [main] c.s.c.s.FiscalizadorPresenciaService     : Recibiendo latido de presencia de: fiscalizador@test.cl
2026-06-15T16:43:59.796-04:00  INFO 412490 --- [core-sifa-test] [main] c.s.c.service.push.FirebasePushService   : Push notification sent successfully. MessageId: message-id-123, Token: valid-token...
2026-06-15T16:44:00.170-04:00  INFO 412490 --- [core-sifa-test] [main] c.s.core_sifa.service.CitacionService    : Administrativo jpl@test.cl actualizando citación 1.
2026-06-15T16:44:00.173-04:00  INFO 412490 --- [core-sifa-test] [main] c.s.core_sifa.service.CitacionService    : Citacion actualizada exitosamente con ID 1
2026-06-15T16:44:00.180-04:00  INFO 412490 --- [core-sifa-test] [main] c.s.core_sifa.service.CitacionService    : Creando citación para la infracción ID: 1
2026-06-15T16:44:00.184-04:00  INFO 412490 --- [core-sifa-test] [main] c.s.core_sifa.service.CitacionService    : Buscando citación con ID: 1
2026-06-15T16:44:00.192-04:00  INFO 412490 --- [core-sifa-test] [main] c.s.core_sifa.service.CitacionService    : Administrativo jpl@test.cl actualizando citación 99.
2026-06-15T16:44:00.199-04:00  INFO 412490 --- [core-sifa-test] [main] c.s.core_sifa.service.CitacionService    : Listando citaciones con filtros - startDate: null, endDate: null, search: null
2026-06-15T16:44:00.205-04:00  INFO 412490 --- [core-sifa-test] [main] c.s.core_sifa.service.CitacionService    : Buscando citación con ID: 99
2026-06-15T16:44:00.209-04:00  INFO 412490 --- [core-sifa-test] [main] c.s.core_sifa.service.CitacionService    : Creando citación para la infracción ID: 1
2026-06-15T16:44:00.210-04:00  INFO 412490 --- [core-sifa-test] [main] c.s.core_sifa.service.CitacionService    : Citación ID 1 creada exitosamente
2026-06-15T16:44:00.216-04:00  INFO 412490 --- [core-sifa-test] [main] c.s.core_sifa.service.CitacionService    : Creando citación para la infracción ID: 99
2026-06-15T16:44:00.232-04:00  INFO 412490 --- [core-sifa-test] [main] c.s.c.s.storage.MockStorageServiceImpl   : MOCK STORAGE -> Archivo eliminado: https://mock.sifa.cl/test.jpg
2026-06-15T16:44:00.235-04:00  INFO 412490 --- [core-sifa-test] [main] c.s.c.s.storage.MockStorageServiceImpl   : MOCK STORAGE -> Archivo simulado: https://mock.sifa.cl/infraccion_1.jpg
2026-06-15T16:44:00.238-04:00  INFO 412490 --- [core-sifa-test] [main] c.s.c.s.storage.MockStorageServiceImpl   : MOCK STORAGE -> Archivo simulado: https://mock.sifa.cl/infraccion_1_1.jpg
2026-06-15T16:44:00.239-04:00  INFO 412490 --- [core-sifa-test] [main] c.s.c.s.storage.MockStorageServiceImpl   : MOCK STORAGE -> Archivo simulado: https://mock.sifa.cl/infraccion_1_2.jpg
2026-06-15T16:44:00.459-04:00  INFO 412490 --- [core-sifa-test] [main] c.s.c.s.n.NotificationLogServiceImpl     : Notification log saved: targetType=ALL, devicesCount=10, sentBy=admin@test.cl
2026-06-15T16:44:00.650-04:00 ERROR 412490 --- [core-sifa-test] [main] c.s.c.s.audits.AuditLogServiceImpl       : [AUDITORIA-ERROR] Error silencioso general al comunicarse con el Core.
2026-06-15T16:44:00.650-04:00 ERROR 412490 --- [core-sifa-test] [main] c.s.c.s.audits.AuditLogServiceImpl       : Clase del error: java.lang.RuntimeException
2026-06-15T16:44:00.650-04:00 ERROR 412490 --- [core-sifa-test] [main] c.s.c.s.audits.AuditLogServiceImpl       : Mensaje exacto: DB error
2026-06-15T16:44:00.651-04:00 ERROR 412490 --- [core-sifa-test] [main] c.s.c.s.audits.AuditLogServiceImpl       : Stacktrace completo: 

java.lang.RuntimeException: DB error
	at com.sifa.core_sifa.service.audits.AuditLogServiceImpl.registrarLog(AuditLogServiceImpl.java:81) ~[classes/:na]
	at com.sifa.core_sifa.service.audits.AuditLogServiceImplTest.registrarLog_cuandoError_noPropagaExcepcion(AuditLogServiceImplTest.java:111) ~[test-classes/:na]
	at java.base/jdk.internal.reflect.DirectMethodHandleAccessor.invoke(DirectMethodHandleAccessor.java:103) ~[na:na]
	at java.base/java.lang.reflect.Method.invoke(Method.java:580) ~[na:na]
	at org.junit.platform.commons.util.ReflectionUtils.invokeMethod(ReflectionUtils.java:767) ~[junit-platform-commons-1.11.4.jar:1.11.4]
	at org.junit.jupiter.engine.execution.MethodInvocation.proceed(MethodInvocation.java:60) ~[junit-jupiter-engine-5.11.4.jar:5.11.4]
	at org.junit.jupiter.engine.execution.InvocationInterceptorChain$ValidatingInvocation.proceed(InvocationInterceptorChain.java:131) ~[junit-jupiter-engine-5.11.4.jar:5.11.4]
	at org.junit.jupiter.engine.extension.TimeoutExtension.intercept(TimeoutExtension.java:156) ~[junit-jupiter-engine-5.11.4.jar:5.11.4]
	at org.junit.jupiter.engine.extension.TimeoutExtension.interceptTestableMethod(TimeoutExtension.java:147) ~[junit-jupiter-engine-5.11.4.jar:5.11.4]
	at org.junit.jupiter.engine.extension.TimeoutExtension.interceptTestMethod(TimeoutExtension.java:86) ~[junit-jupiter-engine-5.11.4.jar:5.11.4]
	at org.junit.jupiter.engine.execution.InterceptingExecutableInvoker$ReflectiveInterceptorCall.lambda$ofVoidMethod$0(InterceptingExecutableInvoker.java:103) ~[junit-jupiter-engine-5.11.4.jar:5.11.4]
	at org.junit.jupiter.engine.execution.InterceptingExecutableInvoker.lambda$invoke$0(InterceptingExecutableInvoker.java:93) ~[junit-jupiter-engine-5.11.4.jar:5.11.4]
	at org.junit.jupiter.engine.execution.InvocationInterceptorChain$InterceptedInvocation.proceed(InvocationInterceptorChain.java:106) ~[junit-jupiter-engine-5.11.4.jar:5.11.4]
	at org.junit.jupiter.engine.execution.InvocationInterceptorChain.proceed(InvocationInterceptorChain.java:64) ~[junit-jupiter-engine-5.11.4.jar:5.11.4]
	at org.junit.jupiter.engine.execution.InvocationInterceptorChain.chainAndInvoke(InvocationInterceptorChain.java:45) ~[junit-jupiter-engine-5.11.4.jar:5.11.4]
	at org.junit.jupiter.engine.execution.InvocationInterceptorChain.invoke(InvocationInterceptorChain.java:37) ~[junit-jupiter-engine-5.11.4.jar:5.11.4]
	at org.junit.jupiter.engine.execution.InterceptingExecutableInvoker.invoke(InterceptingExecutableInvoker.java:92) ~[junit-jupiter-engine-5.11.4.jar:5.11.4]
	at org.junit.jupiter.engine.execution.InterceptingExecutableInvoker.invoke(InterceptingExecutableInvoker.java:86) ~[junit-jupiter-engine-5.11.4.jar:5.11.4]
	at org.junit.jupiter.engine.descriptor.TestMethodTestDescriptor.lambda$invokeTestMethod$8(TestMethodTestDescriptor.java:217) ~[junit-jupiter-engine-5.11.4.jar:5.11.4]
	at org.junit.platform.engine.support.hierarchical.ThrowableCollector.execute(ThrowableCollector.java:73) ~[junit-platform-engine-1.11.4.jar:1.11.4]
	at org.junit.jupiter.engine.descriptor.TestMethodTestDescriptor.invokeTestMethod(TestMethodTestDescriptor.java:213) ~[junit-jupiter-engine-5.11.4.jar:5.11.4]
	at org.junit.jupiter.engine.descriptor.TestMethodTestDescriptor.execute(TestMethodTestDescriptor.java:138) ~[junit-jupiter-engine-5.11.4.jar:5.11.4]
	at org.junit.jupiter.engine.descriptor.TestMethodTestDescriptor.execute(TestMethodTestDescriptor.java:68) ~[junit-jupiter-engine-5.11.4.jar:5.11.4]
	at org.junit.platform.engine.support.hierarchical.NodeTestTask.lambda$executeRecursively$6(NodeTestTask.java:156) ~[junit-platform-engine-1.11.4.jar:1.11.4]
	at org.junit.platform.engine.support.hierarchical.ThrowableCollector.execute(ThrowableCollector.java:73) ~[junit-platform-engine-1.11.4.jar:1.11.4]
	at org.junit.platform.engine.support.hierarchical.NodeTestTask.lambda$executeRecursively$8(NodeTestTask.java:146) ~[junit-platform-engine-1.11.4.jar:1.11.4]
	at org.junit.platform.engine.support.hierarchical.Node.around(Node.java:137) ~[junit-platform-engine-1.11.4.jar:1.11.4]
	at org.junit.platform.engine.support.hierarchical.NodeTestTask.lambda$executeRecursively$9(NodeTestTask.java:144) ~[junit-platform-engine-1.11.4.jar:1.11.4]
	at org.junit.platform.engine.support.hierarchical.ThrowableCollector.execute(ThrowableCollector.java:73) ~[junit-platform-engine-1.11.4.jar:1.11.4]
	at org.junit.platform.engine.support.hierarchical.NodeTestTask.executeRecursively(NodeTestTask.java:143) ~[junit-platform-engine-1.11.4.jar:1.11.4]
	at org.junit.platform.engine.support.hierarchical.NodeTestTask.execute(NodeTestTask.java:100) ~[junit-platform-engine-1.11.4.jar:1.11.4]
	at java.base/java.util.ArrayList.forEach(ArrayList.java:1596) ~[na:na]
	at org.junit.platform.engine.support.hierarchical.SameThreadHierarchicalTestExecutorService.invokeAll(SameThreadHierarchicalTestExecutorService.java:41) ~[junit-platform-engine-1.11.4.jar:1.11.4]
	at org.junit.platform.engine.support.hierarchical.NodeTestTask.lambda$executeRecursively$6(NodeTestTask.java:160) ~[junit-platform-engine-1.11.4.jar:1.11.4]
	at org.junit.platform.engine.support.hierarchical.ThrowableCollector.execute(ThrowableCollector.java:73) ~[junit-platform-engine-1.11.4.jar:1.11.4]
	at org.junit.platform.engine.support.hierarchical.NodeTestTask.lambda$executeRecursively$8(NodeTestTask.java:146) ~[junit-platform-engine-1.11.4.jar:1.11.4]
	at org.junit.platform.engine.support.hierarchical.Node.around(Node.java:137) ~[junit-platform-engine-1.11.4.jar:1.11.4]
	at org.junit.platform.engine.support.hierarchical.NodeTestTask.lambda$executeRecursively$9(NodeTestTask.java:144) ~[junit-platform-engine-1.11.4.jar:1.11.4]
	at org.junit.platform.engine.support.hierarchical.ThrowableCollector.execute(ThrowableCollector.java:73) ~[junit-platform-engine-1.11.4.jar:1.11.4]
	at org.junit.platform.engine.support.hierarchical.NodeTestTask.executeRecursively(NodeTestTask.java:143) ~[junit-platform-engine-1.11.4.jar:1.11.4]
	at org.junit.platform.engine.support.hierarchical.NodeTestTask.execute(NodeTestTask.java:100) ~[junit-platform-engine-1.11.4.jar:1.11.4]
	at java.base/java.util.ArrayList.forEach(ArrayList.java:1596) ~[na:na]
	at org.junit.platform.engine.support.hierarchical.SameThreadHierarchicalTestExecutorService.invokeAll(SameThreadHierarchicalTestExecutorService.java:41) ~[junit-platform-engine-1.11.4.jar:1.11.4]
	at org.junit.platform.engine.support.hierarchical.NodeTestTask.lambda$executeRecursively$6(NodeTestTask.java:160) ~[junit-platform-engine-1.11.4.jar:1.11.4]
	at org.junit.platform.engine.support.hierarchical.ThrowableCollector.execute(ThrowableCollector.java:73) ~[junit-platform-engine-1.11.4.jar:1.11.4]
	at org.junit.platform.engine.support.hierarchical.NodeTestTask.lambda$executeRecursively$8(NodeTestTask.java:146) ~[junit-platform-engine-1.11.4.jar:1.11.4]
	at org.junit.platform.engine.support.hierarchical.Node.around(Node.java:137) ~[junit-platform-engine-1.11.4.jar:1.11.4]
	at org.junit.platform.engine.support.hierarchical.NodeTestTask.lambda$executeRecursively$9(NodeTestTask.java:144) ~[junit-platform-engine-1.11.4.jar:1.11.4]
	at org.junit.platform.engine.support.hierarchical.ThrowableCollector.execute(ThrowableCollector.java:73) ~[junit-platform-engine-1.11.4.jar:1.11.4]
	at org.junit.platform.engine.support.hierarchical.NodeTestTask.executeRecursively(NodeTestTask.java:143) ~[junit-platform-engine-1.11.4.jar:1.11.4]
	at org.junit.platform.engine.support.hierarchical.NodeTestTask.execute(NodeTestTask.java:100) ~[junit-platform-engine-1.11.4.jar:1.11.4]
	at org.junit.platform.engine.support.hierarchical.SameThreadHierarchicalTestExecutorService.submit(SameThreadHierarchicalTestExecutorService.java:35) ~[junit-platform-engine-1.11.4.jar:1.11.4]
	at org.junit.platform.engine.support.hierarchical.HierarchicalTestExecutor.execute(HierarchicalTestExecutor.java:57) ~[junit-platform-engine-1.11.4.jar:1.11.4]
	at org.junit.platform.engine.support.hierarchical.HierarchicalTestEngine.execute(HierarchicalTestEngine.java:54) ~[junit-platform-engine-1.11.4.jar:1.11.4]
	at org.junit.platform.launcher.core.EngineExecutionOrchestrator.execute(EngineExecutionOrchestrator.java:198) ~[junit-platform-launcher-1.11.4.jar:1.11.4]
	at org.junit.platform.launcher.core.EngineExecutionOrchestrator.execute(EngineExecutionOrchestrator.java:169) ~[junit-platform-launcher-1.11.4.jar:1.11.4]
	at org.junit.platform.launcher.core.EngineExecutionOrchestrator.execute(EngineExecutionOrchestrator.java:93) ~[junit-platform-launcher-1.11.4.jar:1.11.4]
	at org.junit.platform.launcher.core.EngineExecutionOrchestrator.lambda$execute$0(EngineExecutionOrchestrator.java:58) ~[junit-platform-launcher-1.11.4.jar:1.11.4]
	at org.junit.platform.launcher.core.EngineExecutionOrchestrator.withInterceptedStreams(EngineExecutionOrchestrator.java:141) ~[junit-platform-launcher-1.11.4.jar:1.11.4]
	at org.junit.platform.launcher.core.EngineExecutionOrchestrator.execute(EngineExecutionOrchestrator.java:57) ~[junit-platform-launcher-1.11.4.jar:1.11.4]
	at org.junit.platform.launcher.core.DefaultLauncher.execute(DefaultLauncher.java:103) ~[junit-platform-launcher-1.11.4.jar:1.11.4]
	at org.junit.platform.launcher.core.DefaultLauncher.execute(DefaultLauncher.java:85) ~[junit-platform-launcher-1.11.4.jar:1.11.4]
	at org.junit.platform.launcher.core.DelegatingLauncher.execute(DelegatingLauncher.java:47) ~[junit-platform-launcher-1.11.4.jar:1.11.4]
	at org.apache.maven.surefire.junitplatform.LazyLauncher.execute(LazyLauncher.java:56) ~[surefire-junit-platform-3.5.2.jar:3.5.2]
	at org.apache.maven.surefire.junitplatform.JUnitPlatformProvider.execute(JUnitPlatformProvider.java:184) ~[surefire-junit-platform-3.5.2.jar:3.5.2]
	at org.apache.maven.surefire.junitplatform.JUnitPlatformProvider.invokeAllTests(JUnitPlatformProvider.java:148) ~[surefire-junit-platform-3.5.2.jar:3.5.2]
	at org.apache.maven.surefire.junitplatform.JUnitPlatformProvider.invoke(JUnitPlatformProvider.java:122) ~[surefire-junit-platform-3.5.2.jar:3.5.2]
	at org.apache.maven.surefire.booter.ForkedBooter.runSuitesInProcess(ForkedBooter.java:385) ~[surefire-booter-3.5.2.jar:3.5.2]
	at org.apache.maven.surefire.booter.ForkedBooter.execute(ForkedBooter.java:162) ~[surefire-booter-3.5.2.jar:3.5.2]
	at org.apache.maven.surefire.booter.ForkedBooter.run(ForkedBooter.java:507) ~[surefire-booter-3.5.2.jar:3.5.2]
	at org.apache.maven.surefire.booter.ForkedBooter.main(ForkedBooter.java:495) ~[surefire-booter-3.5.2.jar:3.5.2]

2026-06-15T16:44:00.683-04:00  INFO 412490 --- [core-sifa-test] [main] c.s.c.s.audits.AuditLogServiceImpl       : Buscando auditoria con id: 99
2026-06-15T16:44:00.692-04:00  INFO 412490 --- [core-sifa-test] [main] c.s.c.s.audits.AuditLogServiceImpl       : Auditoría guardada exitosamente | Usuario: admin@test.cl | Acción: PROCESAR_INFRACCION
2026-06-15T16:44:00.697-04:00  INFO 412490 --- [core-sifa-test] [main] c.s.c.s.audits.AuditLogServiceImpl       : Buscando auditoria con id: 1
2026-06-15T16:44:00.708-04:00  INFO 412490 --- [core-sifa-test] [main] t.c.s.AnnotationConfigContextLoaderUtils : Could not detect default configuration classes for test class [com.sifa.core_sifa.CoreSifaApplicationTests]: CoreSifaApplicationTests does not declare any static, non-private, non-final, nested classes annotated with @Configuration.
2026-06-15T16:44:00.730-04:00  INFO 412490 --- [core-sifa-test] [main] .b.t.c.SpringBootTestContextBootstrapper : Found @SpringBootConfiguration com.sifa.core_sifa.CoreSifaApplication for test class com.sifa.core_sifa.CoreSifaApplicationTests
2026-06-15T16:44:00.766-04:00  INFO 412490 --- [core-sifa-test] [main] t.c.s.AnnotationConfigContextLoaderUtils : Could not detect default configuration classes for test class [com.sifa.core_sifa.repository.IInfraccionRepositoryTest]: IInfraccionRepositoryTest does not declare any static, non-private, non-final, nested classes annotated with @Configuration.
2026-06-15T16:44:00.790-04:00  INFO 412490 --- [core-sifa-test] [main] .b.t.c.SpringBootTestContextBootstrapper : Found @SpringBootConfiguration com.sifa.core_sifa.CoreSifaApplication for test class com.sifa.core_sifa.repository.IInfraccionRepositoryTest
2026-06-15T16:44:01.783-04:00  INFO 412490 --- [core-sifa-test] [main] t.c.s.AnnotationConfigContextLoaderUtils : Could not detect default configuration classes for test class [com.sifa.core_sifa.repository.ICitacionRepositoryTest]: ICitacionRepositoryTest does not declare any static, non-private, non-final, nested classes annotated with @Configuration.
2026-06-15T16:44:01.787-04:00  INFO 412490 --- [core-sifa-test] [main] .b.t.c.SpringBootTestContextBootstrapper : Found @SpringBootConfiguration com.sifa.core_sifa.CoreSifaApplication for test class com.sifa.core_sifa.repository.ICitacionRepositoryTest
2026-06-15T16:44:02.571-04:00  INFO 412490 --- [core-sifa-test] [SpringApplicationShutdownHook] j.LocalContainerEntityManagerFactoryBean : Closing JPA EntityManagerFactory for persistence unit 'default'
2026-06-15T16:44:02.587-04:00  INFO 412490 --- [core-sifa-test] [SpringApplicationShutdownHook] com.zaxxer.hikari.HikariDataSource       : HikariPool-1 - Shutdown initiated...
2026-06-15T16:44:02.590-04:00  INFO 412490 --- [core-sifa-test] [SpringApplicationShutdownHook] com.zaxxer.hikari.HikariDataSource       : HikariPool-1 - Shutdown completed.
2026-06-15T16:45:17.261-04:00  INFO 414785 --- [core-sifa-test] [main] c.s.c.r.IAuditLogRepositoryTest          : Starting IAuditLogRepositoryTest using Java 21.0.11 with PID 414785 (started by andres-ortega in /home/andres-ortega/Escritorio/proyects/core-sifa)
2026-06-15T16:45:17.263-04:00  INFO 414785 --- [core-sifa-test] [main] c.s.c.r.IAuditLogRepositoryTest          : The following 2 profiles are active: "test", "dev"
2026-06-15T16:45:20.086-04:00  INFO 414785 --- [core-sifa-test] [main] .s.d.r.c.RepositoryConfigurationDelegate : Bootstrapping Spring Data JPA repositories in DEFAULT mode.
2026-06-15T16:45:20.397-04:00  INFO 414785 --- [core-sifa-test] [main] .s.d.r.c.RepositoryConfigurationDelegate : Finished Spring Data repository scanning in 276 ms. Found 10 JPA repository interfaces.
2026-06-15T16:45:24.149-04:00  INFO 414785 --- [core-sifa-test] [main] o.hibernate.jpa.internal.util.LogHelper  : HHH000204: Processing PersistenceUnitInfo [name: default]
2026-06-15T16:45:24.387-04:00  INFO 414785 --- [core-sifa-test] [main] org.hibernate.Version                    : HHH000412: Hibernate ORM core version 6.6.8.Final
2026-06-15T16:45:24.547-04:00  INFO 414785 --- [core-sifa-test] [main] o.h.c.internal.RegionFactoryInitiator    : HHH000026: Second-level cache disabled
2026-06-15T16:45:25.042-04:00  INFO 414785 --- [core-sifa-test] [main] o.s.o.j.p.SpringPersistenceUnitInfo      : No LoadTimeWeaver setup: ignoring JPA class transformer
2026-06-15T16:45:25.151-04:00  INFO 414785 --- [core-sifa-test] [main] com.zaxxer.hikari.HikariDataSource       : HikariPool-1 - Starting...
2026-06-15T16:45:26.012-04:00  INFO 414785 --- [core-sifa-test] [main] com.zaxxer.hikari.pool.HikariPool        : HikariPool-1 - Added connection conn0: url=jdbc:h2:mem:testdb user=SA
2026-06-15T16:45:26.016-04:00  INFO 414785 --- [core-sifa-test] [main] com.zaxxer.hikari.HikariDataSource       : HikariPool-1 - Start completed.
2026-06-15T16:45:26.085-04:00  WARN 414785 --- [core-sifa-test] [main] org.hibernate.orm.deprecation            : HHH90000025: H2Dialect does not need to be specified explicitly using 'hibernate.dialect' (remove the property setting and it will be selected by default)
2026-06-15T16:45:26.156-04:00  INFO 414785 --- [core-sifa-test] [main] org.hibernate.orm.connections.pooling    : HHH10001005: Database info:
	Database JDBC URL [Connecting through datasource 'HikariDataSource (HikariPool-1)']
	Database driver: undefined/unknown
	Database version: 2.3.232
	Autocommit mode: undefined/unknown
	Isolation level: undefined/unknown
	Minimum pool size: undefined/unknown
	Maximum pool size: undefined/unknown
2026-06-15T16:45:29.717-04:00  INFO 414785 --- [core-sifa-test] [main] o.h.e.t.j.p.i.JtaPlatformInitiator       : HHH000489: No JTA platform available (set 'hibernate.transaction.jta.platform' to enable JTA platform integration)
2026-06-15T16:45:29.919-04:00  INFO 414785 --- [core-sifa-test] [main] j.LocalContainerEntityManagerFactoryBean : Initialized JPA EntityManagerFactory for persistence unit 'default'
2026-06-15T16:45:30.624-04:00  INFO 414785 --- [core-sifa-test] [main] o.s.d.j.r.query.QueryEnhancerFactory     : Hibernate is in classpath; If applicable, HQL parser will be used.
2026-06-15T16:45:42.357-04:00  WARN 414785 --- [core-sifa-test] [main] JpaBaseConfiguration$JpaWebConfiguration : spring.jpa.open-in-view is enabled by default. Therefore, database queries may be performed during view rendering. Explicitly configure spring.jpa.open-in-view to disable this warning
2026-06-15T16:45:42.444-04:00  WARN 414785 --- [core-sifa-test] [main] .s.s.UserDetailsServiceAutoConfiguration : 

Using generated security password: cd2fe230-0a35-492d-b574-65cac2e6cd1a

This generated password is for development use only. Your security configuration must be updated before running your application in production.

2026-06-15T16:45:42.493-04:00  INFO 414785 --- [core-sifa-test] [main] r$InitializeUserDetailsManagerConfigurer : Global AuthenticationManager configured with UserDetailsService bean with name inMemoryUserDetailsManager
2026-06-15T16:45:44.855-04:00  INFO 414785 --- [core-sifa-test] [main] c.s.c.r.IAuditLogRepositoryTest          : Started IAuditLogRepositoryTest in 28.482 seconds (process running for 31.643)
2026-06-15T16:45:44.864-04:00  INFO 414785 --- [core-sifa-test] [main] c.s.c.config.DataInitializerConfig       : ========================================================
2026-06-15T16:45:44.865-04:00  INFO 414785 --- [core-sifa-test] [main] c.s.c.config.DataInitializerConfig       : Verificando e inicializando Dataset de prueba en MySQL...
2026-06-15T16:45:45.220-04:00  INFO 414785 --- [core-sifa-test] [main] c.s.c.config.DataInitializerConfig       : [+] Tipo de Infracción 'Mal Estacionado' registrado.
2026-06-15T16:45:45.297-04:00  INFO 414785 --- [core-sifa-test] [main] c.s.c.config.DataInitializerConfig       : [+] Propietario RUT 9330521-3 registrado exitosamente.
2026-06-15T16:45:45.353-04:00  INFO 414785 --- [core-sifa-test] [main] c.s.c.config.DataInitializerConfig       : [+] Vehículo patente TZPW11 (Subaru Outback) registrado y enlazado al RUT 9330521-3.
2026-06-15T16:45:45.353-04:00  INFO 414785 --- [core-sifa-test] [main] c.s.c.config.DataInitializerConfig       : Dataset inicial revisado y/o cargado correctamente.
2026-06-15T16:45:45.354-04:00  INFO 414785 --- [core-sifa-test] [main] c.s.c.config.DataInitializerConfig       : ========================================================
2026-06-15T16:45:45.935-04:00  INFO 414785 --- [core-sifa-test] [main] t.c.s.AnnotationConfigContextLoaderUtils : Could not detect default configuration classes for test class [com.sifa.core_sifa.repository.INotificationLogRepositoryTest]: INotificationLogRepositoryTest does not declare any static, non-private, non-final, nested classes annotated with @Configuration.
2026-06-15T16:45:45.941-04:00  INFO 414785 --- [core-sifa-test] [main] .b.t.c.SpringBootTestContextBootstrapper : Found @SpringBootConfiguration com.sifa.core_sifa.CoreSifaApplication for test class com.sifa.core_sifa.repository.INotificationLogRepositoryTest
2026-06-15T16:45:46.148-04:00  INFO 414785 --- [core-sifa-test] [main] t.c.s.AnnotationConfigContextLoaderUtils : Could not detect default configuration classes for test class [com.sifa.core_sifa.repository.IDeviceTokenRepositoryTest]: IDeviceTokenRepositoryTest does not declare any static, non-private, non-final, nested classes annotated with @Configuration.
2026-06-15T16:45:46.152-04:00  INFO 414785 --- [core-sifa-test] [main] .b.t.c.SpringBootTestContextBootstrapper : Found @SpringBootConfiguration com.sifa.core_sifa.CoreSifaApplication for test class com.sifa.core_sifa.repository.IDeviceTokenRepositoryTest
2026-06-15T16:45:46.527-04:00  INFO 414785 --- [core-sifa-test] [main] t.c.s.AnnotationConfigContextLoaderUtils : Could not detect default configuration classes for test class [com.sifa.core_sifa.repository.IPropietarioVehiculoRepositoryTest]: IPropietarioVehiculoRepositoryTest does not declare any static, non-private, non-final, nested classes annotated with @Configuration.
2026-06-15T16:45:46.530-04:00  INFO 414785 --- [core-sifa-test] [main] .b.t.c.SpringBootTestContextBootstrapper : Found @SpringBootConfiguration com.sifa.core_sifa.CoreSifaApplication for test class com.sifa.core_sifa.repository.IPropietarioVehiculoRepositoryTest
2026-06-15T16:45:46.635-04:00  INFO 414785 --- [core-sifa-test] [main] t.c.s.AnnotationConfigContextLoaderUtils : Could not detect default configuration classes for test class [com.sifa.core_sifa.repository.ITipoInfraccionRepositoryTest]: ITipoInfraccionRepositoryTest does not declare any static, non-private, non-final, nested classes annotated with @Configuration.
2026-06-15T16:45:46.638-04:00  INFO 414785 --- [core-sifa-test] [main] .b.t.c.SpringBootTestContextBootstrapper : Found @SpringBootConfiguration com.sifa.core_sifa.CoreSifaApplication for test class com.sifa.core_sifa.repository.ITipoInfraccionRepositoryTest
2026-06-15T16:45:46.734-04:00  INFO 414785 --- [core-sifa-test] [main] t.c.s.AnnotationConfigContextLoaderUtils : Could not detect default configuration classes for test class [com.sifa.core_sifa.repository.IFiscalizadorPresenciaRepositoryTest]: IFiscalizadorPresenciaRepositoryTest does not declare any static, non-private, non-final, nested classes annotated with @Configuration.
2026-06-15T16:45:46.737-04:00  INFO 414785 --- [core-sifa-test] [main] .b.t.c.SpringBootTestContextBootstrapper : Found @SpringBootConfiguration com.sifa.core_sifa.CoreSifaApplication for test class com.sifa.core_sifa.repository.IFiscalizadorPresenciaRepositoryTest
2026-06-15T16:45:46.911-04:00  INFO 414785 --- [core-sifa-test] [main] t.c.s.AnnotationConfigContextLoaderUtils : Could not detect default configuration classes for test class [com.sifa.core_sifa.repository.IVehiculoRepositoryTest]: IVehiculoRepositoryTest does not declare any static, non-private, non-final, nested classes annotated with @Configuration.
2026-06-15T16:45:46.915-04:00  INFO 414785 --- [core-sifa-test] [main] .b.t.c.SpringBootTestContextBootstrapper : Found @SpringBootConfiguration com.sifa.core_sifa.CoreSifaApplication for test class com.sifa.core_sifa.repository.IVehiculoRepositoryTest
2026-06-15T16:45:46.950-04:00  WARN 414785 --- [core-sifa-test] [main] o.h.engine.jdbc.spi.SqlExceptionHelper   : SQL Error: 23502, SQLState: 23502
2026-06-15T16:45:46.951-04:00 ERROR 414785 --- [core-sifa-test] [main] o.h.engine.jdbc.spi.SqlExceptionHelper   : La columna "COMUNA" no permite valores nulos (NULL)
NULL not allowed for column "COMUNA"; SQL statement:
insert into propietarios_vehiculo (apellidos,comuna,correo,direccion,edad,estado_civil,nombres,profesion,telefono,rut) values (?,?,?,?,?,?,?,?,?,?) [23502-232]
2026-06-15T16:45:46.995-04:00  WARN 414785 --- [core-sifa-test] [main] o.h.engine.jdbc.spi.SqlExceptionHelper   : SQL Error: 23502, SQLState: 23502
2026-06-15T16:45:46.995-04:00 ERROR 414785 --- [core-sifa-test] [main] o.h.engine.jdbc.spi.SqlExceptionHelper   : La columna "COMUNA" no permite valores nulos (NULL)
NULL not allowed for column "COMUNA"; SQL statement:
insert into propietarios_vehiculo (apellidos,comuna,correo,direccion,edad,estado_civil,nombres,profesion,telefono,rut) values (?,?,?,?,?,?,?,?,?,?) [23502-232]
2026-06-15T16:45:47.023-04:00  WARN 414785 --- [core-sifa-test] [main] o.h.engine.jdbc.spi.SqlExceptionHelper   : SQL Error: 23502, SQLState: 23502
2026-06-15T16:45:47.024-04:00 ERROR 414785 --- [core-sifa-test] [main] o.h.engine.jdbc.spi.SqlExceptionHelper   : La columna "COMUNA" no permite valores nulos (NULL)
NULL not allowed for column "COMUNA"; SQL statement:
insert into propietarios_vehiculo (apellidos,comuna,correo,direccion,edad,estado_civil,nombres,profesion,telefono,rut) values (?,?,?,?,?,?,?,?,?,?) [23502-232]
2026-06-15T16:45:47.051-04:00  WARN 414785 --- [core-sifa-test] [main] o.h.engine.jdbc.spi.SqlExceptionHelper   : SQL Error: 23502, SQLState: 23502
2026-06-15T16:45:47.051-04:00 ERROR 414785 --- [core-sifa-test] [main] o.h.engine.jdbc.spi.SqlExceptionHelper   : La columna "COMUNA" no permite valores nulos (NULL)
NULL not allowed for column "COMUNA"; SQL statement:
insert into propietarios_vehiculo (apellidos,comuna,correo,direccion,edad,estado_civil,nombres,profesion,telefono,rut) values (?,?,?,?,?,?,?,?,?,?) [23502-232]
2026-06-15T16:45:47.075-04:00  WARN 414785 --- [core-sifa-test] [main] o.h.engine.jdbc.spi.SqlExceptionHelper   : SQL Error: 23502, SQLState: 23502
2026-06-15T16:45:47.076-04:00 ERROR 414785 --- [core-sifa-test] [main] o.h.engine.jdbc.spi.SqlExceptionHelper   : La columna "COMUNA" no permite valores nulos (NULL)
NULL not allowed for column "COMUNA"; SQL statement:
insert into propietarios_vehiculo (apellidos,comuna,correo,direccion,edad,estado_civil,nombres,profesion,telefono,rut) values (?,?,?,?,?,?,?,?,?,?) [23502-232]
2026-06-15T16:45:47.095-04:00  WARN 414785 --- [core-sifa-test] [main] o.h.engine.jdbc.spi.SqlExceptionHelper   : SQL Error: 23502, SQLState: 23502
2026-06-15T16:45:47.095-04:00 ERROR 414785 --- [core-sifa-test] [main] o.h.engine.jdbc.spi.SqlExceptionHelper   : La columna "COMUNA" no permite valores nulos (NULL)
NULL not allowed for column "COMUNA"; SQL statement:
insert into propietarios_vehiculo (apellidos,comuna,correo,direccion,edad,estado_civil,nombres,profesion,telefono,rut) values (?,?,?,?,?,?,?,?,?,?) [23502-232]
2026-06-15T16:45:47.111-04:00  INFO 414785 --- [core-sifa-test] [main] t.c.s.AnnotationConfigContextLoaderUtils : Could not detect default configuration classes for test class [com.sifa.core_sifa.repository.IEvidenciaFotograficaRepositoryTest]: IEvidenciaFotograficaRepositoryTest does not declare any static, non-private, non-final, nested classes annotated with @Configuration.
2026-06-15T16:45:47.114-04:00  INFO 414785 --- [core-sifa-test] [main] .b.t.c.SpringBootTestContextBootstrapper : Found @SpringBootConfiguration com.sifa.core_sifa.CoreSifaApplication for test class com.sifa.core_sifa.repository.IEvidenciaFotograficaRepositoryTest
2026-06-15T16:45:47.165-04:00  WARN 414785 --- [core-sifa-test] [main] o.h.engine.jdbc.spi.SqlExceptionHelper   : SQL Error: 23502, SQLState: 23502
2026-06-15T16:45:47.165-04:00 ERROR 414785 --- [core-sifa-test] [main] o.h.engine.jdbc.spi.SqlExceptionHelper   : La columna "COMUNA" no permite valores nulos (NULL)
NULL not allowed for column "COMUNA"; SQL statement:
insert into propietarios_vehiculo (apellidos,comuna,correo,direccion,edad,estado_civil,nombres,profesion,telefono,rut) values (?,?,?,?,?,?,?,?,?,?) [23502-232]
2026-06-15T16:45:47.198-04:00  WARN 414785 --- [core-sifa-test] [main] o.h.engine.jdbc.spi.SqlExceptionHelper   : SQL Error: 23502, SQLState: 23502
2026-06-15T16:45:47.198-04:00 ERROR 414785 --- [core-sifa-test] [main] o.h.engine.jdbc.spi.SqlExceptionHelper   : La columna "COMUNA" no permite valores nulos (NULL)
NULL not allowed for column "COMUNA"; SQL statement:
insert into propietarios_vehiculo (apellidos,comuna,correo,direccion,edad,estado_civil,nombres,profesion,telefono,rut) values (?,?,?,?,?,?,?,?,?,?) [23502-232]
2026-06-15T16:45:47.224-04:00  WARN 414785 --- [core-sifa-test] [main] o.h.engine.jdbc.spi.SqlExceptionHelper   : SQL Error: 23502, SQLState: 23502
2026-06-15T16:45:47.224-04:00 ERROR 414785 --- [core-sifa-test] [main] o.h.engine.jdbc.spi.SqlExceptionHelper   : La columna "COMUNA" no permite valores nulos (NULL)
NULL not allowed for column "COMUNA"; SQL statement:
insert into propietarios_vehiculo (apellidos,comuna,correo,direccion,edad,estado_civil,nombres,profesion,telefono,rut) values (?,?,?,?,?,?,?,?,?,?) [23502-232]
2026-06-15T16:45:47.248-04:00  WARN 414785 --- [core-sifa-test] [main] o.h.engine.jdbc.spi.SqlExceptionHelper   : SQL Error: 23502, SQLState: 23502
2026-06-15T16:45:47.248-04:00 ERROR 414785 --- [core-sifa-test] [main] o.h.engine.jdbc.spi.SqlExceptionHelper   : La columna "COMUNA" no permite valores nulos (NULL)
NULL not allowed for column "COMUNA"; SQL statement:
insert into propietarios_vehiculo (apellidos,comuna,correo,direccion,edad,estado_civil,nombres,profesion,telefono,rut) values (?,?,?,?,?,?,?,?,?,?) [23502-232]
2026-06-15T16:45:47.669-04:00  INFO 414785 --- [core-sifa-test] [SpringApplicationShutdownHook] j.LocalContainerEntityManagerFactoryBean : Closing JPA EntityManagerFactory for persistence unit 'default'
2026-06-15T16:45:47.686-04:00  INFO 414785 --- [core-sifa-test] [SpringApplicationShutdownHook] com.zaxxer.hikari.HikariDataSource       : HikariPool-1 - Shutdown initiated...
2026-06-15T16:45:47.691-04:00  INFO 414785 --- [core-sifa-test] [SpringApplicationShutdownHook] com.zaxxer.hikari.HikariDataSource       : HikariPool-1 - Shutdown completed.
2026-06-15T16:46:18.774-04:00  INFO 416067 --- [core-sifa-test] [main] c.s.c.r.IAuditLogRepositoryTest          : Starting IAuditLogRepositoryTest using Java 21.0.11 with PID 416067 (started by andres-ortega in /home/andres-ortega/Escritorio/proyects/core-sifa)
2026-06-15T16:46:18.779-04:00  INFO 416067 --- [core-sifa-test] [main] c.s.c.r.IAuditLogRepositoryTest          : The following 2 profiles are active: "test", "dev"
2026-06-15T16:46:22.004-04:00  INFO 416067 --- [core-sifa-test] [main] .s.d.r.c.RepositoryConfigurationDelegate : Bootstrapping Spring Data JPA repositories in DEFAULT mode.
2026-06-15T16:46:22.225-04:00  INFO 416067 --- [core-sifa-test] [main] .s.d.r.c.RepositoryConfigurationDelegate : Finished Spring Data repository scanning in 196 ms. Found 10 JPA repository interfaces.
2026-06-15T16:46:27.889-04:00  INFO 416067 --- [core-sifa-test] [main] o.hibernate.jpa.internal.util.LogHelper  : HHH000204: Processing PersistenceUnitInfo [name: default]
2026-06-15T16:46:28.132-04:00  INFO 416067 --- [core-sifa-test] [main] org.hibernate.Version                    : HHH000412: Hibernate ORM core version 6.6.8.Final
2026-06-15T16:46:28.298-04:00  INFO 416067 --- [core-sifa-test] [main] o.h.c.internal.RegionFactoryInitiator    : HHH000026: Second-level cache disabled
2026-06-15T16:46:28.836-04:00  INFO 416067 --- [core-sifa-test] [main] o.s.o.j.p.SpringPersistenceUnitInfo      : No LoadTimeWeaver setup: ignoring JPA class transformer
2026-06-15T16:46:28.960-04:00  INFO 416067 --- [core-sifa-test] [main] com.zaxxer.hikari.HikariDataSource       : HikariPool-1 - Starting...
2026-06-15T16:46:30.132-04:00  INFO 416067 --- [core-sifa-test] [main] com.zaxxer.hikari.pool.HikariPool        : HikariPool-1 - Added connection conn0: url=jdbc:h2:mem:testdb user=SA
2026-06-15T16:46:30.139-04:00  INFO 416067 --- [core-sifa-test] [main] com.zaxxer.hikari.HikariDataSource       : HikariPool-1 - Start completed.
2026-06-15T16:46:30.247-04:00  WARN 416067 --- [core-sifa-test] [main] org.hibernate.orm.deprecation            : HHH90000025: H2Dialect does not need to be specified explicitly using 'hibernate.dialect' (remove the property setting and it will be selected by default)
2026-06-15T16:46:30.395-04:00  INFO 416067 --- [core-sifa-test] [main] org.hibernate.orm.connections.pooling    : HHH10001005: Database info:
	Database JDBC URL [Connecting through datasource 'HikariDataSource (HikariPool-1)']
	Database driver: undefined/unknown
	Database version: 2.3.232
	Autocommit mode: undefined/unknown
	Isolation level: undefined/unknown
	Minimum pool size: undefined/unknown
	Maximum pool size: undefined/unknown
2026-06-15T16:46:35.712-04:00  INFO 416067 --- [core-sifa-test] [main] o.h.e.t.j.p.i.JtaPlatformInitiator       : HHH000489: No JTA platform available (set 'hibernate.transaction.jta.platform' to enable JTA platform integration)
2026-06-15T16:46:36.014-04:00  INFO 416067 --- [core-sifa-test] [main] j.LocalContainerEntityManagerFactoryBean : Initialized JPA EntityManagerFactory for persistence unit 'default'
2026-06-15T16:46:37.069-04:00  INFO 416067 --- [core-sifa-test] [main] o.s.d.j.r.query.QueryEnhancerFactory     : Hibernate is in classpath; If applicable, HQL parser will be used.
2026-06-15T16:46:45.921-04:00  WARN 416067 --- [core-sifa-test] [main] JpaBaseConfiguration$JpaWebConfiguration : spring.jpa.open-in-view is enabled by default. Therefore, database queries may be performed during view rendering. Explicitly configure spring.jpa.open-in-view to disable this warning
2026-06-15T16:46:45.983-04:00  WARN 416067 --- [core-sifa-test] [main] .s.s.UserDetailsServiceAutoConfiguration : 

Using generated security password: 8ec5850b-d0fb-4272-adab-e12212d8a240

This generated password is for development use only. Your security configuration must be updated before running your application in production.

2026-06-15T16:46:46.025-04:00  INFO 416067 --- [core-sifa-test] [main] r$InitializeUserDetailsManagerConfigurer : Global AuthenticationManager configured with UserDetailsService bean with name inMemoryUserDetailsManager
2026-06-15T16:46:48.269-04:00  INFO 416067 --- [core-sifa-test] [main] c.s.c.r.IAuditLogRepositoryTest          : Started IAuditLogRepositoryTest in 30.585 seconds (process running for 33.72)
2026-06-15T16:46:48.278-04:00  INFO 416067 --- [core-sifa-test] [main] c.s.c.config.DataInitializerConfig       : ========================================================
2026-06-15T16:46:48.279-04:00  INFO 416067 --- [core-sifa-test] [main] c.s.c.config.DataInitializerConfig       : Verificando e inicializando Dataset de prueba en MySQL...
2026-06-15T16:46:48.634-04:00  INFO 416067 --- [core-sifa-test] [main] c.s.c.config.DataInitializerConfig       : [+] Tipo de Infracción 'Mal Estacionado' registrado.
2026-06-15T16:46:48.717-04:00  INFO 416067 --- [core-sifa-test] [main] c.s.c.config.DataInitializerConfig       : [+] Propietario RUT 9330521-3 registrado exitosamente.
2026-06-15T16:46:48.771-04:00  INFO 416067 --- [core-sifa-test] [main] c.s.c.config.DataInitializerConfig       : [+] Vehículo patente TZPW11 (Subaru Outback) registrado y enlazado al RUT 9330521-3.
2026-06-15T16:46:48.772-04:00  INFO 416067 --- [core-sifa-test] [main] c.s.c.config.DataInitializerConfig       : Dataset inicial revisado y/o cargado correctamente.
2026-06-15T16:46:48.772-04:00  INFO 416067 --- [core-sifa-test] [main] c.s.c.config.DataInitializerConfig       : ========================================================
2026-06-15T16:46:49.444-04:00  INFO 416067 --- [core-sifa-test] [main] t.c.s.AnnotationConfigContextLoaderUtils : Could not detect default configuration classes for test class [com.sifa.core_sifa.repository.INotificationLogRepositoryTest]: INotificationLogRepositoryTest does not declare any static, non-private, non-final, nested classes annotated with @Configuration.
2026-06-15T16:46:49.449-04:00  INFO 416067 --- [core-sifa-test] [main] .b.t.c.SpringBootTestContextBootstrapper : Found @SpringBootConfiguration com.sifa.core_sifa.CoreSifaApplication for test class com.sifa.core_sifa.repository.INotificationLogRepositoryTest
2026-06-15T16:46:49.684-04:00  INFO 416067 --- [core-sifa-test] [main] t.c.s.AnnotationConfigContextLoaderUtils : Could not detect default configuration classes for test class [com.sifa.core_sifa.repository.IDeviceTokenRepositoryTest]: IDeviceTokenRepositoryTest does not declare any static, non-private, non-final, nested classes annotated with @Configuration.
2026-06-15T16:46:49.688-04:00  INFO 416067 --- [core-sifa-test] [main] .b.t.c.SpringBootTestContextBootstrapper : Found @SpringBootConfiguration com.sifa.core_sifa.CoreSifaApplication for test class com.sifa.core_sifa.repository.IDeviceTokenRepositoryTest
2026-06-15T16:46:50.255-04:00  INFO 416067 --- [core-sifa-test] [main] t.c.s.AnnotationConfigContextLoaderUtils : Could not detect default configuration classes for test class [com.sifa.core_sifa.repository.IPropietarioVehiculoRepositoryTest]: IPropietarioVehiculoRepositoryTest does not declare any static, non-private, non-final, nested classes annotated with @Configuration.
2026-06-15T16:46:50.261-04:00  INFO 416067 --- [core-sifa-test] [main] .b.t.c.SpringBootTestContextBootstrapper : Found @SpringBootConfiguration com.sifa.core_sifa.CoreSifaApplication for test class com.sifa.core_sifa.repository.IPropietarioVehiculoRepositoryTest
2026-06-15T16:46:50.466-04:00  INFO 416067 --- [core-sifa-test] [main] t.c.s.AnnotationConfigContextLoaderUtils : Could not detect default configuration classes for test class [com.sifa.core_sifa.repository.ITipoInfraccionRepositoryTest]: ITipoInfraccionRepositoryTest does not declare any static, non-private, non-final, nested classes annotated with @Configuration.
2026-06-15T16:46:50.472-04:00  INFO 416067 --- [core-sifa-test] [main] .b.t.c.SpringBootTestContextBootstrapper : Found @SpringBootConfiguration com.sifa.core_sifa.CoreSifaApplication for test class com.sifa.core_sifa.repository.ITipoInfraccionRepositoryTest
2026-06-15T16:46:50.672-04:00  INFO 416067 --- [core-sifa-test] [main] t.c.s.AnnotationConfigContextLoaderUtils : Could not detect default configuration classes for test class [com.sifa.core_sifa.repository.IFiscalizadorPresenciaRepositoryTest]: IFiscalizadorPresenciaRepositoryTest does not declare any static, non-private, non-final, nested classes annotated with @Configuration.
2026-06-15T16:46:50.676-04:00  INFO 416067 --- [core-sifa-test] [main] .b.t.c.SpringBootTestContextBootstrapper : Found @SpringBootConfiguration com.sifa.core_sifa.CoreSifaApplication for test class com.sifa.core_sifa.repository.IFiscalizadorPresenciaRepositoryTest
2026-06-15T16:46:50.864-04:00  INFO 416067 --- [core-sifa-test] [main] t.c.s.AnnotationConfigContextLoaderUtils : Could not detect default configuration classes for test class [com.sifa.core_sifa.repository.IVehiculoRepositoryTest]: IVehiculoRepositoryTest does not declare any static, non-private, non-final, nested classes annotated with @Configuration.
2026-06-15T16:46:50.869-04:00  INFO 416067 --- [core-sifa-test] [main] .b.t.c.SpringBootTestContextBootstrapper : Found @SpringBootConfiguration com.sifa.core_sifa.CoreSifaApplication for test class com.sifa.core_sifa.repository.IVehiculoRepositoryTest
2026-06-15T16:46:51.158-04:00  INFO 416067 --- [core-sifa-test] [main] t.c.s.AnnotationConfigContextLoaderUtils : Could not detect default configuration classes for test class [com.sifa.core_sifa.repository.IEvidenciaFotograficaRepositoryTest]: IEvidenciaFotograficaRepositoryTest does not declare any static, non-private, non-final, nested classes annotated with @Configuration.
2026-06-15T16:46:51.161-04:00  INFO 416067 --- [core-sifa-test] [main] .b.t.c.SpringBootTestContextBootstrapper : Found @SpringBootConfiguration com.sifa.core_sifa.CoreSifaApplication for test class com.sifa.core_sifa.repository.IEvidenciaFotograficaRepositoryTest
2026-06-15T16:46:51.761-04:00  INFO 416067 --- [core-sifa-test] [SpringApplicationShutdownHook] j.LocalContainerEntityManagerFactoryBean : Closing JPA EntityManagerFactory for persistence unit 'default'
2026-06-15T16:46:51.777-04:00  INFO 416067 --- [core-sifa-test] [SpringApplicationShutdownHook] com.zaxxer.hikari.HikariDataSource       : HikariPool-1 - Shutdown initiated...
2026-06-15T16:46:51.781-04:00  INFO 416067 --- [core-sifa-test] [SpringApplicationShutdownHook] com.zaxxer.hikari.HikariDataSource       : HikariPool-1 - Shutdown completed.
2026-06-15T16:47:10.932-04:00  INFO 417193 --- [core-sifa-test] [main] c.s.c.r.IAuditLogRepositoryTest          : Starting IAuditLogRepositoryTest using Java 21.0.11 with PID 417193 (started by andres-ortega in /home/andres-ortega/Escritorio/proyects/core-sifa)
2026-06-15T16:47:10.937-04:00  INFO 417193 --- [core-sifa-test] [main] c.s.c.r.IAuditLogRepositoryTest          : The following 2 profiles are active: "test", "dev"
2026-06-15T16:47:14.720-04:00  INFO 417193 --- [core-sifa-test] [main] .s.d.r.c.RepositoryConfigurationDelegate : Bootstrapping Spring Data JPA repositories in DEFAULT mode.
2026-06-15T16:47:15.041-04:00  INFO 417193 --- [core-sifa-test] [main] .s.d.r.c.RepositoryConfigurationDelegate : Finished Spring Data repository scanning in 268 ms. Found 10 JPA repository interfaces.
2026-06-15T16:47:19.818-04:00  INFO 417193 --- [core-sifa-test] [main] o.hibernate.jpa.internal.util.LogHelper  : HHH000204: Processing PersistenceUnitInfo [name: default]
2026-06-15T16:47:20.179-04:00  INFO 417193 --- [core-sifa-test] [main] org.hibernate.Version                    : HHH000412: Hibernate ORM core version 6.6.8.Final
2026-06-15T16:47:20.371-04:00  INFO 417193 --- [core-sifa-test] [main] o.h.c.internal.RegionFactoryInitiator    : HHH000026: Second-level cache disabled
2026-06-15T16:47:21.190-04:00  INFO 417193 --- [core-sifa-test] [main] o.s.o.j.p.SpringPersistenceUnitInfo      : No LoadTimeWeaver setup: ignoring JPA class transformer
2026-06-15T16:47:21.315-04:00  INFO 417193 --- [core-sifa-test] [main] com.zaxxer.hikari.HikariDataSource       : HikariPool-1 - Starting...
2026-06-15T16:47:22.598-04:00  INFO 417193 --- [core-sifa-test] [main] com.zaxxer.hikari.pool.HikariPool        : HikariPool-1 - Added connection conn0: url=jdbc:h2:mem:testdb user=SA
2026-06-15T16:47:22.609-04:00  INFO 417193 --- [core-sifa-test] [main] com.zaxxer.hikari.HikariDataSource       : HikariPool-1 - Start completed.
2026-06-15T16:47:22.720-04:00  WARN 417193 --- [core-sifa-test] [main] org.hibernate.orm.deprecation            : HHH90000025: H2Dialect does not need to be specified explicitly using 'hibernate.dialect' (remove the property setting and it will be selected by default)
2026-06-15T16:47:22.850-04:00  INFO 417193 --- [core-sifa-test] [main] org.hibernate.orm.connections.pooling    : HHH10001005: Database info:
	Database JDBC URL [Connecting through datasource 'HikariDataSource (HikariPool-1)']
	Database driver: undefined/unknown
	Database version: 2.3.232
	Autocommit mode: undefined/unknown
	Isolation level: undefined/unknown
	Minimum pool size: undefined/unknown
	Maximum pool size: undefined/unknown
2026-06-15T16:47:28.089-04:00  INFO 417193 --- [core-sifa-test] [main] o.h.e.t.j.p.i.JtaPlatformInitiator       : HHH000489: No JTA platform available (set 'hibernate.transaction.jta.platform' to enable JTA platform integration)
2026-06-15T16:47:28.352-04:00  INFO 417193 --- [core-sifa-test] [main] j.LocalContainerEntityManagerFactoryBean : Initialized JPA EntityManagerFactory for persistence unit 'default'
2026-06-15T16:47:29.317-04:00  INFO 417193 --- [core-sifa-test] [main] o.s.d.j.r.query.QueryEnhancerFactory     : Hibernate is in classpath; If applicable, HQL parser will be used.
2026-06-15T16:47:37.609-04:00  WARN 417193 --- [core-sifa-test] [main] JpaBaseConfiguration$JpaWebConfiguration : spring.jpa.open-in-view is enabled by default. Therefore, database queries may be performed during view rendering. Explicitly configure spring.jpa.open-in-view to disable this warning
2026-06-15T16:47:37.672-04:00  WARN 417193 --- [core-sifa-test] [main] .s.s.UserDetailsServiceAutoConfiguration : 

Using generated security password: 5c961ef3-6862-470e-aaa2-b6c96ef0384b

This generated password is for development use only. Your security configuration must be updated before running your application in production.

2026-06-15T16:47:37.729-04:00  INFO 417193 --- [core-sifa-test] [main] r$InitializeUserDetailsManagerConfigurer : Global AuthenticationManager configured with UserDetailsService bean with name inMemoryUserDetailsManager
2026-06-15T16:47:40.016-04:00  INFO 417193 --- [core-sifa-test] [main] c.s.c.r.IAuditLogRepositoryTest          : Started IAuditLogRepositoryTest in 30.48 seconds (process running for 35.662)
2026-06-15T16:47:40.022-04:00  INFO 417193 --- [core-sifa-test] [main] c.s.c.config.DataInitializerConfig       : ========================================================
2026-06-15T16:47:40.022-04:00  INFO 417193 --- [core-sifa-test] [main] c.s.c.config.DataInitializerConfig       : Verificando e inicializando Dataset de prueba en MySQL...
2026-06-15T16:47:40.360-04:00  INFO 417193 --- [core-sifa-test] [main] c.s.c.config.DataInitializerConfig       : [+] Tipo de Infracción 'Mal Estacionado' registrado.
2026-06-15T16:47:40.446-04:00  INFO 417193 --- [core-sifa-test] [main] c.s.c.config.DataInitializerConfig       : [+] Propietario RUT 9330521-3 registrado exitosamente.
2026-06-15T16:47:40.516-04:00  INFO 417193 --- [core-sifa-test] [main] c.s.c.config.DataInitializerConfig       : [+] Vehículo patente TZPW11 (Subaru Outback) registrado y enlazado al RUT 9330521-3.
2026-06-15T16:47:40.517-04:00  INFO 417193 --- [core-sifa-test] [main] c.s.c.config.DataInitializerConfig       : Dataset inicial revisado y/o cargado correctamente.
2026-06-15T16:47:40.517-04:00  INFO 417193 --- [core-sifa-test] [main] c.s.c.config.DataInitializerConfig       : ========================================================
2026-06-15T16:47:41.143-04:00  INFO 417193 --- [core-sifa-test] [main] t.c.s.AnnotationConfigContextLoaderUtils : Could not detect default configuration classes for test class [com.sifa.core_sifa.repository.INotificationLogRepositoryTest]: INotificationLogRepositoryTest does not declare any static, non-private, non-final, nested classes annotated with @Configuration.
2026-06-15T16:47:41.149-04:00  INFO 417193 --- [core-sifa-test] [main] .b.t.c.SpringBootTestContextBootstrapper : Found @SpringBootConfiguration com.sifa.core_sifa.CoreSifaApplication for test class com.sifa.core_sifa.repository.INotificationLogRepositoryTest
2026-06-15T16:47:41.428-04:00  INFO 417193 --- [core-sifa-test] [main] t.c.s.AnnotationConfigContextLoaderUtils : Could not detect default configuration classes for test class [com.sifa.core_sifa.repository.IDeviceTokenRepositoryTest]: IDeviceTokenRepositoryTest does not declare any static, non-private, non-final, nested classes annotated with @Configuration.
2026-06-15T16:47:41.431-04:00  INFO 417193 --- [core-sifa-test] [main] .b.t.c.SpringBootTestContextBootstrapper : Found @SpringBootConfiguration com.sifa.core_sifa.CoreSifaApplication for test class com.sifa.core_sifa.repository.IDeviceTokenRepositoryTest
2026-06-15T16:47:41.912-04:00  INFO 417193 --- [core-sifa-test] [main] t.c.s.AnnotationConfigContextLoaderUtils : Could not detect default configuration classes for test class [com.sifa.core_sifa.repository.IPropietarioVehiculoRepositoryTest]: IPropietarioVehiculoRepositoryTest does not declare any static, non-private, non-final, nested classes annotated with @Configuration.
2026-06-15T16:47:41.915-04:00  INFO 417193 --- [core-sifa-test] [main] .b.t.c.SpringBootTestContextBootstrapper : Found @SpringBootConfiguration com.sifa.core_sifa.CoreSifaApplication for test class com.sifa.core_sifa.repository.IPropietarioVehiculoRepositoryTest
2026-06-15T16:47:42.060-04:00  INFO 417193 --- [core-sifa-test] [main] t.c.s.AnnotationConfigContextLoaderUtils : Could not detect default configuration classes for test class [com.sifa.core_sifa.repository.ITipoInfraccionRepositoryTest]: ITipoInfraccionRepositoryTest does not declare any static, non-private, non-final, nested classes annotated with @Configuration.
2026-06-15T16:47:42.063-04:00  INFO 417193 --- [core-sifa-test] [main] .b.t.c.SpringBootTestContextBootstrapper : Found @SpringBootConfiguration com.sifa.core_sifa.CoreSifaApplication for test class com.sifa.core_sifa.repository.ITipoInfraccionRepositoryTest
2026-06-15T16:47:42.199-04:00  INFO 417193 --- [core-sifa-test] [main] t.c.s.AnnotationConfigContextLoaderUtils : Could not detect default configuration classes for test class [com.sifa.core_sifa.repository.IFiscalizadorPresenciaRepositoryTest]: IFiscalizadorPresenciaRepositoryTest does not declare any static, non-private, non-final, nested classes annotated with @Configuration.
2026-06-15T16:47:42.202-04:00  INFO 417193 --- [core-sifa-test] [main] .b.t.c.SpringBootTestContextBootstrapper : Found @SpringBootConfiguration com.sifa.core_sifa.CoreSifaApplication for test class com.sifa.core_sifa.repository.IFiscalizadorPresenciaRepositoryTest
2026-06-15T16:47:42.373-04:00  INFO 417193 --- [core-sifa-test] [main] t.c.s.AnnotationConfigContextLoaderUtils : Could not detect default configuration classes for test class [com.sifa.core_sifa.repository.IVehiculoRepositoryTest]: IVehiculoRepositoryTest does not declare any static, non-private, non-final, nested classes annotated with @Configuration.
2026-06-15T16:47:42.376-04:00  INFO 417193 --- [core-sifa-test] [main] .b.t.c.SpringBootTestContextBootstrapper : Found @SpringBootConfiguration com.sifa.core_sifa.CoreSifaApplication for test class com.sifa.core_sifa.repository.IVehiculoRepositoryTest
2026-06-15T16:47:42.589-04:00  INFO 417193 --- [core-sifa-test] [main] t.c.s.AnnotationConfigContextLoaderUtils : Could not detect default configuration classes for test class [com.sifa.core_sifa.repository.IEvidenciaFotograficaRepositoryTest]: IEvidenciaFotograficaRepositoryTest does not declare any static, non-private, non-final, nested classes annotated with @Configuration.
2026-06-15T16:47:42.595-04:00  INFO 417193 --- [core-sifa-test] [main] .b.t.c.SpringBootTestContextBootstrapper : Found @SpringBootConfiguration com.sifa.core_sifa.CoreSifaApplication for test class com.sifa.core_sifa.repository.IEvidenciaFotograficaRepositoryTest
2026-06-15T16:47:43.206-04:00  INFO 417193 --- [core-sifa-test] [SpringApplicationShutdownHook] j.LocalContainerEntityManagerFactoryBean : Closing JPA EntityManagerFactory for persistence unit 'default'
2026-06-15T16:47:43.228-04:00  INFO 417193 --- [core-sifa-test] [SpringApplicationShutdownHook] com.zaxxer.hikari.HikariDataSource       : HikariPool-1 - Shutdown initiated...
2026-06-15T16:47:43.235-04:00  INFO 417193 --- [core-sifa-test] [SpringApplicationShutdownHook] com.zaxxer.hikari.HikariDataSource       : HikariPool-1 - Shutdown completed.
2026-06-15T16:48:02.243-04:00  INFO 418269 --- [core-sifa-test] [main] c.s.c.r.IVehiculoRepositoryTest          : Starting IVehiculoRepositoryTest using Java 21.0.11 with PID 418269 (started by andres-ortega in /home/andres-ortega/Escritorio/proyects/core-sifa)
2026-06-15T16:48:02.246-04:00  INFO 418269 --- [core-sifa-test] [main] c.s.c.r.IVehiculoRepositoryTest          : The following 2 profiles are active: "test", "dev"
2026-06-15T16:48:06.058-04:00  INFO 418269 --- [core-sifa-test] [main] .s.d.r.c.RepositoryConfigurationDelegate : Bootstrapping Spring Data JPA repositories in DEFAULT mode.
2026-06-15T16:48:06.381-04:00  INFO 418269 --- [core-sifa-test] [main] .s.d.r.c.RepositoryConfigurationDelegate : Finished Spring Data repository scanning in 277 ms. Found 10 JPA repository interfaces.
2026-06-15T16:48:11.139-04:00  INFO 418269 --- [core-sifa-test] [main] o.hibernate.jpa.internal.util.LogHelper  : HHH000204: Processing PersistenceUnitInfo [name: default]
2026-06-15T16:48:11.391-04:00  INFO 418269 --- [core-sifa-test] [main] org.hibernate.Version                    : HHH000412: Hibernate ORM core version 6.6.8.Final
2026-06-15T16:48:11.542-04:00  INFO 418269 --- [core-sifa-test] [main] o.h.c.internal.RegionFactoryInitiator    : HHH000026: Second-level cache disabled
2026-06-15T16:48:12.133-04:00  INFO 418269 --- [core-sifa-test] [main] o.s.o.j.p.SpringPersistenceUnitInfo      : No LoadTimeWeaver setup: ignoring JPA class transformer
2026-06-15T16:48:12.266-04:00  INFO 418269 --- [core-sifa-test] [main] com.zaxxer.hikari.HikariDataSource       : HikariPool-1 - Starting...
2026-06-15T16:48:13.383-04:00  INFO 418269 --- [core-sifa-test] [main] com.zaxxer.hikari.pool.HikariPool        : HikariPool-1 - Added connection conn0: url=jdbc:h2:mem:testdb user=SA
2026-06-15T16:48:13.394-04:00  INFO 418269 --- [core-sifa-test] [main] com.zaxxer.hikari.HikariDataSource       : HikariPool-1 - Start completed.
2026-06-15T16:48:13.482-04:00  WARN 418269 --- [core-sifa-test] [main] org.hibernate.orm.deprecation            : HHH90000025: H2Dialect does not need to be specified explicitly using 'hibernate.dialect' (remove the property setting and it will be selected by default)
2026-06-15T16:48:13.560-04:00  INFO 418269 --- [core-sifa-test] [main] org.hibernate.orm.connections.pooling    : HHH10001005: Database info:
	Database JDBC URL [Connecting through datasource 'HikariDataSource (HikariPool-1)']
	Database driver: undefined/unknown
	Database version: 2.3.232
	Autocommit mode: undefined/unknown
	Isolation level: undefined/unknown
	Minimum pool size: undefined/unknown
	Maximum pool size: undefined/unknown
2026-06-15T16:48:17.835-04:00  INFO 418269 --- [core-sifa-test] [main] o.h.e.t.j.p.i.JtaPlatformInitiator       : HHH000489: No JTA platform available (set 'hibernate.transaction.jta.platform' to enable JTA platform integration)
2026-06-15T16:48:18.018-04:00  INFO 418269 --- [core-sifa-test] [main] j.LocalContainerEntityManagerFactoryBean : Initialized JPA EntityManagerFactory for persistence unit 'default'
2026-06-15T16:48:18.931-04:00  INFO 418269 --- [core-sifa-test] [main] o.s.d.j.r.query.QueryEnhancerFactory     : Hibernate is in classpath; If applicable, HQL parser will be used.
2026-06-15T16:48:26.335-04:00  WARN 418269 --- [core-sifa-test] [main] JpaBaseConfiguration$JpaWebConfiguration : spring.jpa.open-in-view is enabled by default. Therefore, database queries may be performed during view rendering. Explicitly configure spring.jpa.open-in-view to disable this warning
2026-06-15T16:48:26.395-04:00  WARN 418269 --- [core-sifa-test] [main] .s.s.UserDetailsServiceAutoConfiguration : 

Using generated security password: cf0e8605-a037-418b-ba1f-ec5b03d677c5

This generated password is for development use only. Your security configuration must be updated before running your application in production.

2026-06-15T16:48:26.441-04:00  INFO 418269 --- [core-sifa-test] [main] r$InitializeUserDetailsManagerConfigurer : Global AuthenticationManager configured with UserDetailsService bean with name inMemoryUserDetailsManager
2026-06-15T16:48:29.112-04:00  INFO 418269 --- [core-sifa-test] [main] c.s.c.r.IVehiculoRepositoryTest          : Started IVehiculoRepositoryTest in 28.083 seconds (process running for 32.031)
2026-06-15T16:48:29.135-04:00  INFO 418269 --- [core-sifa-test] [main] c.s.c.config.DataInitializerConfig       : ========================================================
2026-06-15T16:48:29.136-04:00  INFO 418269 --- [core-sifa-test] [main] c.s.c.config.DataInitializerConfig       : Verificando e inicializando Dataset de prueba en MySQL...
2026-06-15T16:48:29.593-04:00  INFO 418269 --- [core-sifa-test] [main] c.s.c.config.DataInitializerConfig       : [+] Tipo de Infracción 'Mal Estacionado' registrado.
2026-06-15T16:48:29.681-04:00  INFO 418269 --- [core-sifa-test] [main] c.s.c.config.DataInitializerConfig       : [+] Propietario RUT 9330521-3 registrado exitosamente.
2026-06-15T16:48:29.748-04:00  INFO 418269 --- [core-sifa-test] [main] c.s.c.config.DataInitializerConfig       : [+] Vehículo patente TZPW11 (Subaru Outback) registrado y enlazado al RUT 9330521-3.
2026-06-15T16:48:29.749-04:00  INFO 418269 --- [core-sifa-test] [main] c.s.c.config.DataInitializerConfig       : Dataset inicial revisado y/o cargado correctamente.
2026-06-15T16:48:29.749-04:00  INFO 418269 --- [core-sifa-test] [main] c.s.c.config.DataInitializerConfig       : ========================================================
2026-06-15T16:48:30.957-04:00  INFO 418269 --- [core-sifa-test] [SpringApplicationShutdownHook] j.LocalContainerEntityManagerFactoryBean : Closing JPA EntityManagerFactory for persistence unit 'default'
2026-06-15T16:48:31.037-04:00  INFO 418269 --- [core-sifa-test] [SpringApplicationShutdownHook] com.zaxxer.hikari.HikariDataSource       : HikariPool-1 - Shutdown initiated...
2026-06-15T16:48:31.059-04:00  INFO 418269 --- [core-sifa-test] [SpringApplicationShutdownHook] com.zaxxer.hikari.HikariDataSource       : HikariPool-1 - Shutdown completed.
2026-06-15T16:49:04.092-04:00  INFO 419493 --- [core-sifa-test] [main] c.s.c.r.INotificationLogRepositoryTest   : Starting INotificationLogRepositoryTest using Java 21.0.11 with PID 419493 (started by andres-ortega in /home/andres-ortega/Escritorio/proyects/core-sifa)
2026-06-15T16:49:04.098-04:00  INFO 419493 --- [core-sifa-test] [main] c.s.c.r.INotificationLogRepositoryTest   : The following 2 profiles are active: "test", "dev"
2026-06-15T16:49:08.098-04:00  INFO 419493 --- [core-sifa-test] [main] .s.d.r.c.RepositoryConfigurationDelegate : Bootstrapping Spring Data JPA repositories in DEFAULT mode.
2026-06-15T16:49:08.362-04:00  INFO 419493 --- [core-sifa-test] [main] .s.d.r.c.RepositoryConfigurationDelegate : Finished Spring Data repository scanning in 232 ms. Found 10 JPA repository interfaces.
2026-06-15T16:49:13.630-04:00  INFO 419493 --- [core-sifa-test] [main] o.hibernate.jpa.internal.util.LogHelper  : HHH000204: Processing PersistenceUnitInfo [name: default]
2026-06-15T16:49:13.851-04:00  INFO 419493 --- [core-sifa-test] [main] org.hibernate.Version                    : HHH000412: Hibernate ORM core version 6.6.8.Final
2026-06-15T16:49:14.017-04:00  INFO 419493 --- [core-sifa-test] [main] o.h.c.internal.RegionFactoryInitiator    : HHH000026: Second-level cache disabled
2026-06-15T16:49:14.708-04:00  INFO 419493 --- [core-sifa-test] [main] o.s.o.j.p.SpringPersistenceUnitInfo      : No LoadTimeWeaver setup: ignoring JPA class transformer
2026-06-15T16:49:14.866-04:00  INFO 419493 --- [core-sifa-test] [main] com.zaxxer.hikari.HikariDataSource       : HikariPool-1 - Starting...
2026-06-15T16:49:16.099-04:00  INFO 419493 --- [core-sifa-test] [main] com.zaxxer.hikari.pool.HikariPool        : HikariPool-1 - Added connection conn0: url=jdbc:h2:mem:testdb user=SA
2026-06-15T16:49:16.106-04:00  INFO 419493 --- [core-sifa-test] [main] com.zaxxer.hikari.HikariDataSource       : HikariPool-1 - Start completed.
2026-06-15T16:49:16.231-04:00  WARN 419493 --- [core-sifa-test] [main] org.hibernate.orm.deprecation            : HHH90000025: H2Dialect does not need to be specified explicitly using 'hibernate.dialect' (remove the property setting and it will be selected by default)
2026-06-15T16:49:16.358-04:00  INFO 419493 --- [core-sifa-test] [main] org.hibernate.orm.connections.pooling    : HHH10001005: Database info:
	Database JDBC URL [Connecting through datasource 'HikariDataSource (HikariPool-1)']
	Database driver: undefined/unknown
	Database version: 2.3.232
	Autocommit mode: undefined/unknown
	Isolation level: undefined/unknown
	Minimum pool size: undefined/unknown
	Maximum pool size: undefined/unknown
2026-06-15T16:49:21.297-04:00  INFO 419493 --- [core-sifa-test] [main] o.h.e.t.j.p.i.JtaPlatformInitiator       : HHH000489: No JTA platform available (set 'hibernate.transaction.jta.platform' to enable JTA platform integration)
2026-06-15T16:49:21.594-04:00  INFO 419493 --- [core-sifa-test] [main] j.LocalContainerEntityManagerFactoryBean : Initialized JPA EntityManagerFactory for persistence unit 'default'
2026-06-15T16:49:22.617-04:00  INFO 419493 --- [core-sifa-test] [main] o.s.d.j.r.query.QueryEnhancerFactory     : Hibernate is in classpath; If applicable, HQL parser will be used.
2026-06-15T16:49:31.445-04:00  WARN 419493 --- [core-sifa-test] [main] JpaBaseConfiguration$JpaWebConfiguration : spring.jpa.open-in-view is enabled by default. Therefore, database queries may be performed during view rendering. Explicitly configure spring.jpa.open-in-view to disable this warning
2026-06-15T16:49:31.500-04:00  WARN 419493 --- [core-sifa-test] [main] .s.s.UserDetailsServiceAutoConfiguration : 

Using generated security password: 8e63dc20-b75b-43c9-a1da-0a095700826e

This generated password is for development use only. Your security configuration must be updated before running your application in production.

2026-06-15T16:49:31.539-04:00  INFO 419493 --- [core-sifa-test] [main] r$InitializeUserDetailsManagerConfigurer : Global AuthenticationManager configured with UserDetailsService bean with name inMemoryUserDetailsManager
2026-06-15T16:49:33.554-04:00  INFO 419493 --- [core-sifa-test] [main] c.s.c.r.INotificationLogRepositoryTest   : Started INotificationLogRepositoryTest in 30.843 seconds (process running for 35.077)
2026-06-15T16:49:33.560-04:00  INFO 419493 --- [core-sifa-test] [main] c.s.c.config.DataInitializerConfig       : ========================================================
2026-06-15T16:49:33.560-04:00  INFO 419493 --- [core-sifa-test] [main] c.s.c.config.DataInitializerConfig       : Verificando e inicializando Dataset de prueba en MySQL...
2026-06-15T16:49:33.879-04:00  INFO 419493 --- [core-sifa-test] [main] c.s.c.config.DataInitializerConfig       : [+] Tipo de Infracción 'Mal Estacionado' registrado.
2026-06-15T16:49:33.956-04:00  INFO 419493 --- [core-sifa-test] [main] c.s.c.config.DataInitializerConfig       : [+] Propietario RUT 9330521-3 registrado exitosamente.
2026-06-15T16:49:34.017-04:00  INFO 419493 --- [core-sifa-test] [main] c.s.c.config.DataInitializerConfig       : [+] Vehículo patente TZPW11 (Subaru Outback) registrado y enlazado al RUT 9330521-3.
2026-06-15T16:49:34.017-04:00  INFO 419493 --- [core-sifa-test] [main] c.s.c.config.DataInitializerConfig       : Dataset inicial revisado y/o cargado correctamente.
2026-06-15T16:49:34.018-04:00  INFO 419493 --- [core-sifa-test] [main] c.s.c.config.DataInitializerConfig       : ========================================================
2026-06-15T16:49:34.611-04:00  INFO 419493 --- [core-sifa-test] [main] t.c.s.AnnotationConfigContextLoaderUtils : Could not detect default configuration classes for test class [com.sifa.core_sifa.repository.IDeviceTokenRepositoryTest]: IDeviceTokenRepositoryTest does not declare any static, non-private, non-final, nested classes annotated with @Configuration.
2026-06-15T16:49:34.616-04:00  INFO 419493 --- [core-sifa-test] [main] .b.t.c.SpringBootTestContextBootstrapper : Found @SpringBootConfiguration com.sifa.core_sifa.CoreSifaApplication for test class com.sifa.core_sifa.repository.IDeviceTokenRepositoryTest
2026-06-15T16:49:35.492-04:00  INFO 419493 --- [core-sifa-test] [SpringApplicationShutdownHook] j.LocalContainerEntityManagerFactoryBean : Closing JPA EntityManagerFactory for persistence unit 'default'
2026-06-15T16:49:35.519-04:00  INFO 419493 --- [core-sifa-test] [SpringApplicationShutdownHook] com.zaxxer.hikari.HikariDataSource       : HikariPool-1 - Shutdown initiated...
2026-06-15T16:49:35.524-04:00  INFO 419493 --- [core-sifa-test] [SpringApplicationShutdownHook] com.zaxxer.hikari.HikariDataSource       : HikariPool-1 - Shutdown completed.
2026-06-15T16:50:26.448-04:00  INFO 421085 --- [core-sifa-test] [main] c.s.c.r.INotificationLogRepositoryTest   : Starting INotificationLogRepositoryTest using Java 21.0.11 with PID 421085 (started by andres-ortega in /home/andres-ortega/Escritorio/proyects/core-sifa)
2026-06-15T16:50:26.451-04:00  INFO 421085 --- [core-sifa-test] [main] c.s.c.r.INotificationLogRepositoryTest   : The following 2 profiles are active: "test", "dev"
2026-06-15T16:50:29.908-04:00  INFO 421085 --- [core-sifa-test] [main] .s.d.r.c.RepositoryConfigurationDelegate : Bootstrapping Spring Data JPA repositories in DEFAULT mode.
2026-06-15T16:50:30.192-04:00  INFO 421085 --- [core-sifa-test] [main] .s.d.r.c.RepositoryConfigurationDelegate : Finished Spring Data repository scanning in 244 ms. Found 10 JPA repository interfaces.
2026-06-15T16:50:35.363-04:00  INFO 421085 --- [core-sifa-test] [main] o.hibernate.jpa.internal.util.LogHelper  : HHH000204: Processing PersistenceUnitInfo [name: default]
2026-06-15T16:50:35.691-04:00  INFO 421085 --- [core-sifa-test] [main] org.hibernate.Version                    : HHH000412: Hibernate ORM core version 6.6.8.Final
2026-06-15T16:50:35.935-04:00  INFO 421085 --- [core-sifa-test] [main] o.h.c.internal.RegionFactoryInitiator    : HHH000026: Second-level cache disabled
2026-06-15T16:50:36.697-04:00  INFO 421085 --- [core-sifa-test] [main] o.s.o.j.p.SpringPersistenceUnitInfo      : No LoadTimeWeaver setup: ignoring JPA class transformer
2026-06-15T16:50:36.944-04:00  INFO 421085 --- [core-sifa-test] [main] com.zaxxer.hikari.HikariDataSource       : HikariPool-1 - Starting...
2026-06-15T16:50:38.318-04:00  INFO 421085 --- [core-sifa-test] [main] com.zaxxer.hikari.pool.HikariPool        : HikariPool-1 - Added connection conn0: url=jdbc:h2:mem:testdb user=SA
2026-06-15T16:50:38.327-04:00  INFO 421085 --- [core-sifa-test] [main] com.zaxxer.hikari.HikariDataSource       : HikariPool-1 - Start completed.
2026-06-15T16:50:38.461-04:00  WARN 421085 --- [core-sifa-test] [main] org.hibernate.orm.deprecation            : HHH90000025: H2Dialect does not need to be specified explicitly using 'hibernate.dialect' (remove the property setting and it will be selected by default)
2026-06-15T16:50:38.593-04:00  INFO 421085 --- [core-sifa-test] [main] org.hibernate.orm.connections.pooling    : HHH10001005: Database info:
	Database JDBC URL [Connecting through datasource 'HikariDataSource (HikariPool-1)']
	Database driver: undefined/unknown
	Database version: 2.3.232
	Autocommit mode: undefined/unknown
	Isolation level: undefined/unknown
	Minimum pool size: undefined/unknown
	Maximum pool size: undefined/unknown
2026-06-15T16:50:43.544-04:00  INFO 421085 --- [core-sifa-test] [main] o.h.e.t.j.p.i.JtaPlatformInitiator       : HHH000489: No JTA platform available (set 'hibernate.transaction.jta.platform' to enable JTA platform integration)
2026-06-15T16:50:43.695-04:00  INFO 421085 --- [core-sifa-test] [main] j.LocalContainerEntityManagerFactoryBean : Initialized JPA EntityManagerFactory for persistence unit 'default'
2026-06-15T16:50:44.622-04:00  INFO 421085 --- [core-sifa-test] [main] o.s.d.j.r.query.QueryEnhancerFactory     : Hibernate is in classpath; If applicable, HQL parser will be used.
2026-06-15T16:50:52.731-04:00  WARN 421085 --- [core-sifa-test] [main] JpaBaseConfiguration$JpaWebConfiguration : spring.jpa.open-in-view is enabled by default. Therefore, database queries may be performed during view rendering. Explicitly configure spring.jpa.open-in-view to disable this warning
2026-06-15T16:50:52.801-04:00  WARN 421085 --- [core-sifa-test] [main] .s.s.UserDetailsServiceAutoConfiguration : 

Using generated security password: 1d753448-a60d-429c-904f-10689d2a0077

This generated password is for development use only. Your security configuration must be updated before running your application in production.

2026-06-15T16:50:52.846-04:00  INFO 421085 --- [core-sifa-test] [main] r$InitializeUserDetailsManagerConfigurer : Global AuthenticationManager configured with UserDetailsService bean with name inMemoryUserDetailsManager
2026-06-15T16:50:55.197-04:00  INFO 421085 --- [core-sifa-test] [main] c.s.c.r.INotificationLogRepositoryTest   : Started INotificationLogRepositoryTest in 30.067 seconds (process running for 34.812)
2026-06-15T16:50:55.205-04:00  INFO 421085 --- [core-sifa-test] [main] c.s.c.config.DataInitializerConfig       : ========================================================
2026-06-15T16:50:55.206-04:00  INFO 421085 --- [core-sifa-test] [main] c.s.c.config.DataInitializerConfig       : Verificando e inicializando Dataset de prueba en MySQL...
2026-06-15T16:50:55.522-04:00  INFO 421085 --- [core-sifa-test] [main] c.s.c.config.DataInitializerConfig       : [+] Tipo de Infracción 'Mal Estacionado' registrado.
2026-06-15T16:50:55.594-04:00  INFO 421085 --- [core-sifa-test] [main] c.s.c.config.DataInitializerConfig       : [+] Propietario RUT 9330521-3 registrado exitosamente.
2026-06-15T16:50:55.672-04:00  INFO 421085 --- [core-sifa-test] [main] c.s.c.config.DataInitializerConfig       : [+] Vehículo patente TZPW11 (Subaru Outback) registrado y enlazado al RUT 9330521-3.
2026-06-15T16:50:55.674-04:00  INFO 421085 --- [core-sifa-test] [main] c.s.c.config.DataInitializerConfig       : Dataset inicial revisado y/o cargado correctamente.
2026-06-15T16:50:55.676-04:00  INFO 421085 --- [core-sifa-test] [main] c.s.c.config.DataInitializerConfig       : ========================================================
2026-06-15T16:50:56.220-04:00  INFO 421085 --- [core-sifa-test] [main] t.c.s.AnnotationConfigContextLoaderUtils : Could not detect default configuration classes for test class [com.sifa.core_sifa.repository.IDeviceTokenRepositoryTest]: IDeviceTokenRepositoryTest does not declare any static, non-private, non-final, nested classes annotated with @Configuration.
2026-06-15T16:50:56.226-04:00  INFO 421085 --- [core-sifa-test] [main] .b.t.c.SpringBootTestContextBootstrapper : Found @SpringBootConfiguration com.sifa.core_sifa.CoreSifaApplication for test class com.sifa.core_sifa.repository.IDeviceTokenRepositoryTest
2026-06-15T16:50:56.768-04:00  INFO 421085 --- [core-sifa-test] [main] t.c.s.AnnotationConfigContextLoaderUtils : Could not detect default configuration classes for test class [com.sifa.core_sifa.repository.IVehiculoRepositoryTest]: IVehiculoRepositoryTest does not declare any static, non-private, non-final, nested classes annotated with @Configuration.
2026-06-15T16:50:56.777-04:00  INFO 421085 --- [core-sifa-test] [main] .b.t.c.SpringBootTestContextBootstrapper : Found @SpringBootConfiguration com.sifa.core_sifa.CoreSifaApplication for test class com.sifa.core_sifa.repository.IVehiculoRepositoryTest
2026-06-15T16:50:57.162-04:00  INFO 421085 --- [core-sifa-test] [main] t.c.s.AnnotationConfigContextLoaderUtils : Could not detect default configuration classes for test class [com.sifa.core_sifa.repository.IEvidenciaFotograficaRepositoryTest]: IEvidenciaFotograficaRepositoryTest does not declare any static, non-private, non-final, nested classes annotated with @Configuration.
2026-06-15T16:50:57.166-04:00  INFO 421085 --- [core-sifa-test] [main] .b.t.c.SpringBootTestContextBootstrapper : Found @SpringBootConfiguration com.sifa.core_sifa.CoreSifaApplication for test class com.sifa.core_sifa.repository.IEvidenciaFotograficaRepositoryTest
2026-06-15T16:50:57.832-04:00  INFO 421085 --- [core-sifa-test] [SpringApplicationShutdownHook] j.LocalContainerEntityManagerFactoryBean : Closing JPA EntityManagerFactory for persistence unit 'default'
2026-06-15T16:50:57.847-04:00  INFO 421085 --- [core-sifa-test] [SpringApplicationShutdownHook] com.zaxxer.hikari.HikariDataSource       : HikariPool-1 - Shutdown initiated...
2026-06-15T16:50:57.849-04:00  INFO 421085 --- [core-sifa-test] [SpringApplicationShutdownHook] com.zaxxer.hikari.HikariDataSource       : HikariPool-1 - Shutdown completed.
2026-06-15T16:51:17.151-04:00  INFO 422163 --- [core-sifa-test] [main] c.s.c.r.IDeviceTokenRepositoryTest       : Starting IDeviceTokenRepositoryTest using Java 21.0.11 with PID 422163 (started by andres-ortega in /home/andres-ortega/Escritorio/proyects/core-sifa)
2026-06-15T16:51:17.153-04:00  INFO 422163 --- [core-sifa-test] [main] c.s.c.r.IDeviceTokenRepositoryTest       : The following 2 profiles are active: "test", "dev"
2026-06-15T16:51:20.411-04:00  INFO 422163 --- [core-sifa-test] [main] .s.d.r.c.RepositoryConfigurationDelegate : Bootstrapping Spring Data JPA repositories in DEFAULT mode.
2026-06-15T16:51:20.782-04:00  INFO 422163 --- [core-sifa-test] [main] .s.d.r.c.RepositoryConfigurationDelegate : Finished Spring Data repository scanning in 338 ms. Found 10 JPA repository interfaces.
2026-06-15T16:51:26.000-04:00  INFO 422163 --- [core-sifa-test] [main] o.hibernate.jpa.internal.util.LogHelper  : HHH000204: Processing PersistenceUnitInfo [name: default]
2026-06-15T16:51:26.256-04:00  INFO 422163 --- [core-sifa-test] [main] org.hibernate.Version                    : HHH000412: Hibernate ORM core version 6.6.8.Final
2026-06-15T16:51:26.438-04:00  INFO 422163 --- [core-sifa-test] [main] o.h.c.internal.RegionFactoryInitiator    : HHH000026: Second-level cache disabled
2026-06-15T16:51:27.051-04:00  INFO 422163 --- [core-sifa-test] [main] o.s.o.j.p.SpringPersistenceUnitInfo      : No LoadTimeWeaver setup: ignoring JPA class transformer
2026-06-15T16:51:27.193-04:00  INFO 422163 --- [core-sifa-test] [main] com.zaxxer.hikari.HikariDataSource       : HikariPool-1 - Starting...
2026-06-15T16:51:28.276-04:00  INFO 422163 --- [core-sifa-test] [main] com.zaxxer.hikari.pool.HikariPool        : HikariPool-1 - Added connection conn0: url=jdbc:h2:mem:testdb user=SA
2026-06-15T16:51:28.288-04:00  INFO 422163 --- [core-sifa-test] [main] com.zaxxer.hikari.HikariDataSource       : HikariPool-1 - Start completed.
2026-06-15T16:51:28.450-04:00  WARN 422163 --- [core-sifa-test] [main] org.hibernate.orm.deprecation            : HHH90000025: H2Dialect does not need to be specified explicitly using 'hibernate.dialect' (remove the property setting and it will be selected by default)
2026-06-15T16:51:28.557-04:00  INFO 422163 --- [core-sifa-test] [main] org.hibernate.orm.connections.pooling    : HHH10001005: Database info:
	Database JDBC URL [Connecting through datasource 'HikariDataSource (HikariPool-1)']
	Database driver: undefined/unknown
	Database version: 2.3.232
	Autocommit mode: undefined/unknown
	Isolation level: undefined/unknown
	Minimum pool size: undefined/unknown
	Maximum pool size: undefined/unknown
2026-06-15T16:51:33.252-04:00  INFO 422163 --- [core-sifa-test] [main] o.h.e.t.j.p.i.JtaPlatformInitiator       : HHH000489: No JTA platform available (set 'hibernate.transaction.jta.platform' to enable JTA platform integration)
2026-06-15T16:51:33.546-04:00  INFO 422163 --- [core-sifa-test] [main] j.LocalContainerEntityManagerFactoryBean : Initialized JPA EntityManagerFactory for persistence unit 'default'
2026-06-15T16:51:34.539-04:00  INFO 422163 --- [core-sifa-test] [main] o.s.d.j.r.query.QueryEnhancerFactory     : Hibernate is in classpath; If applicable, HQL parser will be used.
2026-06-15T16:51:42.560-04:00  WARN 422163 --- [core-sifa-test] [main] JpaBaseConfiguration$JpaWebConfiguration : spring.jpa.open-in-view is enabled by default. Therefore, database queries may be performed during view rendering. Explicitly configure spring.jpa.open-in-view to disable this warning
2026-06-15T16:51:42.619-04:00  WARN 422163 --- [core-sifa-test] [main] .s.s.UserDetailsServiceAutoConfiguration : 

Using generated security password: 4a56a936-24cb-4260-808f-7f11ba0dfe48

This generated password is for development use only. Your security configuration must be updated before running your application in production.

2026-06-15T16:51:42.665-04:00  INFO 422163 --- [core-sifa-test] [main] r$InitializeUserDetailsManagerConfigurer : Global AuthenticationManager configured with UserDetailsService bean with name inMemoryUserDetailsManager
2026-06-15T16:51:44.879-04:00  INFO 422163 --- [core-sifa-test] [main] c.s.c.r.IDeviceTokenRepositoryTest       : Started IDeviceTokenRepositoryTest in 29.01 seconds (process running for 33.101)
2026-06-15T16:51:44.884-04:00  INFO 422163 --- [core-sifa-test] [main] c.s.c.config.DataInitializerConfig       : ========================================================
2026-06-15T16:51:44.885-04:00  INFO 422163 --- [core-sifa-test] [main] c.s.c.config.DataInitializerConfig       : Verificando e inicializando Dataset de prueba en MySQL...
2026-06-15T16:51:45.148-04:00  INFO 422163 --- [core-sifa-test] [main] c.s.c.config.DataInitializerConfig       : [+] Tipo de Infracción 'Mal Estacionado' registrado.
2026-06-15T16:51:45.237-04:00  INFO 422163 --- [core-sifa-test] [main] c.s.c.config.DataInitializerConfig       : [+] Propietario RUT 9330521-3 registrado exitosamente.
2026-06-15T16:51:45.301-04:00  INFO 422163 --- [core-sifa-test] [main] c.s.c.config.DataInitializerConfig       : [+] Vehículo patente TZPW11 (Subaru Outback) registrado y enlazado al RUT 9330521-3.
2026-06-15T16:51:45.302-04:00  INFO 422163 --- [core-sifa-test] [main] c.s.c.config.DataInitializerConfig       : Dataset inicial revisado y/o cargado correctamente.
2026-06-15T16:51:45.303-04:00  INFO 422163 --- [core-sifa-test] [main] c.s.c.config.DataInitializerConfig       : ========================================================
2026-06-15T16:51:46.293-04:00  INFO 422163 --- [core-sifa-test] [SpringApplicationShutdownHook] j.LocalContainerEntityManagerFactoryBean : Closing JPA EntityManagerFactory for persistence unit 'default'
2026-06-15T16:51:46.354-04:00  INFO 422163 --- [core-sifa-test] [SpringApplicationShutdownHook] com.zaxxer.hikari.HikariDataSource       : HikariPool-1 - Shutdown initiated...
2026-06-15T16:51:46.362-04:00  INFO 422163 --- [core-sifa-test] [SpringApplicationShutdownHook] com.zaxxer.hikari.HikariDataSource       : HikariPool-1 - Shutdown completed.
2026-06-15T16:52:09.438-04:00  INFO 423238 --- [core-sifa-test] [main] .c.r.IEvidenciaFotograficaRepositoryTest : Starting IEvidenciaFotograficaRepositoryTest using Java 21.0.11 with PID 423238 (started by andres-ortega in /home/andres-ortega/Escritorio/proyects/core-sifa)
2026-06-15T16:52:09.444-04:00  INFO 423238 --- [core-sifa-test] [main] .c.r.IEvidenciaFotograficaRepositoryTest : The following 2 profiles are active: "test", "dev"
2026-06-15T16:52:12.936-04:00  INFO 423238 --- [core-sifa-test] [main] .s.d.r.c.RepositoryConfigurationDelegate : Bootstrapping Spring Data JPA repositories in DEFAULT mode.
2026-06-15T16:52:13.160-04:00  INFO 423238 --- [core-sifa-test] [main] .s.d.r.c.RepositoryConfigurationDelegate : Finished Spring Data repository scanning in 202 ms. Found 10 JPA repository interfaces.
2026-06-15T16:52:18.040-04:00  INFO 423238 --- [core-sifa-test] [main] o.hibernate.jpa.internal.util.LogHelper  : HHH000204: Processing PersistenceUnitInfo [name: default]
2026-06-15T16:52:18.318-04:00  INFO 423238 --- [core-sifa-test] [main] org.hibernate.Version                    : HHH000412: Hibernate ORM core version 6.6.8.Final
2026-06-15T16:52:18.459-04:00  INFO 423238 --- [core-sifa-test] [main] o.h.c.internal.RegionFactoryInitiator    : HHH000026: Second-level cache disabled
2026-06-15T16:52:19.093-04:00  INFO 423238 --- [core-sifa-test] [main] o.s.o.j.p.SpringPersistenceUnitInfo      : No LoadTimeWeaver setup: ignoring JPA class transformer
2026-06-15T16:52:19.247-04:00  INFO 423238 --- [core-sifa-test] [main] com.zaxxer.hikari.HikariDataSource       : HikariPool-1 - Starting...
2026-06-15T16:52:20.290-04:00  INFO 423238 --- [core-sifa-test] [main] com.zaxxer.hikari.pool.HikariPool        : HikariPool-1 - Added connection conn0: url=jdbc:h2:mem:testdb user=SA
2026-06-15T16:52:20.299-04:00  INFO 423238 --- [core-sifa-test] [main] com.zaxxer.hikari.HikariDataSource       : HikariPool-1 - Start completed.
2026-06-15T16:52:20.433-04:00  WARN 423238 --- [core-sifa-test] [main] org.hibernate.orm.deprecation            : HHH90000025: H2Dialect does not need to be specified explicitly using 'hibernate.dialect' (remove the property setting and it will be selected by default)
2026-06-15T16:52:20.535-04:00  INFO 423238 --- [core-sifa-test] [main] org.hibernate.orm.connections.pooling    : HHH10001005: Database info:
	Database JDBC URL [Connecting through datasource 'HikariDataSource (HikariPool-1)']
	Database driver: undefined/unknown
	Database version: 2.3.232
	Autocommit mode: undefined/unknown
	Isolation level: undefined/unknown
	Minimum pool size: undefined/unknown
	Maximum pool size: undefined/unknown
2026-06-15T16:52:25.299-04:00  INFO 423238 --- [core-sifa-test] [main] o.h.e.t.j.p.i.JtaPlatformInitiator       : HHH000489: No JTA platform available (set 'hibernate.transaction.jta.platform' to enable JTA platform integration)
2026-06-15T16:52:25.538-04:00  INFO 423238 --- [core-sifa-test] [main] j.LocalContainerEntityManagerFactoryBean : Initialized JPA EntityManagerFactory for persistence unit 'default'
2026-06-15T16:52:26.522-04:00  INFO 423238 --- [core-sifa-test] [main] o.s.d.j.r.query.QueryEnhancerFactory     : Hibernate is in classpath; If applicable, HQL parser will be used.
2026-06-15T16:52:34.777-04:00  WARN 423238 --- [core-sifa-test] [main] JpaBaseConfiguration$JpaWebConfiguration : spring.jpa.open-in-view is enabled by default. Therefore, database queries may be performed during view rendering. Explicitly configure spring.jpa.open-in-view to disable this warning
2026-06-15T16:52:34.849-04:00  WARN 423238 --- [core-sifa-test] [main] .s.s.UserDetailsServiceAutoConfiguration : 

Using generated security password: 9554897b-0cb5-48a4-b1fc-65cc61adcede

This generated password is for development use only. Your security configuration must be updated before running your application in production.

2026-06-15T16:52:34.901-04:00  INFO 423238 --- [core-sifa-test] [main] r$InitializeUserDetailsManagerConfigurer : Global AuthenticationManager configured with UserDetailsService bean with name inMemoryUserDetailsManager
2026-06-15T16:52:37.497-04:00  INFO 423238 --- [core-sifa-test] [main] .c.r.IEvidenciaFotograficaRepositoryTest : Started IEvidenciaFotograficaRepositoryTest in 29.349 seconds (process running for 34.071)
2026-06-15T16:52:37.508-04:00  INFO 423238 --- [core-sifa-test] [main] c.s.c.config.DataInitializerConfig       : ========================================================
2026-06-15T16:52:37.509-04:00  INFO 423238 --- [core-sifa-test] [main] c.s.c.config.DataInitializerConfig       : Verificando e inicializando Dataset de prueba en MySQL...
2026-06-15T16:52:37.872-04:00  INFO 423238 --- [core-sifa-test] [main] c.s.c.config.DataInitializerConfig       : [+] Tipo de Infracción 'Mal Estacionado' registrado.
2026-06-15T16:52:37.943-04:00  INFO 423238 --- [core-sifa-test] [main] c.s.c.config.DataInitializerConfig       : [+] Propietario RUT 9330521-3 registrado exitosamente.
2026-06-15T16:52:38.000-04:00  INFO 423238 --- [core-sifa-test] [main] c.s.c.config.DataInitializerConfig       : [+] Vehículo patente TZPW11 (Subaru Outback) registrado y enlazado al RUT 9330521-3.
2026-06-15T16:52:38.001-04:00  INFO 423238 --- [core-sifa-test] [main] c.s.c.config.DataInitializerConfig       : Dataset inicial revisado y/o cargado correctamente.
2026-06-15T16:52:38.001-04:00  INFO 423238 --- [core-sifa-test] [main] c.s.c.config.DataInitializerConfig       : ========================================================
2026-06-15T16:52:38.948-04:00  INFO 423238 --- [core-sifa-test] [SpringApplicationShutdownHook] j.LocalContainerEntityManagerFactoryBean : Closing JPA EntityManagerFactory for persistence unit 'default'
2026-06-15T16:52:38.973-04:00  INFO 423238 --- [core-sifa-test] [SpringApplicationShutdownHook] com.zaxxer.hikari.HikariDataSource       : HikariPool-1 - Shutdown initiated...
2026-06-15T16:52:38.976-04:00  INFO 423238 --- [core-sifa-test] [SpringApplicationShutdownHook] com.zaxxer.hikari.HikariDataSource       : HikariPool-1 - Shutdown completed.
2026-06-15T16:53:22.993-04:00  INFO 424674 --- [core-sifa-test] [main] c.s.c.r.IDeviceTokenRepositoryTest       : Starting IDeviceTokenRepositoryTest using Java 21.0.11 with PID 424674 (started by andres-ortega in /home/andres-ortega/Escritorio/proyects/core-sifa)
2026-06-15T16:53:22.997-04:00  INFO 424674 --- [core-sifa-test] [main] c.s.c.r.IDeviceTokenRepositoryTest       : The following 2 profiles are active: "test", "dev"
2026-06-15T16:53:27.056-04:00  INFO 424674 --- [core-sifa-test] [main] .s.d.r.c.RepositoryConfigurationDelegate : Bootstrapping Spring Data JPA repositories in DEFAULT mode.
2026-06-15T16:53:27.326-04:00  INFO 424674 --- [core-sifa-test] [main] .s.d.r.c.RepositoryConfigurationDelegate : Finished Spring Data repository scanning in 235 ms. Found 10 JPA repository interfaces.
2026-06-15T16:53:32.368-04:00  INFO 424674 --- [core-sifa-test] [main] o.hibernate.jpa.internal.util.LogHelper  : HHH000204: Processing PersistenceUnitInfo [name: default]
2026-06-15T16:53:32.609-04:00  INFO 424674 --- [core-sifa-test] [main] org.hibernate.Version                    : HHH000412: Hibernate ORM core version 6.6.8.Final
2026-06-15T16:53:32.773-04:00  INFO 424674 --- [core-sifa-test] [main] o.h.c.internal.RegionFactoryInitiator    : HHH000026: Second-level cache disabled
2026-06-15T16:53:33.338-04:00  INFO 424674 --- [core-sifa-test] [main] o.s.o.j.p.SpringPersistenceUnitInfo      : No LoadTimeWeaver setup: ignoring JPA class transformer
2026-06-15T16:53:33.467-04:00  INFO 424674 --- [core-sifa-test] [main] com.zaxxer.hikari.HikariDataSource       : HikariPool-1 - Starting...
2026-06-15T16:53:34.534-04:00  INFO 424674 --- [core-sifa-test] [main] com.zaxxer.hikari.pool.HikariPool        : HikariPool-1 - Added connection conn0: url=jdbc:h2:mem:testdb user=SA
2026-06-15T16:53:34.542-04:00  INFO 424674 --- [core-sifa-test] [main] com.zaxxer.hikari.HikariDataSource       : HikariPool-1 - Start completed.
2026-06-15T16:53:34.682-04:00  WARN 424674 --- [core-sifa-test] [main] org.hibernate.orm.deprecation            : HHH90000025: H2Dialect does not need to be specified explicitly using 'hibernate.dialect' (remove the property setting and it will be selected by default)
2026-06-15T16:53:34.804-04:00  INFO 424674 --- [core-sifa-test] [main] org.hibernate.orm.connections.pooling    : HHH10001005: Database info:
	Database JDBC URL [Connecting through datasource 'HikariDataSource (HikariPool-1)']
	Database driver: undefined/unknown
	Database version: 2.3.232
	Autocommit mode: undefined/unknown
	Isolation level: undefined/unknown
	Minimum pool size: undefined/unknown
	Maximum pool size: undefined/unknown
2026-06-15T16:53:39.356-04:00  INFO 424674 --- [core-sifa-test] [main] o.h.e.t.j.p.i.JtaPlatformInitiator       : HHH000489: No JTA platform available (set 'hibernate.transaction.jta.platform' to enable JTA platform integration)
2026-06-15T16:53:39.618-04:00  INFO 424674 --- [core-sifa-test] [main] j.LocalContainerEntityManagerFactoryBean : Initialized JPA EntityManagerFactory for persistence unit 'default'
2026-06-15T16:53:40.811-04:00  INFO 424674 --- [core-sifa-test] [main] o.s.d.j.r.query.QueryEnhancerFactory     : Hibernate is in classpath; If applicable, HQL parser will be used.
2026-06-15T16:53:48.987-04:00  WARN 424674 --- [core-sifa-test] [main] JpaBaseConfiguration$JpaWebConfiguration : spring.jpa.open-in-view is enabled by default. Therefore, database queries may be performed during view rendering. Explicitly configure spring.jpa.open-in-view to disable this warning
2026-06-15T16:53:49.100-04:00  WARN 424674 --- [core-sifa-test] [main] .s.s.UserDetailsServiceAutoConfiguration : 

Using generated security password: c326da01-67e2-4dfb-a573-b49269eb7718

This generated password is for development use only. Your security configuration must be updated before running your application in production.

2026-06-15T16:53:49.157-04:00  INFO 424674 --- [core-sifa-test] [main] r$InitializeUserDetailsManagerConfigurer : Global AuthenticationManager configured with UserDetailsService bean with name inMemoryUserDetailsManager
2026-06-15T16:53:51.905-04:00  INFO 424674 --- [core-sifa-test] [main] c.s.c.r.IDeviceTokenRepositoryTest       : Started IDeviceTokenRepositoryTest in 30.326 seconds (process running for 34.703)
2026-06-15T16:53:51.914-04:00  INFO 424674 --- [core-sifa-test] [main] c.s.c.config.DataInitializerConfig       : ========================================================
2026-06-15T16:53:51.914-04:00  INFO 424674 --- [core-sifa-test] [main] c.s.c.config.DataInitializerConfig       : Verificando e inicializando Dataset de prueba en MySQL...
2026-06-15T16:53:52.309-04:00  INFO 424674 --- [core-sifa-test] [main] c.s.c.config.DataInitializerConfig       : [+] Tipo de Infracción 'Mal Estacionado' registrado.
2026-06-15T16:53:52.380-04:00  INFO 424674 --- [core-sifa-test] [main] c.s.c.config.DataInitializerConfig       : [+] Propietario RUT 9330521-3 registrado exitosamente.
2026-06-15T16:53:52.447-04:00  INFO 424674 --- [core-sifa-test] [main] c.s.c.config.DataInitializerConfig       : [+] Vehículo patente TZPW11 (Subaru Outback) registrado y enlazado al RUT 9330521-3.
2026-06-15T16:53:52.448-04:00  INFO 424674 --- [core-sifa-test] [main] c.s.c.config.DataInitializerConfig       : Dataset inicial revisado y/o cargado correctamente.
2026-06-15T16:53:52.448-04:00  INFO 424674 --- [core-sifa-test] [main] c.s.c.config.DataInitializerConfig       : ========================================================
2026-06-15T16:53:53.293-04:00  INFO 424674 --- [core-sifa-test] [main] t.c.s.AnnotationConfigContextLoaderUtils : Could not detect default configuration classes for test class [com.sifa.core_sifa.repository.IEvidenciaFotograficaRepositoryTest]: IEvidenciaFotograficaRepositoryTest does not declare any static, non-private, non-final, nested classes annotated with @Configuration.
2026-06-15T16:53:53.297-04:00  INFO 424674 --- [core-sifa-test] [main] .b.t.c.SpringBootTestContextBootstrapper : Found @SpringBootConfiguration com.sifa.core_sifa.CoreSifaApplication for test class com.sifa.core_sifa.repository.IEvidenciaFotograficaRepositoryTest
2026-06-15T16:53:54.288-04:00  INFO 424674 --- [core-sifa-test] [SpringApplicationShutdownHook] j.LocalContainerEntityManagerFactoryBean : Closing JPA EntityManagerFactory for persistence unit 'default'
2026-06-15T16:53:54.310-04:00  INFO 424674 --- [core-sifa-test] [SpringApplicationShutdownHook] com.zaxxer.hikari.HikariDataSource       : HikariPool-1 - Shutdown initiated...
2026-06-15T16:53:54.314-04:00  INFO 424674 --- [core-sifa-test] [SpringApplicationShutdownHook] com.zaxxer.hikari.HikariDataSource       : HikariPool-1 - Shutdown completed.
2026-06-15T16:54:15.730-04:00  INFO 425776 --- [core-sifa-test] [main] c.s.c.i.InfraccionFlowIntegrationTest    : Starting InfraccionFlowIntegrationTest using Java 21.0.11 with PID 425776 (started by andres-ortega in /home/andres-ortega/Escritorio/proyects/core-sifa)
2026-06-15T16:54:15.737-04:00  INFO 425776 --- [core-sifa-test] [main] c.s.c.i.InfraccionFlowIntegrationTest    : The following 2 profiles are active: "test", "dev"
2026-06-15T16:54:18.944-04:00  INFO 425776 --- [core-sifa-test] [main] .s.d.r.c.RepositoryConfigurationDelegate : Bootstrapping Spring Data JPA repositories in DEFAULT mode.
2026-06-15T16:54:19.246-04:00  INFO 425776 --- [core-sifa-test] [main] .s.d.r.c.RepositoryConfigurationDelegate : Finished Spring Data repository scanning in 264 ms. Found 10 JPA repository interfaces.
2026-06-15T16:54:24.395-04:00  INFO 425776 --- [core-sifa-test] [main] o.hibernate.jpa.internal.util.LogHelper  : HHH000204: Processing PersistenceUnitInfo [name: default]
2026-06-15T16:54:24.689-04:00  INFO 425776 --- [core-sifa-test] [main] org.hibernate.Version                    : HHH000412: Hibernate ORM core version 6.6.8.Final
2026-06-15T16:54:24.846-04:00  INFO 425776 --- [core-sifa-test] [main] o.h.c.internal.RegionFactoryInitiator    : HHH000026: Second-level cache disabled
2026-06-15T16:54:25.555-04:00  INFO 425776 --- [core-sifa-test] [main] o.s.o.j.p.SpringPersistenceUnitInfo      : No LoadTimeWeaver setup: ignoring JPA class transformer
2026-06-15T16:54:25.714-04:00  INFO 425776 --- [core-sifa-test] [main] com.zaxxer.hikari.HikariDataSource       : HikariPool-1 - Starting...
2026-06-15T16:54:27.149-04:00  INFO 425776 --- [core-sifa-test] [main] com.zaxxer.hikari.pool.HikariPool        : HikariPool-1 - Added connection conn0: url=jdbc:h2:mem:testdb user=SA
2026-06-15T16:54:27.156-04:00  INFO 425776 --- [core-sifa-test] [main] com.zaxxer.hikari.HikariDataSource       : HikariPool-1 - Start completed.
2026-06-15T16:54:27.290-04:00  WARN 425776 --- [core-sifa-test] [main] org.hibernate.orm.deprecation            : HHH90000025: H2Dialect does not need to be specified explicitly using 'hibernate.dialect' (remove the property setting and it will be selected by default)
2026-06-15T16:54:27.402-04:00  INFO 425776 --- [core-sifa-test] [main] org.hibernate.orm.connections.pooling    : HHH10001005: Database info:
	Database JDBC URL [Connecting through datasource 'HikariDataSource (HikariPool-1)']
	Database driver: undefined/unknown
	Database version: 2.3.232
	Autocommit mode: undefined/unknown
	Isolation level: undefined/unknown
	Minimum pool size: undefined/unknown
	Maximum pool size: undefined/unknown
2026-06-15T16:54:32.396-04:00  INFO 425776 --- [core-sifa-test] [main] o.h.e.t.j.p.i.JtaPlatformInitiator       : HHH000489: No JTA platform available (set 'hibernate.transaction.jta.platform' to enable JTA platform integration)
2026-06-15T16:54:32.647-04:00  INFO 425776 --- [core-sifa-test] [main] j.LocalContainerEntityManagerFactoryBean : Initialized JPA EntityManagerFactory for persistence unit 'default'
2026-06-15T16:54:33.807-04:00  INFO 425776 --- [core-sifa-test] [main] o.s.d.j.r.query.QueryEnhancerFactory     : Hibernate is in classpath; If applicable, HQL parser will be used.
2026-06-15T16:54:42.167-04:00  WARN 425776 --- [core-sifa-test] [main] JpaBaseConfiguration$JpaWebConfiguration : spring.jpa.open-in-view is enabled by default. Therefore, database queries may be performed during view rendering. Explicitly configure spring.jpa.open-in-view to disable this warning
2026-06-15T16:54:42.230-04:00  WARN 425776 --- [core-sifa-test] [main] .s.s.UserDetailsServiceAutoConfiguration : 

Using generated security password: e65d416c-e220-4f31-bfab-5e45b79c8d65

This generated password is for development use only. Your security configuration must be updated before running your application in production.

2026-06-15T16:54:42.280-04:00  INFO 425776 --- [core-sifa-test] [main] r$InitializeUserDetailsManagerConfigurer : Global AuthenticationManager configured with UserDetailsService bean with name inMemoryUserDetailsManager
2026-06-15T16:54:44.840-04:00  INFO 425776 --- [core-sifa-test] [main] c.s.c.i.InfraccionFlowIntegrationTest    : Started InfraccionFlowIntegrationTest in 30.374 seconds (process running for 35.293)
2026-06-15T16:54:44.850-04:00  INFO 425776 --- [core-sifa-test] [main] c.s.c.config.DataInitializerConfig       : ========================================================
2026-06-15T16:54:44.851-04:00  INFO 425776 --- [core-sifa-test] [main] c.s.c.config.DataInitializerConfig       : Verificando e inicializando Dataset de prueba en MySQL...
2026-06-15T16:54:45.227-04:00  INFO 425776 --- [core-sifa-test] [main] c.s.c.config.DataInitializerConfig       : [+] Tipo de Infracción 'Mal Estacionado' registrado.
2026-06-15T16:54:45.305-04:00  INFO 425776 --- [core-sifa-test] [main] c.s.c.config.DataInitializerConfig       : [+] Propietario RUT 9330521-3 registrado exitosamente.
2026-06-15T16:54:45.380-04:00  INFO 425776 --- [core-sifa-test] [main] c.s.c.config.DataInitializerConfig       : [+] Vehículo patente TZPW11 (Subaru Outback) registrado y enlazado al RUT 9330521-3.
2026-06-15T16:54:45.381-04:00  INFO 425776 --- [core-sifa-test] [main] c.s.c.config.DataInitializerConfig       : Dataset inicial revisado y/o cargado correctamente.
2026-06-15T16:54:45.382-04:00  INFO 425776 --- [core-sifa-test] [main] c.s.c.config.DataInitializerConfig       : ========================================================
2026-06-15T16:54:45.613-04:00  INFO 425776 --- [core-sifa-test] [main] c.s.c.s.i.InfraccionServiceImpl          : Iniciando creación de infracción para patente: INTG11
2026-06-15T16:54:45.622-04:00  INFO 425776 --- [core-sifa-test] [main] c.s.c.s.storage.MockStorageServiceImpl   : MOCK STORAGE -> Archivo simulado: https://mock.sifa.cl/INTG11_1.jpg
2026-06-15T16:54:45.623-04:00  INFO 425776 --- [core-sifa-test] [main] c.s.c.s.storage.MockStorageServiceImpl   : MOCK STORAGE -> Archivo simulado: https://mock.sifa.cl/INTG11_2.jpg
2026-06-15T16:54:45.637-04:00  INFO 425776 --- [core-sifa-test] [main] c.s.c.s.i.InfraccionServiceImpl          : Infracción creada exitosamente con ID: 1
2026-06-15T16:54:45.638-04:00  INFO 425776 --- [core-sifa-test] [main] c.s.core_sifa.service.CitacionService    : Creando citación para la infracción ID: 1
2026-06-15T16:54:45.645-04:00  INFO 425776 --- [core-sifa-test] [main] c.s.core_sifa.service.CitacionService    : Citación ID 1 creada exitosamente
2026-06-15T16:54:45.658-04:00  INFO 425776 --- [core-sifa-test] [main] c.s.c.s.i.InfraccionServiceImpl          : [+] Citación empadronada gatillada y enlazada automáticamente en la transacción.
2026-06-15T16:54:45.822-04:00  INFO 425776 --- [core-sifa-test] [main] c.s.c.s.i.InfraccionServiceImpl          : Buscando infraccion con id: 1
2026-06-15T16:54:45.840-04:00  INFO 425776 --- [core-sifa-test] [main] c.s.c.s.i.InfraccionServiceImpl          : Administrativo JPL jpl@test.cl procesando infracción ID: 1
2026-06-15T16:54:45.845-04:00  INFO 425776 --- [core-sifa-test] [main] c.s.c.s.i.InfraccionServiceImpl          : Infracción ID: 1 procesada exitosamente con estado: APROBADA
2026-06-15T16:54:45.907-04:00  INFO 425776 --- [core-sifa-test] [main] c.s.c.s.audits.AuditLogServiceImpl       : Auditoría guardada exitosamente | Usuario: jpl@test.cl | Acción: PROCESAR_INFRACCION
2026-06-15T16:54:46.028-04:00  INFO 425776 --- [core-sifa-test] [main] t.c.s.AnnotationConfigContextLoaderUtils : Could not detect default configuration classes for test class [com.sifa.core_sifa.controller.TipoInfraccionControllerTest]: TipoInfraccionControllerTest does not declare any static, non-private, non-final, nested classes annotated with @Configuration.
2026-06-15T16:54:46.119-04:00  INFO 425776 --- [core-sifa-test] [main] .b.t.c.SpringBootTestContextBootstrapper : Found @SpringBootConfiguration com.sifa.core_sifa.CoreSifaApplication for test class com.sifa.core_sifa.controller.TipoInfraccionControllerTest
2026-06-15T16:54:46.209-04:00  INFO 425776 --- [core-sifa-test] [main] c.s.c.c.TipoInfraccionControllerTest     : Starting TipoInfraccionControllerTest using Java 21.0.11 with PID 425776 (started by andres-ortega in /home/andres-ortega/Escritorio/proyects/core-sifa)
2026-06-15T16:54:46.211-04:00  INFO 425776 --- [core-sifa-test] [main] c.s.c.c.TipoInfraccionControllerTest     : The following 1 profile is active: "test"
2026-06-15T16:54:46.938-04:00  WARN 425776 --- [core-sifa-test] [main] .s.s.UserDetailsServiceAutoConfiguration : 

Using generated security password: aee47ec6-9ca5-422f-90f5-601380286bea

This generated password is for development use only. Your security configuration must be updated before running your application in production.

2026-06-15T16:54:46.941-04:00  INFO 425776 --- [core-sifa-test] [main] r$InitializeUserDetailsManagerConfigurer : Global AuthenticationManager configured with UserDetailsService bean with name inMemoryUserDetailsManager
2026-06-15T16:54:47.425-04:00  INFO 425776 --- [core-sifa-test] [main] o.s.b.t.m.w.SpringBootMockServletContext : Initializing Spring TestDispatcherServlet ''
2026-06-15T16:54:47.425-04:00  INFO 425776 --- [core-sifa-test] [main] o.s.t.web.servlet.TestDispatcherServlet  : Initializing Servlet ''
2026-06-15T16:54:47.428-04:00  INFO 425776 --- [core-sifa-test] [main] o.s.t.web.servlet.TestDispatcherServlet  : Completed initialization in 1 ms
2026-06-15T16:54:47.458-04:00  INFO 425776 --- [core-sifa-test] [main] c.s.c.c.TipoInfraccionControllerTest     : Started TipoInfraccionControllerTest in 1.33 seconds (process running for 37.91)
2026-06-15T16:54:47.991-04:00  INFO 425776 --- [core-sifa-test] [main] c.s.c.c.TipoInfraccionController         : Creando tipo de infracción
2026-06-15T16:54:48.024-04:00  INFO 425776 --- [core-sifa-test] [main] c.s.c.c.TipoInfraccionController         : Obteniendo tipos de infracción paginados - página: 0, tamaño: 10
2026-06-15T16:54:48.036-04:00  WARN 425776 --- [core-sifa-test] [main] ration$PageModule$WarningLoggingModifier : Serializing PageImpl instances as-is is not supported, meaning that there is no guarantee about the stability of the resulting JSON structure!
	For a stable JSON structure, please use Spring Data's PagedModel (globally via @EnableSpringDataWebSupport(pageSerializationMode = VIA_DTO))
	or Spring HATEOAS and Spring Data's PagedResourcesAssembler as documented in https://docs.spring.io/spring-data/commons/reference/repositories/core-extensions.html#core.web.pageables.

2026-06-15T16:54:48.090-04:00  INFO 425776 --- [core-sifa-test] [main] c.s.c.c.TipoInfraccionController         : Eliminando (deshabilitando) tipo de infracción con id 1
2026-06-15T16:54:48.114-04:00  INFO 425776 --- [core-sifa-test] [main] c.s.c.c.TipoInfraccionController         : Actualizando tipo de infracción con id 1
2026-06-15T16:54:48.130-04:00  INFO 425776 --- [core-sifa-test] [main] t.c.s.AnnotationConfigContextLoaderUtils : Could not detect default configuration classes for test class [com.sifa.core_sifa.controller.CitacionControllerTest]: CitacionControllerTest does not declare any static, non-private, non-final, nested classes annotated with @Configuration.
2026-06-15T16:54:48.145-04:00  INFO 425776 --- [core-sifa-test] [main] .b.t.c.SpringBootTestContextBootstrapper : Found @SpringBootConfiguration com.sifa.core_sifa.CoreSifaApplication for test class com.sifa.core_sifa.controller.CitacionControllerTest
2026-06-15T16:54:48.216-04:00  INFO 425776 --- [core-sifa-test] [main] c.s.c.controller.CitacionControllerTest  : Starting CitacionControllerTest using Java 21.0.11 with PID 425776 (started by andres-ortega in /home/andres-ortega/Escritorio/proyects/core-sifa)
2026-06-15T16:54:48.218-04:00  INFO 425776 --- [core-sifa-test] [main] c.s.c.controller.CitacionControllerTest  : The following 1 profile is active: "test"
2026-06-15T16:54:48.790-04:00  WARN 425776 --- [core-sifa-test] [main] .s.s.UserDetailsServiceAutoConfiguration : 

Using generated security password: 7231721a-9c14-474c-b0b7-a52a68bc4bf7

This generated password is for development use only. Your security configuration must be updated before running your application in production.

2026-06-15T16:54:48.794-04:00  INFO 425776 --- [core-sifa-test] [main] r$InitializeUserDetailsManagerConfigurer : Global AuthenticationManager configured with UserDetailsService bean with name inMemoryUserDetailsManager
2026-06-15T16:54:49.340-04:00  INFO 425776 --- [core-sifa-test] [main] o.s.b.t.m.w.SpringBootMockServletContext : Initializing Spring TestDispatcherServlet ''
2026-06-15T16:54:49.341-04:00  INFO 425776 --- [core-sifa-test] [main] o.s.t.web.servlet.TestDispatcherServlet  : Initializing Servlet ''
2026-06-15T16:54:49.344-04:00  INFO 425776 --- [core-sifa-test] [main] o.s.t.web.servlet.TestDispatcherServlet  : Completed initialization in 2 ms
2026-06-15T16:54:49.368-04:00  INFO 425776 --- [core-sifa-test] [main] c.s.c.controller.CitacionControllerTest  : Started CitacionControllerTest in 1.217 seconds (process running for 39.821)
2026-06-15T16:54:49.415-04:00  INFO 425776 --- [core-sifa-test] [main] c.s.c.controller.CitacionController      : Petición PUT para actualizar citación ID: 1 recibida. Administrativo: admin@sifa.cl
2026-06-15T16:54:49.447-04:00  INFO 425776 --- [core-sifa-test] [main] c.s.c.controller.CitacionController      : Petición GET para listar citaciones - page: 0, size: 10, startDate: null, endDate: null, search: null
2026-06-15T16:54:49.453-04:00  WARN 425776 --- [core-sifa-test] [main] ration$PageModule$WarningLoggingModifier : Serializing PageImpl instances as-is is not supported, meaning that there is no guarantee about the stability of the resulting JSON structure!
	For a stable JSON structure, please use Spring Data's PagedModel (globally via @EnableSpringDataWebSupport(pageSerializationMode = VIA_DTO))
	or Spring HATEOAS and Spring Data's PagedResourcesAssembler as documented in https://docs.spring.io/spring-data/commons/reference/repositories/core-extensions.html#core.web.pageables.

2026-06-15T16:54:49.489-04:00  INFO 425776 --- [core-sifa-test] [main] c.s.c.controller.CitacionController      : Petición GET para citación ID: 1
2026-06-15T16:54:49.502-04:00  INFO 425776 --- [core-sifa-test] [main] t.c.s.AnnotationConfigContextLoaderUtils : Could not detect default configuration classes for test class [com.sifa.core_sifa.controller.NotificationLogControllerTest]: NotificationLogControllerTest does not declare any static, non-private, non-final, nested classes annotated with @Configuration.
2026-06-15T16:54:49.527-04:00  INFO 425776 --- [core-sifa-test] [main] .b.t.c.SpringBootTestContextBootstrapper : Found @SpringBootConfiguration com.sifa.core_sifa.CoreSifaApplication for test class com.sifa.core_sifa.controller.NotificationLogControllerTest
2026-06-15T16:54:49.578-04:00  INFO 425776 --- [core-sifa-test] [main] c.s.c.c.NotificationLogControllerTest    : Starting NotificationLogControllerTest using Java 21.0.11 with PID 425776 (started by andres-ortega in /home/andres-ortega/Escritorio/proyects/core-sifa)
2026-06-15T16:54:49.579-04:00  INFO 425776 --- [core-sifa-test] [main] c.s.c.c.NotificationLogControllerTest    : The following 1 profile is active: "test"
2026-06-15T16:54:50.124-04:00  WARN 425776 --- [core-sifa-test] [main] .s.s.UserDetailsServiceAutoConfiguration : 

Using generated security password: a36857e1-b71b-4927-9f7d-d1f9293a2c54

This generated password is for development use only. Your security configuration must be updated before running your application in production.

2026-06-15T16:54:50.126-04:00  INFO 425776 --- [core-sifa-test] [main] r$InitializeUserDetailsManagerConfigurer : Global AuthenticationManager configured with UserDetailsService bean with name inMemoryUserDetailsManager
2026-06-15T16:54:50.410-04:00  INFO 425776 --- [core-sifa-test] [main] o.s.b.t.m.w.SpringBootMockServletContext : Initializing Spring TestDispatcherServlet ''
2026-06-15T16:54:50.411-04:00  INFO 425776 --- [core-sifa-test] [main] o.s.t.web.servlet.TestDispatcherServlet  : Initializing Servlet ''
2026-06-15T16:54:50.413-04:00  INFO 425776 --- [core-sifa-test] [main] o.s.t.web.servlet.TestDispatcherServlet  : Completed initialization in 1 ms
2026-06-15T16:54:50.429-04:00  INFO 425776 --- [core-sifa-test] [main] c.s.c.c.NotificationLogControllerTest    : Started NotificationLogControllerTest in 0.895 seconds (process running for 40.881)
2026-06-15T16:54:50.456-04:00  WARN 425776 --- [core-sifa-test] [main] ration$PageModule$WarningLoggingModifier : Serializing PageImpl instances as-is is not supported, meaning that there is no guarantee about the stability of the resulting JSON structure!
	For a stable JSON structure, please use Spring Data's PagedModel (globally via @EnableSpringDataWebSupport(pageSerializationMode = VIA_DTO))
	or Spring HATEOAS and Spring Data's PagedResourcesAssembler as documented in https://docs.spring.io/spring-data/commons/reference/repositories/core-extensions.html#core.web.pageables.

2026-06-15T16:54:50.540-04:00  INFO 425776 --- [core-sifa-test] [main] t.c.s.AnnotationConfigContextLoaderUtils : Could not detect default configuration classes for test class [com.sifa.core_sifa.controller.DeviceTokenControllerTest]: DeviceTokenControllerTest does not declare any static, non-private, non-final, nested classes annotated with @Configuration.
2026-06-15T16:54:50.567-04:00  INFO 425776 --- [core-sifa-test] [main] .b.t.c.SpringBootTestContextBootstrapper : Found @SpringBootConfiguration com.sifa.core_sifa.CoreSifaApplication for test class com.sifa.core_sifa.controller.DeviceTokenControllerTest
2026-06-15T16:54:50.615-04:00  INFO 425776 --- [core-sifa-test] [main] c.s.c.c.DeviceTokenControllerTest        : Starting DeviceTokenControllerTest using Java 21.0.11 with PID 425776 (started by andres-ortega in /home/andres-ortega/Escritorio/proyects/core-sifa)
2026-06-15T16:54:50.616-04:00  INFO 425776 --- [core-sifa-test] [main] c.s.c.c.DeviceTokenControllerTest        : The following 1 profile is active: "test"
2026-06-15T16:54:51.159-04:00  WARN 425776 --- [core-sifa-test] [main] .s.s.UserDetailsServiceAutoConfiguration : 

Using generated security password: a97063d9-393b-4611-a35e-07f0e271cbcb

This generated password is for development use only. Your security configuration must be updated before running your application in production.

2026-06-15T16:54:51.162-04:00  INFO 425776 --- [core-sifa-test] [main] r$InitializeUserDetailsManagerConfigurer : Global AuthenticationManager configured with UserDetailsService bean with name inMemoryUserDetailsManager
2026-06-15T16:54:51.504-04:00  INFO 425776 --- [core-sifa-test] [main] o.s.b.t.m.w.SpringBootMockServletContext : Initializing Spring TestDispatcherServlet ''
2026-06-15T16:54:51.504-04:00  INFO 425776 --- [core-sifa-test] [main] o.s.t.web.servlet.TestDispatcherServlet  : Initializing Servlet ''
2026-06-15T16:54:51.508-04:00  INFO 425776 --- [core-sifa-test] [main] o.s.t.web.servlet.TestDispatcherServlet  : Completed initialization in 2 ms
2026-06-15T16:54:51.526-04:00  INFO 425776 --- [core-sifa-test] [main] c.s.c.c.DeviceTokenControllerTest        : Started DeviceTokenControllerTest in 0.95 seconds (process running for 41.978)
2026-06-15T16:54:51.735-04:00  INFO 425776 --- [core-sifa-test] [main] t.c.s.AnnotationConfigContextLoaderUtils : Could not detect default configuration classes for test class [com.sifa.core_sifa.controller.FiscalizadorPresenciaControllerTest]: FiscalizadorPresenciaControllerTest does not declare any static, non-private, non-final, nested classes annotated with @Configuration.
2026-06-15T16:54:51.758-04:00  INFO 425776 --- [core-sifa-test] [main] .b.t.c.SpringBootTestContextBootstrapper : Found @SpringBootConfiguration com.sifa.core_sifa.CoreSifaApplication for test class com.sifa.core_sifa.controller.FiscalizadorPresenciaControllerTest
2026-06-15T16:54:51.829-04:00  INFO 425776 --- [core-sifa-test] [main] .c.c.FiscalizadorPresenciaControllerTest : Starting FiscalizadorPresenciaControllerTest using Java 21.0.11 with PID 425776 (started by andres-ortega in /home/andres-ortega/Escritorio/proyects/core-sifa)
2026-06-15T16:54:51.829-04:00  INFO 425776 --- [core-sifa-test] [main] .c.c.FiscalizadorPresenciaControllerTest : The following 1 profile is active: "test"
2026-06-15T16:54:52.325-04:00  WARN 425776 --- [core-sifa-test] [main] .s.s.UserDetailsServiceAutoConfiguration : 

Using generated security password: 6199d452-1db9-41ec-91f4-a4bd530bbdc3

This generated password is for development use only. Your security configuration must be updated before running your application in production.

2026-06-15T16:54:52.328-04:00  INFO 425776 --- [core-sifa-test] [main] r$InitializeUserDetailsManagerConfigurer : Global AuthenticationManager configured with UserDetailsService bean with name inMemoryUserDetailsManager
2026-06-15T16:54:52.614-04:00  INFO 425776 --- [core-sifa-test] [main] o.s.b.t.m.w.SpringBootMockServletContext : Initializing Spring TestDispatcherServlet ''
2026-06-15T16:54:52.615-04:00  INFO 425776 --- [core-sifa-test] [main] o.s.t.web.servlet.TestDispatcherServlet  : Initializing Servlet ''
2026-06-15T16:54:52.617-04:00  INFO 425776 --- [core-sifa-test] [main] o.s.t.web.servlet.TestDispatcherServlet  : Completed initialization in 1 ms
2026-06-15T16:54:52.635-04:00  INFO 425776 --- [core-sifa-test] [main] .c.c.FiscalizadorPresenciaControllerTest : Started FiscalizadorPresenciaControllerTest in 0.867 seconds (process running for 43.088)
2026-06-15T16:54:52.743-04:00  WARN 425776 --- [core-sifa-test] [main] ration$PageModule$WarningLoggingModifier : Serializing PageImpl instances as-is is not supported, meaning that there is no guarantee about the stability of the resulting JSON structure!
	For a stable JSON structure, please use Spring Data's PagedModel (globally via @EnableSpringDataWebSupport(pageSerializationMode = VIA_DTO))
	or Spring HATEOAS and Spring Data's PagedResourcesAssembler as documented in https://docs.spring.io/spring-data/commons/reference/repositories/core-extensions.html#core.web.pageables.

2026-06-15T16:54:52.791-04:00  INFO 425776 --- [core-sifa-test] [main] t.c.s.AnnotationConfigContextLoaderUtils : Could not detect default configuration classes for test class [com.sifa.core_sifa.controller.NotificationPushControllerTest]: NotificationPushControllerTest does not declare any static, non-private, non-final, nested classes annotated with @Configuration.
2026-06-15T16:54:52.807-04:00  INFO 425776 --- [core-sifa-test] [main] .b.t.c.SpringBootTestContextBootstrapper : Found @SpringBootConfiguration com.sifa.core_sifa.CoreSifaApplication for test class com.sifa.core_sifa.controller.NotificationPushControllerTest
2026-06-15T16:54:52.839-04:00  INFO 425776 --- [core-sifa-test] [main] c.s.c.c.NotificationPushControllerTest   : Starting NotificationPushControllerTest using Java 21.0.11 with PID 425776 (started by andres-ortega in /home/andres-ortega/Escritorio/proyects/core-sifa)
2026-06-15T16:54:52.840-04:00  INFO 425776 --- [core-sifa-test] [main] c.s.c.c.NotificationPushControllerTest   : The following 1 profile is active: "test"
2026-06-15T16:54:53.306-04:00  WARN 425776 --- [core-sifa-test] [main] .s.s.UserDetailsServiceAutoConfiguration : 

Using generated security password: 88a3cc5a-2c31-418e-a4e6-e7ac0bac6be9

This generated password is for development use only. Your security configuration must be updated before running your application in production.

2026-06-15T16:54:53.309-04:00  INFO 425776 --- [core-sifa-test] [main] r$InitializeUserDetailsManagerConfigurer : Global AuthenticationManager configured with UserDetailsService bean with name inMemoryUserDetailsManager
2026-06-15T16:54:53.607-04:00  INFO 425776 --- [core-sifa-test] [main] o.s.b.t.m.w.SpringBootMockServletContext : Initializing Spring TestDispatcherServlet ''
2026-06-15T16:54:53.608-04:00  INFO 425776 --- [core-sifa-test] [main] o.s.t.web.servlet.TestDispatcherServlet  : Initializing Servlet ''
2026-06-15T16:54:53.610-04:00  INFO 425776 --- [core-sifa-test] [main] o.s.t.web.servlet.TestDispatcherServlet  : Completed initialization in 1 ms
2026-06-15T16:54:53.625-04:00  INFO 425776 --- [core-sifa-test] [main] c.s.c.c.NotificationPushControllerTest   : Started NotificationPushControllerTest in 0.812 seconds (process running for 44.078)
2026-06-15T16:54:53.856-04:00  INFO 425776 --- [core-sifa-test] [main] t.c.s.AnnotationConfigContextLoaderUtils : Could not detect default configuration classes for test class [com.sifa.core_sifa.controller.InfraccionControllerTest]: InfraccionControllerTest does not declare any static, non-private, non-final, nested classes annotated with @Configuration.
2026-06-15T16:54:53.880-04:00  INFO 425776 --- [core-sifa-test] [main] .b.t.c.SpringBootTestContextBootstrapper : Found @SpringBootConfiguration com.sifa.core_sifa.CoreSifaApplication for test class com.sifa.core_sifa.controller.InfraccionControllerTest
2026-06-15T16:54:53.925-04:00  INFO 425776 --- [core-sifa-test] [main] c.s.c.c.InfraccionControllerTest         : Starting InfraccionControllerTest using Java 21.0.11 with PID 425776 (started by andres-ortega in /home/andres-ortega/Escritorio/proyects/core-sifa)
2026-06-15T16:54:53.925-04:00  INFO 425776 --- [core-sifa-test] [main] c.s.c.c.InfraccionControllerTest         : The following 1 profile is active: "test"
2026-06-15T16:54:54.459-04:00  WARN 425776 --- [core-sifa-test] [main] .s.s.UserDetailsServiceAutoConfiguration : 

Using generated security password: 6f846dc5-89b4-4658-9400-8a4bbc01baa6

This generated password is for development use only. Your security configuration must be updated before running your application in production.

2026-06-15T16:54:54.462-04:00  INFO 425776 --- [core-sifa-test] [main] r$InitializeUserDetailsManagerConfigurer : Global AuthenticationManager configured with UserDetailsService bean with name inMemoryUserDetailsManager
2026-06-15T16:54:54.777-04:00  INFO 425776 --- [core-sifa-test] [main] o.s.b.t.m.w.SpringBootMockServletContext : Initializing Spring TestDispatcherServlet ''
2026-06-15T16:54:54.777-04:00  INFO 425776 --- [core-sifa-test] [main] o.s.t.web.servlet.TestDispatcherServlet  : Initializing Servlet ''
2026-06-15T16:54:54.778-04:00  INFO 425776 --- [core-sifa-test] [main] o.s.t.web.servlet.TestDispatcherServlet  : Completed initialization in 1 ms
2026-06-15T16:54:54.790-04:00  INFO 425776 --- [core-sifa-test] [main] c.s.c.c.InfraccionControllerTest         : Started InfraccionControllerTest in 0.902 seconds (process running for 45.242)
2026-06-15T16:54:54.811-04:00  INFO 425776 --- [core-sifa-test] [main] c.s.c.controller.InfraccionController    : Petición PATCH recibida para actualizar estado de infracción ID: 1 a accepted
2026-06-15T16:54:54.842-04:00  INFO 425776 --- [core-sifa-test] [main] c.s.c.controller.InfraccionController    : Petición GET para estadísticas del Dashboard
2026-06-15T16:54:54.865-04:00  INFO 425776 --- [core-sifa-test] [main] c.s.c.controller.InfraccionController    : Obteniendo infracciones paginadas
2026-06-15T16:54:54.870-04:00  WARN 425776 --- [core-sifa-test] [main] ration$PageModule$WarningLoggingModifier : Serializing PageImpl instances as-is is not supported, meaning that there is no guarantee about the stability of the resulting JSON structure!
	For a stable JSON structure, please use Spring Data's PagedModel (globally via @EnableSpringDataWebSupport(pageSerializationMode = VIA_DTO))
	or Spring HATEOAS and Spring Data's PagedResourcesAssembler as documented in https://docs.spring.io/spring-data/commons/reference/repositories/core-extensions.html#core.web.pageables.

2026-06-15T16:54:54.903-04:00  INFO 425776 --- [core-sifa-test] [main] c.s.c.controller.InfraccionController    : Obteniendo infracciones paginadas
2026-06-15T16:54:54.929-04:00  INFO 425776 --- [core-sifa-test] [main] c.s.c.controller.InfraccionController    : Petición GET para reporte de productividad
2026-06-15T16:54:54.957-04:00  INFO 425776 --- [core-sifa-test] [main] c.s.c.controller.InfraccionController    : Petición para procesar infracción ID: 1 recibida. Administrativo JPL ID: jpl@test.cl
2026-06-15T16:54:54.972-04:00  INFO 425776 --- [core-sifa-test] [main] c.s.c.controller.InfraccionController    : Obteniendo resumen del reporte de infracciones
2026-06-15T16:54:54.998-04:00  INFO 425776 --- [core-sifa-test] [main] c.s.c.controller.InfraccionController    : Obteniendo infraccion con id: 1
2026-06-15T16:54:55.013-04:00  INFO 425776 --- [core-sifa-test] [main] c.s.c.controller.InfraccionController    : Obteniendo coordenadas de infracciones para el mapa de calor
2026-06-15T16:54:55.075-04:00  INFO 425776 --- [core-sifa-test] [main] c.s.c.controller.InfraccionController    : Petición de creación de infracción recibida desde el Gateway. Fiscalizador ID: fiscalizador@test.cl
2026-06-15T16:54:55.087-04:00  INFO 425776 --- [core-sifa-test] [main] t.c.s.AnnotationConfigContextLoaderUtils : Could not detect default configuration classes for test class [com.sifa.core_sifa.controller.AuditLogControllerTest]: AuditLogControllerTest does not declare any static, non-private, non-final, nested classes annotated with @Configuration.
2026-06-15T16:54:55.101-04:00  INFO 425776 --- [core-sifa-test] [main] .b.t.c.SpringBootTestContextBootstrapper : Found @SpringBootConfiguration com.sifa.core_sifa.CoreSifaApplication for test class com.sifa.core_sifa.controller.AuditLogControllerTest
2026-06-15T16:54:55.150-04:00  INFO 425776 --- [core-sifa-test] [main] c.s.c.controller.AuditLogControllerTest  : Starting AuditLogControllerTest using Java 21.0.11 with PID 425776 (started by andres-ortega in /home/andres-ortega/Escritorio/proyects/core-sifa)
2026-06-15T16:54:55.151-04:00  INFO 425776 --- [core-sifa-test] [main] c.s.c.controller.AuditLogControllerTest  : The following 1 profile is active: "test"
2026-06-15T16:54:55.541-04:00  WARN 425776 --- [core-sifa-test] [main] .s.s.UserDetailsServiceAutoConfiguration : 

Using generated security password: c6a50536-819a-4c98-9484-9a174c6cb96c

This generated password is for development use only. Your security configuration must be updated before running your application in production.

2026-06-15T16:54:55.543-04:00  INFO 425776 --- [core-sifa-test] [main] r$InitializeUserDetailsManagerConfigurer : Global AuthenticationManager configured with UserDetailsService bean with name inMemoryUserDetailsManager
2026-06-15T16:54:55.834-04:00  INFO 425776 --- [core-sifa-test] [main] o.s.b.t.m.w.SpringBootMockServletContext : Initializing Spring TestDispatcherServlet ''
2026-06-15T16:54:55.835-04:00  INFO 425776 --- [core-sifa-test] [main] o.s.t.web.servlet.TestDispatcherServlet  : Initializing Servlet ''
2026-06-15T16:54:55.836-04:00  INFO 425776 --- [core-sifa-test] [main] o.s.t.web.servlet.TestDispatcherServlet  : Completed initialization in 1 ms
2026-06-15T16:54:55.852-04:00  INFO 425776 --- [core-sifa-test] [main] c.s.c.controller.AuditLogControllerTest  : Started AuditLogControllerTest in 0.742 seconds (process running for 46.304)
2026-06-15T16:54:55.874-04:00  INFO 425776 --- [core-sifa-test] [main] c.s.c.controller.AuditLogController      : Obteniendo auditorias paginadas
2026-06-15T16:54:55.877-04:00  WARN 425776 --- [core-sifa-test] [main] ration$PageModule$WarningLoggingModifier : Serializing PageImpl instances as-is is not supported, meaning that there is no guarantee about the stability of the resulting JSON structure!
	For a stable JSON structure, please use Spring Data's PagedModel (globally via @EnableSpringDataWebSupport(pageSerializationMode = VIA_DTO))
	or Spring HATEOAS and Spring Data's PagedResourcesAssembler as documented in https://docs.spring.io/spring-data/commons/reference/repositories/core-extensions.html#core.web.pageables.

2026-06-15T16:54:55.911-04:00  INFO 425776 --- [core-sifa-test] [main] c.s.c.controller.AuditLogController      : Obteniendo auditorias paginadas
2026-06-15T16:54:55.971-04:00  INFO 425776 --- [core-sifa-test] [main] t.c.s.AnnotationConfigContextLoaderUtils : Could not detect default configuration classes for test class [com.sifa.core_sifa.controller.VehiculoControllerTest]: VehiculoControllerTest does not declare any static, non-private, non-final, nested classes annotated with @Configuration.
2026-06-15T16:54:55.985-04:00  INFO 425776 --- [core-sifa-test] [main] .b.t.c.SpringBootTestContextBootstrapper : Found @SpringBootConfiguration com.sifa.core_sifa.CoreSifaApplication for test class com.sifa.core_sifa.controller.VehiculoControllerTest
2026-06-15T16:54:56.016-04:00  INFO 425776 --- [core-sifa-test] [main] c.s.c.controller.VehiculoControllerTest  : Starting VehiculoControllerTest using Java 21.0.11 with PID 425776 (started by andres-ortega in /home/andres-ortega/Escritorio/proyects/core-sifa)
2026-06-15T16:54:56.016-04:00  INFO 425776 --- [core-sifa-test] [main] c.s.c.controller.VehiculoControllerTest  : The following 1 profile is active: "test"
2026-06-15T16:54:56.424-04:00  WARN 425776 --- [core-sifa-test] [main] .s.s.UserDetailsServiceAutoConfiguration : 

Using generated security password: 2ffc7c86-099d-4066-b43a-31bb154bb14f

This generated password is for development use only. Your security configuration must be updated before running your application in production.

2026-06-15T16:54:56.425-04:00  INFO 425776 --- [core-sifa-test] [main] r$InitializeUserDetailsManagerConfigurer : Global AuthenticationManager configured with UserDetailsService bean with name inMemoryUserDetailsManager
2026-06-15T16:54:56.641-04:00  INFO 425776 --- [core-sifa-test] [main] o.s.b.t.m.w.SpringBootMockServletContext : Initializing Spring TestDispatcherServlet ''
2026-06-15T16:54:56.641-04:00  INFO 425776 --- [core-sifa-test] [main] o.s.t.web.servlet.TestDispatcherServlet  : Initializing Servlet ''
2026-06-15T16:54:56.642-04:00  INFO 425776 --- [core-sifa-test] [main] o.s.t.web.servlet.TestDispatcherServlet  : Completed initialization in 1 ms
2026-06-15T16:54:56.658-04:00  INFO 425776 --- [core-sifa-test] [main] c.s.c.controller.VehiculoControllerTest  : Started VehiculoControllerTest in 0.67 seconds (process running for 47.111)
2026-06-15T16:54:56.674-04:00  INFO 425776 --- [core-sifa-test] [main] c.s.c.controller.VehiculoController      : Obteniendo todos los vehículos
2026-06-15T16:54:56.695-04:00  INFO 425776 --- [core-sifa-test] [main] c.s.c.controller.VehiculoController      : Obteniendo vehiculo con id: ABCD12
2026-06-15T16:54:56.707-04:00  INFO 425776 --- [core-sifa-test] [main] c.s.c.controller.VehiculoController      : Obteniendo todos los vehículos
2026-06-15T16:54:57.028-04:00  INFO 425776 --- [core-sifa-test] [main] c.s.c.service.TipoInfraccionServiceImpl  : Creando tipo de infracción: Nuevo Tipo
2026-06-15T16:54:57.039-04:00  INFO 425776 --- [core-sifa-test] [main] c.s.c.service.TipoInfraccionServiceImpl  : Buscando tipo de infracción con id: 1
2026-06-15T16:54:57.046-04:00  INFO 425776 --- [core-sifa-test] [main] c.s.c.service.TipoInfraccionServiceImpl  : Buscando tipo de infracción con id: 99
2026-06-15T16:54:57.054-04:00  INFO 425776 --- [core-sifa-test] [main] c.s.c.service.TipoInfraccionServiceImpl  : Deshabilitando tipo de infracción con id: 1
2026-06-15T16:54:57.060-04:00  INFO 425776 --- [core-sifa-test] [main] c.s.c.service.TipoInfraccionServiceImpl  : Deshabilitando tipo de infracción con id: 99
2026-06-15T16:54:57.066-04:00  INFO 425776 --- [core-sifa-test] [main] c.s.c.service.TipoInfraccionServiceImpl  : Actualizando tipo de infracción con id: 1
2026-06-15T16:54:57.073-04:00  INFO 425776 --- [core-sifa-test] [main] c.s.c.service.TipoInfraccionServiceImpl  : Listando todos los tipos de infracción
2026-06-15T16:54:57.078-04:00  INFO 425776 --- [core-sifa-test] [main] c.s.c.service.TipoInfraccionServiceImpl  : Listando tipos de infracción paginados - página: 0, tamaño: 10
2026-06-15T16:54:57.089-04:00  INFO 425776 --- [core-sifa-test] [main] c.s.c.s.device.DeviceMaintenanceService  : Running device status cleanup...
2026-06-15T16:54:57.090-04:00  INFO 425776 --- [core-sifa-test] [main] c.s.c.s.device.DeviceMaintenanceService  : Device cleanup completed: 5 devices affected
2026-06-15T16:54:57.095-04:00  INFO 425776 --- [core-sifa-test] [main] c.s.c.s.device.DeviceMaintenanceService  : Running device status cleanup...
2026-06-15T16:54:57.331-04:00  INFO 425776 --- [core-sifa-test] [main] c.s.c.s.device.DeviceTokenServiceImpl    : Sending notification to all 1 registered devices
2026-06-15T16:54:57.332-04:00 ERROR 425776 --- [core-sifa-test] [main] c.s.c.s.device.DeviceTokenServiceImpl    : Failed to send notification to device bad-token (user: u1@test.cl): Firebase error
2026-06-15T16:54:57.332-04:00  INFO 425776 --- [core-sifa-test] [main] c.s.c.s.device.DeviceTokenServiceImpl    : Notification sent to 0/1 devices
2026-06-15T16:54:57.343-04:00  INFO 425776 --- [core-sifa-test] [main] c.s.c.s.device.DeviceTokenServiceImpl    : Sending notification to 2 outdated devices (current version: 2.0.0)
2026-06-15T16:54:57.344-04:00  INFO 425776 --- [core-sifa-test] [main] c.s.c.s.device.DeviceTokenServiceImpl    : Notification sent to 2/2 devices
2026-06-15T16:54:57.351-04:00  INFO 425776 --- [core-sifa-test] [main] c.s.c.s.device.DeviceTokenServiceImpl    : Cleanup: marked 3 devices as INACTIVE
2026-06-15T16:54:57.358-04:00  INFO 425776 --- [core-sifa-test] [main] c.s.c.s.device.DeviceTokenServiceImpl    : Registrando dispositivo para usuario: user@test.cl, platform: ANDROID, appVersion: unknown
2026-06-15T16:54:57.359-04:00  INFO 425776 --- [core-sifa-test] [main] c.s.c.s.device.DeviceTokenServiceImpl    : Nuevo dispositivo registrado para: user@test.cl
2026-06-15T16:54:57.365-04:00  WARN 425776 --- [core-sifa-test] [main] c.s.c.s.device.DeviceTokenServiceImpl    : Auto-registrado nuevo DeviceToken null para usuario user@test.cl desde heartbeat (fcmToken provisto)
2026-06-15T16:54:57.370-04:00  INFO 425776 --- [core-sifa-test] [main] c.s.c.s.device.DeviceTokenServiceImpl    : Registrando dispositivo para usuario: user@test.cl, platform: IOS, appVersion: unknown
2026-06-15T16:54:57.371-04:00  INFO 425776 --- [core-sifa-test] [main] c.s.c.s.device.DeviceTokenServiceImpl    : Eliminados 1 token(s) antiguo(s) para: user@test.cl
2026-06-15T16:54:57.372-04:00  INFO 425776 --- [core-sifa-test] [main] c.s.c.s.device.DeviceTokenServiceImpl    : Nuevo dispositivo registrado para: user@test.cl
2026-06-15T16:54:57.378-04:00  INFO 425776 --- [core-sifa-test] [main] c.s.c.s.device.DeviceTokenServiceImpl    : No registered devices found for platform: IOS
2026-06-15T16:54:57.383-04:00  INFO 425776 --- [core-sifa-test] [main] c.s.c.s.device.DeviceTokenServiceImpl    : Sending notification to 1 devices on platform: ANDROID
2026-06-15T16:54:57.384-04:00  INFO 425776 --- [core-sifa-test] [main] c.s.c.s.device.DeviceTokenServiceImpl    : Notification sent to 1/1 devices
2026-06-15T16:54:57.391-04:00  INFO 425776 --- [core-sifa-test] [main] c.s.c.s.device.DeviceTokenServiceImpl    : No outdated devices found (current version: 2.0.0)
2026-06-15T16:54:57.395-04:00  INFO 425776 --- [core-sifa-test] [main] c.s.c.s.device.DeviceTokenServiceImpl    : Sending notification to all 1 registered devices
2026-06-15T16:54:57.396-04:00  INFO 425776 --- [core-sifa-test] [main] c.s.c.s.device.DeviceTokenServiceImpl    : Notification sent to 1/1 devices
2026-06-15T16:54:57.400-04:00  INFO 425776 --- [core-sifa-test] [main] c.s.c.s.device.DeviceTokenServiceImpl    : Sending notification to 1 selected devices
2026-06-15T16:54:57.401-04:00  INFO 425776 --- [core-sifa-test] [main] c.s.c.s.device.DeviceTokenServiceImpl    : Notification sent to 1/1 devices
2026-06-15T16:54:57.407-04:00  INFO 425776 --- [core-sifa-test] [main] c.s.c.s.device.DeviceTokenServiceImpl    : No devices found for the given IDs
2026-06-15T16:54:57.421-04:00  INFO 425776 --- [core-sifa-test] [main] c.s.c.s.device.DeviceTokenServiceImpl    : No registered devices found
2026-06-15T16:54:57.426-04:00  INFO 425776 --- [core-sifa-test] [main] c.s.c.s.device.DeviceTokenServiceImpl    : Registrando dispositivo para usuario: user@test.cl, platform: ANDROID, appVersion: 2.0.0
2026-06-15T16:54:57.428-04:00  INFO 425776 --- [core-sifa-test] [main] c.s.c.s.device.DeviceTokenServiceImpl    : Token existente actualizado para: user@test.cl
2026-06-15T16:54:57.433-04:00  INFO 425776 --- [core-sifa-test] [main] c.s.c.s.device.DeviceTokenServiceImpl    : Linked deviceId device-456 to token 2 (user: user@test.cl)
2026-06-15T16:54:57.441-04:00  WARN 425776 --- [core-sifa-test] [main] c.s.c.s.device.DeviceTokenServiceImpl    : Heartbeat recibido para usuario user@test.cl (deviceId device-000) pero NO existe DeviceToken ni se puede crear (falta fcmToken). El dispositivo NO recibirá notificaciones push hasta que la app móvil registre su FCM token.
2026-06-15T16:54:58.002-04:00  INFO 425776 --- [core-sifa-test] [main] c.s.c.s.i.InfraccionServiceImpl          : Buscando infracciones por patente: ABCD12
2026-06-15T16:54:58.008-04:00  INFO 425776 --- [core-sifa-test] [main] c.s.c.s.i.InfraccionServiceImpl          : Buscando infraccion con id: 1
2026-06-15T16:54:58.013-04:00  INFO 425776 --- [core-sifa-test] [main] c.s.c.s.i.InfraccionServiceImpl          : Administrativo JPL jpl@test.cl procesando infracción ID: 1
2026-06-15T16:54:58.022-04:00  INFO 425776 --- [core-sifa-test] [main] c.s.c.s.i.InfraccionServiceImpl          : Administrativo JPL jpl@test.cl procesando infracción ID: 1
2026-06-15T16:54:58.028-04:00  INFO 425776 --- [core-sifa-test] [main] c.s.c.s.i.InfraccionServiceImpl          : Administrativo JPL jpl@test.cl procesando infracción ID: 1
2026-06-15T16:54:58.029-04:00  INFO 425776 --- [core-sifa-test] [main] c.s.c.s.i.InfraccionServiceImpl          : Infracción ID: 1 procesada exitosamente con estado: APROBADA
2026-06-15T16:54:58.040-04:00  INFO 425776 --- [core-sifa-test] [main] c.s.c.s.i.InfraccionServiceImpl          : Generando reporte de productividad de fiscalizadores
2026-06-15T16:54:58.046-04:00  INFO 425776 --- [core-sifa-test] [main] c.s.c.s.i.InfraccionServiceImpl          : Buscando infraccion con id: 99
2026-06-15T16:54:58.052-04:00  INFO 425776 --- [core-sifa-test] [main] c.s.c.s.i.InfraccionServiceImpl          : Iniciando creación de infracción para patente: ABCD12
2026-06-15T16:54:58.061-04:00  INFO 425776 --- [core-sifa-test] [main] c.s.c.s.i.InfraccionServiceImpl          : Generando estadísticas del Dashboard
2026-06-15T16:54:58.069-04:00  INFO 425776 --- [core-sifa-test] [main] c.s.c.s.i.InfraccionServiceImpl          : Iniciando creación de infracción para patente: ABCD12
2026-06-15T16:54:58.074-04:00  INFO 425776 --- [core-sifa-test] [main] c.s.c.s.i.InfraccionServiceImpl          : Generando reporte de productividad de fiscalizadores
2026-06-15T16:54:58.193-04:00  INFO 425776 --- [core-sifa-test] [main] c.s.c.s.i.InfraccionServiceImpl          : Iniciando creación de infracción para patente: ABCD12
2026-06-15T16:54:58.194-04:00  INFO 425776 --- [core-sifa-test] [main] c.s.c.s.i.InfraccionServiceImpl          : Infracción creada exitosamente con ID: 1
2026-06-15T16:54:58.194-04:00  INFO 425776 --- [core-sifa-test] [main] c.s.c.s.i.InfraccionServiceImpl          : [+] Citación empadronada gatillada y enlazada automáticamente en la transacción.
2026-06-15T16:54:58.200-04:00  INFO 425776 --- [core-sifa-test] [main] c.s.c.s.i.InfraccionServiceImpl          : Buscando infracciones por id Fiscalizador: fiscalizador@test.cl
2026-06-15T16:54:58.206-04:00  INFO 425776 --- [core-sifa-test] [main] c.s.c.s.i.InfraccionServiceImpl          : Editando infracción ID: 1
2026-06-15T16:54:58.215-04:00  INFO 425776 --- [core-sifa-test] [main] c.s.c.s.i.InfraccionServiceImpl          : Listando todas las infracciones
2026-06-15T16:54:58.232-04:00  INFO 425776 --- [core-sifa-test] [main] c.s.core_sifa.service.VehiculoService    : Listando todos los vehículos
2026-06-15T16:54:58.237-04:00  INFO 425776 --- [core-sifa-test] [main] c.s.core_sifa.service.VehiculoService    : Buscando vehículo con id: ABCD12
2026-06-15T16:54:58.241-04:00  INFO 425776 --- [core-sifa-test] [main] c.s.core_sifa.service.VehiculoService    : Buscando vehículo con id: INVALID
2026-06-15T16:54:58.413-04:00  INFO 425776 --- [core-sifa-test] [main] c.s.c.s.FiscalizadorPresenciaService     : Recibiendo latido de presencia de: fiscalizador@test.cl
2026-06-15T16:54:58.665-04:00  INFO 425776 --- [core-sifa-test] [main] c.s.c.service.push.FirebasePushService   : Push notification sent successfully. MessageId: message-id-123, Token: valid-token...
2026-06-15T16:54:59.063-04:00  INFO 425776 --- [core-sifa-test] [main] c.s.core_sifa.service.CitacionService    : Administrativo jpl@test.cl actualizando citación 1.
2026-06-15T16:54:59.068-04:00  INFO 425776 --- [core-sifa-test] [main] c.s.core_sifa.service.CitacionService    : Citacion actualizada exitosamente con ID 1
2026-06-15T16:54:59.078-04:00  INFO 425776 --- [core-sifa-test] [main] c.s.core_sifa.service.CitacionService    : Creando citación para la infracción ID: 1
2026-06-15T16:54:59.090-04:00  INFO 425776 --- [core-sifa-test] [main] c.s.core_sifa.service.CitacionService    : Buscando citación con ID: 1
2026-06-15T16:54:59.096-04:00  INFO 425776 --- [core-sifa-test] [main] c.s.core_sifa.service.CitacionService    : Administrativo jpl@test.cl actualizando citación 99.
2026-06-15T16:54:59.105-04:00  INFO 425776 --- [core-sifa-test] [main] c.s.core_sifa.service.CitacionService    : Listando citaciones con filtros - startDate: null, endDate: null, search: null
2026-06-15T16:54:59.111-04:00  INFO 425776 --- [core-sifa-test] [main] c.s.core_sifa.service.CitacionService    : Buscando citación con ID: 99
2026-06-15T16:54:59.116-04:00  INFO 425776 --- [core-sifa-test] [main] c.s.core_sifa.service.CitacionService    : Creando citación para la infracción ID: 1
2026-06-15T16:54:59.117-04:00  INFO 425776 --- [core-sifa-test] [main] c.s.core_sifa.service.CitacionService    : Citación ID 1 creada exitosamente
2026-06-15T16:54:59.121-04:00  INFO 425776 --- [core-sifa-test] [main] c.s.core_sifa.service.CitacionService    : Creando citación para la infracción ID: 99
2026-06-15T16:54:59.127-04:00  INFO 425776 --- [core-sifa-test] [main] c.s.c.s.storage.MockStorageServiceImpl   : MOCK STORAGE -> Archivo eliminado: https://mock.sifa.cl/test.jpg
2026-06-15T16:54:59.129-04:00  INFO 425776 --- [core-sifa-test] [main] c.s.c.s.storage.MockStorageServiceImpl   : MOCK STORAGE -> Archivo simulado: https://mock.sifa.cl/infraccion_1.jpg
2026-06-15T16:54:59.133-04:00  INFO 425776 --- [core-sifa-test] [main] c.s.c.s.storage.MockStorageServiceImpl   : MOCK STORAGE -> Archivo simulado: https://mock.sifa.cl/infraccion_1_1.jpg
2026-06-15T16:54:59.133-04:00  INFO 425776 --- [core-sifa-test] [main] c.s.c.s.storage.MockStorageServiceImpl   : MOCK STORAGE -> Archivo simulado: https://mock.sifa.cl/infraccion_1_2.jpg
2026-06-15T16:54:59.365-04:00  INFO 425776 --- [core-sifa-test] [main] c.s.c.s.n.NotificationLogServiceImpl     : Notification log saved: targetType=ALL, devicesCount=10, sentBy=admin@test.cl
2026-06-15T16:54:59.670-04:00 ERROR 425776 --- [core-sifa-test] [main] c.s.c.s.audits.AuditLogServiceImpl       : [AUDITORIA-ERROR] Error silencioso general al comunicarse con el Core.
2026-06-15T16:54:59.670-04:00 ERROR 425776 --- [core-sifa-test] [main] c.s.c.s.audits.AuditLogServiceImpl       : Clase del error: java.lang.RuntimeException
2026-06-15T16:54:59.671-04:00 ERROR 425776 --- [core-sifa-test] [main] c.s.c.s.audits.AuditLogServiceImpl       : Mensaje exacto: DB error
2026-06-15T16:54:59.671-04:00 ERROR 425776 --- [core-sifa-test] [main] c.s.c.s.audits.AuditLogServiceImpl       : Stacktrace completo: 

java.lang.RuntimeException: DB error
	at com.sifa.core_sifa.service.audits.AuditLogServiceImpl.registrarLog(AuditLogServiceImpl.java:81) ~[classes/:na]
	at com.sifa.core_sifa.service.audits.AuditLogServiceImplTest.registrarLog_cuandoError_noPropagaExcepcion(AuditLogServiceImplTest.java:111) ~[test-classes/:na]
	at java.base/jdk.internal.reflect.DirectMethodHandleAccessor.invoke(DirectMethodHandleAccessor.java:103) ~[na:na]
	at java.base/java.lang.reflect.Method.invoke(Method.java:580) ~[na:na]
	at org.junit.platform.commons.util.ReflectionUtils.invokeMethod(ReflectionUtils.java:767) ~[junit-platform-commons-1.11.4.jar:1.11.4]
	at org.junit.jupiter.engine.execution.MethodInvocation.proceed(MethodInvocation.java:60) ~[junit-jupiter-engine-5.11.4.jar:5.11.4]
	at org.junit.jupiter.engine.execution.InvocationInterceptorChain$ValidatingInvocation.proceed(InvocationInterceptorChain.java:131) ~[junit-jupiter-engine-5.11.4.jar:5.11.4]
	at org.junit.jupiter.engine.extension.TimeoutExtension.intercept(TimeoutExtension.java:156) ~[junit-jupiter-engine-5.11.4.jar:5.11.4]
	at org.junit.jupiter.engine.extension.TimeoutExtension.interceptTestableMethod(TimeoutExtension.java:147) ~[junit-jupiter-engine-5.11.4.jar:5.11.4]
	at org.junit.jupiter.engine.extension.TimeoutExtension.interceptTestMethod(TimeoutExtension.java:86) ~[junit-jupiter-engine-5.11.4.jar:5.11.4]
	at org.junit.jupiter.engine.execution.InterceptingExecutableInvoker$ReflectiveInterceptorCall.lambda$ofVoidMethod$0(InterceptingExecutableInvoker.java:103) ~[junit-jupiter-engine-5.11.4.jar:5.11.4]
	at org.junit.jupiter.engine.execution.InterceptingExecutableInvoker.lambda$invoke$0(InterceptingExecutableInvoker.java:93) ~[junit-jupiter-engine-5.11.4.jar:5.11.4]
	at org.junit.jupiter.engine.execution.InvocationInterceptorChain$InterceptedInvocation.proceed(InvocationInterceptorChain.java:106) ~[junit-jupiter-engine-5.11.4.jar:5.11.4]
	at org.junit.jupiter.engine.execution.InvocationInterceptorChain.proceed(InvocationInterceptorChain.java:64) ~[junit-jupiter-engine-5.11.4.jar:5.11.4]
	at org.junit.jupiter.engine.execution.InvocationInterceptorChain.chainAndInvoke(InvocationInterceptorChain.java:45) ~[junit-jupiter-engine-5.11.4.jar:5.11.4]
	at org.junit.jupiter.engine.execution.InvocationInterceptorChain.invoke(InvocationInterceptorChain.java:37) ~[junit-jupiter-engine-5.11.4.jar:5.11.4]
	at org.junit.jupiter.engine.execution.InterceptingExecutableInvoker.invoke(InterceptingExecutableInvoker.java:92) ~[junit-jupiter-engine-5.11.4.jar:5.11.4]
	at org.junit.jupiter.engine.execution.InterceptingExecutableInvoker.invoke(InterceptingExecutableInvoker.java:86) ~[junit-jupiter-engine-5.11.4.jar:5.11.4]
	at org.junit.jupiter.engine.descriptor.TestMethodTestDescriptor.lambda$invokeTestMethod$8(TestMethodTestDescriptor.java:217) ~[junit-jupiter-engine-5.11.4.jar:5.11.4]
	at org.junit.platform.engine.support.hierarchical.ThrowableCollector.execute(ThrowableCollector.java:73) ~[junit-platform-engine-1.11.4.jar:1.11.4]
	at org.junit.jupiter.engine.descriptor.TestMethodTestDescriptor.invokeTestMethod(TestMethodTestDescriptor.java:213) ~[junit-jupiter-engine-5.11.4.jar:5.11.4]
	at org.junit.jupiter.engine.descriptor.TestMethodTestDescriptor.execute(TestMethodTestDescriptor.java:138) ~[junit-jupiter-engine-5.11.4.jar:5.11.4]
	at org.junit.jupiter.engine.descriptor.TestMethodTestDescriptor.execute(TestMethodTestDescriptor.java:68) ~[junit-jupiter-engine-5.11.4.jar:5.11.4]
	at org.junit.platform.engine.support.hierarchical.NodeTestTask.lambda$executeRecursively$6(NodeTestTask.java:156) ~[junit-platform-engine-1.11.4.jar:1.11.4]
	at org.junit.platform.engine.support.hierarchical.ThrowableCollector.execute(ThrowableCollector.java:73) ~[junit-platform-engine-1.11.4.jar:1.11.4]
	at org.junit.platform.engine.support.hierarchical.NodeTestTask.lambda$executeRecursively$8(NodeTestTask.java:146) ~[junit-platform-engine-1.11.4.jar:1.11.4]
	at org.junit.platform.engine.support.hierarchical.Node.around(Node.java:137) ~[junit-platform-engine-1.11.4.jar:1.11.4]
	at org.junit.platform.engine.support.hierarchical.NodeTestTask.lambda$executeRecursively$9(NodeTestTask.java:144) ~[junit-platform-engine-1.11.4.jar:1.11.4]
	at org.junit.platform.engine.support.hierarchical.ThrowableCollector.execute(ThrowableCollector.java:73) ~[junit-platform-engine-1.11.4.jar:1.11.4]
	at org.junit.platform.engine.support.hierarchical.NodeTestTask.executeRecursively(NodeTestTask.java:143) ~[junit-platform-engine-1.11.4.jar:1.11.4]
	at org.junit.platform.engine.support.hierarchical.NodeTestTask.execute(NodeTestTask.java:100) ~[junit-platform-engine-1.11.4.jar:1.11.4]
	at java.base/java.util.ArrayList.forEach(ArrayList.java:1596) ~[na:na]
	at org.junit.platform.engine.support.hierarchical.SameThreadHierarchicalTestExecutorService.invokeAll(SameThreadHierarchicalTestExecutorService.java:41) ~[junit-platform-engine-1.11.4.jar:1.11.4]
	at org.junit.platform.engine.support.hierarchical.NodeTestTask.lambda$executeRecursively$6(NodeTestTask.java:160) ~[junit-platform-engine-1.11.4.jar:1.11.4]
	at org.junit.platform.engine.support.hierarchical.ThrowableCollector.execute(ThrowableCollector.java:73) ~[junit-platform-engine-1.11.4.jar:1.11.4]
	at org.junit.platform.engine.support.hierarchical.NodeTestTask.lambda$executeRecursively$8(NodeTestTask.java:146) ~[junit-platform-engine-1.11.4.jar:1.11.4]
	at org.junit.platform.engine.support.hierarchical.Node.around(Node.java:137) ~[junit-platform-engine-1.11.4.jar:1.11.4]
	at org.junit.platform.engine.support.hierarchical.NodeTestTask.lambda$executeRecursively$9(NodeTestTask.java:144) ~[junit-platform-engine-1.11.4.jar:1.11.4]
	at org.junit.platform.engine.support.hierarchical.ThrowableCollector.execute(ThrowableCollector.java:73) ~[junit-platform-engine-1.11.4.jar:1.11.4]
	at org.junit.platform.engine.support.hierarchical.NodeTestTask.executeRecursively(NodeTestTask.java:143) ~[junit-platform-engine-1.11.4.jar:1.11.4]
	at org.junit.platform.engine.support.hierarchical.NodeTestTask.execute(NodeTestTask.java:100) ~[junit-platform-engine-1.11.4.jar:1.11.4]
	at java.base/java.util.ArrayList.forEach(ArrayList.java:1596) ~[na:na]
	at org.junit.platform.engine.support.hierarchical.SameThreadHierarchicalTestExecutorService.invokeAll(SameThreadHierarchicalTestExecutorService.java:41) ~[junit-platform-engine-1.11.4.jar:1.11.4]
	at org.junit.platform.engine.support.hierarchical.NodeTestTask.lambda$executeRecursively$6(NodeTestTask.java:160) ~[junit-platform-engine-1.11.4.jar:1.11.4]
	at org.junit.platform.engine.support.hierarchical.ThrowableCollector.execute(ThrowableCollector.java:73) ~[junit-platform-engine-1.11.4.jar:1.11.4]
	at org.junit.platform.engine.support.hierarchical.NodeTestTask.lambda$executeRecursively$8(NodeTestTask.java:146) ~[junit-platform-engine-1.11.4.jar:1.11.4]
	at org.junit.platform.engine.support.hierarchical.Node.around(Node.java:137) ~[junit-platform-engine-1.11.4.jar:1.11.4]
	at org.junit.platform.engine.support.hierarchical.NodeTestTask.lambda$executeRecursively$9(NodeTestTask.java:144) ~[junit-platform-engine-1.11.4.jar:1.11.4]
	at org.junit.platform.engine.support.hierarchical.ThrowableCollector.execute(ThrowableCollector.java:73) ~[junit-platform-engine-1.11.4.jar:1.11.4]
	at org.junit.platform.engine.support.hierarchical.NodeTestTask.executeRecursively(NodeTestTask.java:143) ~[junit-platform-engine-1.11.4.jar:1.11.4]
	at org.junit.platform.engine.support.hierarchical.NodeTestTask.execute(NodeTestTask.java:100) ~[junit-platform-engine-1.11.4.jar:1.11.4]
	at org.junit.platform.engine.support.hierarchical.SameThreadHierarchicalTestExecutorService.submit(SameThreadHierarchicalTestExecutorService.java:35) ~[junit-platform-engine-1.11.4.jar:1.11.4]
	at org.junit.platform.engine.support.hierarchical.HierarchicalTestExecutor.execute(HierarchicalTestExecutor.java:57) ~[junit-platform-engine-1.11.4.jar:1.11.4]
	at org.junit.platform.engine.support.hierarchical.HierarchicalTestEngine.execute(HierarchicalTestEngine.java:54) ~[junit-platform-engine-1.11.4.jar:1.11.4]
	at org.junit.platform.launcher.core.EngineExecutionOrchestrator.execute(EngineExecutionOrchestrator.java:198) ~[junit-platform-launcher-1.11.4.jar:1.11.4]
	at org.junit.platform.launcher.core.EngineExecutionOrchestrator.execute(EngineExecutionOrchestrator.java:169) ~[junit-platform-launcher-1.11.4.jar:1.11.4]
	at org.junit.platform.launcher.core.EngineExecutionOrchestrator.execute(EngineExecutionOrchestrator.java:93) ~[junit-platform-launcher-1.11.4.jar:1.11.4]
	at org.junit.platform.launcher.core.EngineExecutionOrchestrator.lambda$execute$0(EngineExecutionOrchestrator.java:58) ~[junit-platform-launcher-1.11.4.jar:1.11.4]
	at org.junit.platform.launcher.core.EngineExecutionOrchestrator.withInterceptedStreams(EngineExecutionOrchestrator.java:141) ~[junit-platform-launcher-1.11.4.jar:1.11.4]
	at org.junit.platform.launcher.core.EngineExecutionOrchestrator.execute(EngineExecutionOrchestrator.java:57) ~[junit-platform-launcher-1.11.4.jar:1.11.4]
	at org.junit.platform.launcher.core.DefaultLauncher.execute(DefaultLauncher.java:103) ~[junit-platform-launcher-1.11.4.jar:1.11.4]
	at org.junit.platform.launcher.core.DefaultLauncher.execute(DefaultLauncher.java:85) ~[junit-platform-launcher-1.11.4.jar:1.11.4]
	at org.junit.platform.launcher.core.DelegatingLauncher.execute(DelegatingLauncher.java:47) ~[junit-platform-launcher-1.11.4.jar:1.11.4]
	at org.apache.maven.surefire.junitplatform.LazyLauncher.execute(LazyLauncher.java:56) ~[surefire-junit-platform-3.5.2.jar:3.5.2]
	at org.apache.maven.surefire.junitplatform.JUnitPlatformProvider.execute(JUnitPlatformProvider.java:184) ~[surefire-junit-platform-3.5.2.jar:3.5.2]
	at org.apache.maven.surefire.junitplatform.JUnitPlatformProvider.invokeAllTests(JUnitPlatformProvider.java:148) ~[surefire-junit-platform-3.5.2.jar:3.5.2]
	at org.apache.maven.surefire.junitplatform.JUnitPlatformProvider.invoke(JUnitPlatformProvider.java:122) ~[surefire-junit-platform-3.5.2.jar:3.5.2]
	at org.apache.maven.surefire.booter.ForkedBooter.runSuitesInProcess(ForkedBooter.java:385) ~[surefire-booter-3.5.2.jar:3.5.2]
	at org.apache.maven.surefire.booter.ForkedBooter.execute(ForkedBooter.java:162) ~[surefire-booter-3.5.2.jar:3.5.2]
	at org.apache.maven.surefire.booter.ForkedBooter.run(ForkedBooter.java:507) ~[surefire-booter-3.5.2.jar:3.5.2]
	at org.apache.maven.surefire.booter.ForkedBooter.main(ForkedBooter.java:495) ~[surefire-booter-3.5.2.jar:3.5.2]

2026-06-15T16:54:59.693-04:00  INFO 425776 --- [core-sifa-test] [main] c.s.c.s.audits.AuditLogServiceImpl       : Buscando auditoria con id: 99
2026-06-15T16:54:59.698-04:00  INFO 425776 --- [core-sifa-test] [main] c.s.c.s.audits.AuditLogServiceImpl       : Auditoría guardada exitosamente | Usuario: admin@test.cl | Acción: PROCESAR_INFRACCION
2026-06-15T16:54:59.702-04:00  INFO 425776 --- [core-sifa-test] [main] c.s.c.s.audits.AuditLogServiceImpl       : Buscando auditoria con id: 1
2026-06-15T16:54:59.709-04:00  INFO 425776 --- [core-sifa-test] [main] t.c.s.AnnotationConfigContextLoaderUtils : Could not detect default configuration classes for test class [com.sifa.core_sifa.CoreSifaApplicationTests]: CoreSifaApplicationTests does not declare any static, non-private, non-final, nested classes annotated with @Configuration.
2026-06-15T16:54:59.723-04:00  INFO 425776 --- [core-sifa-test] [main] .b.t.c.SpringBootTestContextBootstrapper : Found @SpringBootConfiguration com.sifa.core_sifa.CoreSifaApplication for test class com.sifa.core_sifa.CoreSifaApplicationTests
2026-06-15T16:54:59.753-04:00  INFO 425776 --- [core-sifa-test] [main] t.c.s.AnnotationConfigContextLoaderUtils : Could not detect default configuration classes for test class [com.sifa.core_sifa.repository.IAuditLogRepositoryTest]: IAuditLogRepositoryTest does not declare any static, non-private, non-final, nested classes annotated with @Configuration.
2026-06-15T16:54:59.768-04:00  INFO 425776 --- [core-sifa-test] [main] .b.t.c.SpringBootTestContextBootstrapper : Found @SpringBootConfiguration com.sifa.core_sifa.CoreSifaApplication for test class com.sifa.core_sifa.repository.IAuditLogRepositoryTest
2026-06-15T16:55:00.039-04:00  INFO 425776 --- [core-sifa-test] [scheduling-1] c.s.c.s.device.DeviceMaintenanceService  : Running device status cleanup...
2026-06-15T16:55:00.073-04:00  INFO 425776 --- [core-sifa-test] [scheduling-1] c.s.c.s.device.DeviceTokenServiceImpl    : Cleanup: marked 0 devices as INACTIVE
2026-06-15T16:55:00.175-04:00  INFO 425776 --- [core-sifa-test] [main] t.c.s.AnnotationConfigContextLoaderUtils : Could not detect default configuration classes for test class [com.sifa.core_sifa.repository.INotificationLogRepositoryTest]: INotificationLogRepositoryTest does not declare any static, non-private, non-final, nested classes annotated with @Configuration.
2026-06-15T16:55:00.181-04:00  INFO 425776 --- [core-sifa-test] [main] .b.t.c.SpringBootTestContextBootstrapper : Found @SpringBootConfiguration com.sifa.core_sifa.CoreSifaApplication for test class com.sifa.core_sifa.repository.INotificationLogRepositoryTest
2026-06-15T16:55:00.358-04:00  INFO 425776 --- [core-sifa-test] [main] t.c.s.AnnotationConfigContextLoaderUtils : Could not detect default configuration classes for test class [com.sifa.core_sifa.repository.IDeviceTokenRepositoryTest]: IDeviceTokenRepositoryTest does not declare any static, non-private, non-final, nested classes annotated with @Configuration.
2026-06-15T16:55:00.361-04:00  INFO 425776 --- [core-sifa-test] [main] .b.t.c.SpringBootTestContextBootstrapper : Found @SpringBootConfiguration com.sifa.core_sifa.CoreSifaApplication for test class com.sifa.core_sifa.repository.IDeviceTokenRepositoryTest
2026-06-15T16:55:00.729-04:00  INFO 425776 --- [core-sifa-test] [main] t.c.s.AnnotationConfigContextLoaderUtils : Could not detect default configuration classes for test class [com.sifa.core_sifa.repository.IPropietarioVehiculoRepositoryTest]: IPropietarioVehiculoRepositoryTest does not declare any static, non-private, non-final, nested classes annotated with @Configuration.
2026-06-15T16:55:00.731-04:00  INFO 425776 --- [core-sifa-test] [main] .b.t.c.SpringBootTestContextBootstrapper : Found @SpringBootConfiguration com.sifa.core_sifa.CoreSifaApplication for test class com.sifa.core_sifa.repository.IPropietarioVehiculoRepositoryTest
2026-06-15T16:55:00.811-04:00  INFO 425776 --- [core-sifa-test] [main] t.c.s.AnnotationConfigContextLoaderUtils : Could not detect default configuration classes for test class [com.sifa.core_sifa.repository.ITipoInfraccionRepositoryTest]: ITipoInfraccionRepositoryTest does not declare any static, non-private, non-final, nested classes annotated with @Configuration.
2026-06-15T16:55:00.814-04:00  INFO 425776 --- [core-sifa-test] [main] .b.t.c.SpringBootTestContextBootstrapper : Found @SpringBootConfiguration com.sifa.core_sifa.CoreSifaApplication for test class com.sifa.core_sifa.repository.ITipoInfraccionRepositoryTest
2026-06-15T16:55:00.913-04:00  INFO 425776 --- [core-sifa-test] [main] t.c.s.AnnotationConfigContextLoaderUtils : Could not detect default configuration classes for test class [com.sifa.core_sifa.repository.IInfraccionRepositoryTest]: IInfraccionRepositoryTest does not declare any static, non-private, non-final, nested classes annotated with @Configuration.
2026-06-15T16:55:00.915-04:00  INFO 425776 --- [core-sifa-test] [main] .b.t.c.SpringBootTestContextBootstrapper : Found @SpringBootConfiguration com.sifa.core_sifa.CoreSifaApplication for test class com.sifa.core_sifa.repository.IInfraccionRepositoryTest
2026-06-15T16:55:01.723-04:00  INFO 425776 --- [core-sifa-test] [main] t.c.s.AnnotationConfigContextLoaderUtils : Could not detect default configuration classes for test class [com.sifa.core_sifa.repository.ICitacionRepositoryTest]: ICitacionRepositoryTest does not declare any static, non-private, non-final, nested classes annotated with @Configuration.
2026-06-15T16:55:01.725-04:00  INFO 425776 --- [core-sifa-test] [main] .b.t.c.SpringBootTestContextBootstrapper : Found @SpringBootConfiguration com.sifa.core_sifa.CoreSifaApplication for test class com.sifa.core_sifa.repository.ICitacionRepositoryTest
2026-06-15T16:55:02.038-04:00  INFO 425776 --- [core-sifa-test] [main] t.c.s.AnnotationConfigContextLoaderUtils : Could not detect default configuration classes for test class [com.sifa.core_sifa.repository.IFiscalizadorPresenciaRepositoryTest]: IFiscalizadorPresenciaRepositoryTest does not declare any static, non-private, non-final, nested classes annotated with @Configuration.
2026-06-15T16:55:02.040-04:00  INFO 425776 --- [core-sifa-test] [main] .b.t.c.SpringBootTestContextBootstrapper : Found @SpringBootConfiguration com.sifa.core_sifa.CoreSifaApplication for test class com.sifa.core_sifa.repository.IFiscalizadorPresenciaRepositoryTest
2026-06-15T16:55:02.162-04:00  INFO 425776 --- [core-sifa-test] [main] t.c.s.AnnotationConfigContextLoaderUtils : Could not detect default configuration classes for test class [com.sifa.core_sifa.repository.IVehiculoRepositoryTest]: IVehiculoRepositoryTest does not declare any static, non-private, non-final, nested classes annotated with @Configuration.
2026-06-15T16:55:02.164-04:00  INFO 425776 --- [core-sifa-test] [main] .b.t.c.SpringBootTestContextBootstrapper : Found @SpringBootConfiguration com.sifa.core_sifa.CoreSifaApplication for test class com.sifa.core_sifa.repository.IVehiculoRepositoryTest
2026-06-15T16:55:02.418-04:00  INFO 425776 --- [core-sifa-test] [main] t.c.s.AnnotationConfigContextLoaderUtils : Could not detect default configuration classes for test class [com.sifa.core_sifa.repository.IEvidenciaFotograficaRepositoryTest]: IEvidenciaFotograficaRepositoryTest does not declare any static, non-private, non-final, nested classes annotated with @Configuration.
2026-06-15T16:55:02.420-04:00  INFO 425776 --- [core-sifa-test] [main] .b.t.c.SpringBootTestContextBootstrapper : Found @SpringBootConfiguration com.sifa.core_sifa.CoreSifaApplication for test class com.sifa.core_sifa.repository.IEvidenciaFotograficaRepositoryTest
2026-06-15T16:55:03.167-04:00  INFO 425776 --- [core-sifa-test] [SpringApplicationShutdownHook] j.LocalContainerEntityManagerFactoryBean : Closing JPA EntityManagerFactory for persistence unit 'default'
2026-06-15T16:55:03.182-04:00  INFO 425776 --- [core-sifa-test] [SpringApplicationShutdownHook] com.zaxxer.hikari.HikariDataSource       : HikariPool-1 - Shutdown initiated...
2026-06-15T16:55:03.185-04:00  INFO 425776 --- [core-sifa-test] [SpringApplicationShutdownHook] com.zaxxer.hikari.HikariDataSource       : HikariPool-1 - Shutdown completed.
2026-06-15T16:55:23.260-04:00  INFO 427076 --- [core-sifa-test] [main] c.s.c.i.InfraccionFlowIntegrationTest    : Starting InfraccionFlowIntegrationTest using Java 21.0.11 with PID 427076 (started by andres-ortega in /home/andres-ortega/Escritorio/proyects/core-sifa)
2026-06-15T16:55:23.267-04:00  INFO 427076 --- [core-sifa-test] [main] c.s.c.i.InfraccionFlowIntegrationTest    : The following 2 profiles are active: "test", "dev"
2026-06-15T16:55:26.331-04:00  INFO 427076 --- [core-sifa-test] [main] .s.d.r.c.RepositoryConfigurationDelegate : Bootstrapping Spring Data JPA repositories in DEFAULT mode.
2026-06-15T16:55:26.627-04:00  INFO 427076 --- [core-sifa-test] [main] .s.d.r.c.RepositoryConfigurationDelegate : Finished Spring Data repository scanning in 270 ms. Found 10 JPA repository interfaces.
2026-06-15T16:55:31.967-04:00  INFO 427076 --- [core-sifa-test] [main] o.hibernate.jpa.internal.util.LogHelper  : HHH000204: Processing PersistenceUnitInfo [name: default]
2026-06-15T16:55:32.257-04:00  INFO 427076 --- [core-sifa-test] [main] org.hibernate.Version                    : HHH000412: Hibernate ORM core version 6.6.8.Final
2026-06-15T16:55:32.445-04:00  INFO 427076 --- [core-sifa-test] [main] o.h.c.internal.RegionFactoryInitiator    : HHH000026: Second-level cache disabled
2026-06-15T16:55:33.085-04:00  INFO 427076 --- [core-sifa-test] [main] o.s.o.j.p.SpringPersistenceUnitInfo      : No LoadTimeWeaver setup: ignoring JPA class transformer
2026-06-15T16:55:33.241-04:00  INFO 427076 --- [core-sifa-test] [main] com.zaxxer.hikari.HikariDataSource       : HikariPool-1 - Starting...
2026-06-15T16:55:34.290-04:00  INFO 427076 --- [core-sifa-test] [main] com.zaxxer.hikari.pool.HikariPool        : HikariPool-1 - Added connection conn0: url=jdbc:h2:mem:testdb user=SA
2026-06-15T16:55:34.301-04:00  INFO 427076 --- [core-sifa-test] [main] com.zaxxer.hikari.HikariDataSource       : HikariPool-1 - Start completed.
2026-06-15T16:55:34.421-04:00  WARN 427076 --- [core-sifa-test] [main] org.hibernate.orm.deprecation            : HHH90000025: H2Dialect does not need to be specified explicitly using 'hibernate.dialect' (remove the property setting and it will be selected by default)
2026-06-15T16:55:34.531-04:00  INFO 427076 --- [core-sifa-test] [main] org.hibernate.orm.connections.pooling    : HHH10001005: Database info:
	Database JDBC URL [Connecting through datasource 'HikariDataSource (HikariPool-1)']
	Database driver: undefined/unknown
	Database version: 2.3.232
	Autocommit mode: undefined/unknown
	Isolation level: undefined/unknown
	Minimum pool size: undefined/unknown
	Maximum pool size: undefined/unknown
2026-06-15T16:55:39.556-04:00  INFO 427076 --- [core-sifa-test] [main] o.h.e.t.j.p.i.JtaPlatformInitiator       : HHH000489: No JTA platform available (set 'hibernate.transaction.jta.platform' to enable JTA platform integration)
2026-06-15T16:55:39.869-04:00  INFO 427076 --- [core-sifa-test] [main] j.LocalContainerEntityManagerFactoryBean : Initialized JPA EntityManagerFactory for persistence unit 'default'
2026-06-15T16:55:40.807-04:00  INFO 427076 --- [core-sifa-test] [main] o.s.d.j.r.query.QueryEnhancerFactory     : Hibernate is in classpath; If applicable, HQL parser will be used.
2026-06-15T16:55:48.668-04:00  WARN 427076 --- [core-sifa-test] [main] JpaBaseConfiguration$JpaWebConfiguration : spring.jpa.open-in-view is enabled by default. Therefore, database queries may be performed during view rendering. Explicitly configure spring.jpa.open-in-view to disable this warning
2026-06-15T16:55:48.720-04:00  WARN 427076 --- [core-sifa-test] [main] .s.s.UserDetailsServiceAutoConfiguration : 

Using generated security password: 59ae1698-b358-45fe-a56a-75d41b0cf954

This generated password is for development use only. Your security configuration must be updated before running your application in production.

2026-06-15T16:55:48.766-04:00  INFO 427076 --- [core-sifa-test] [main] r$InitializeUserDetailsManagerConfigurer : Global AuthenticationManager configured with UserDetailsService bean with name inMemoryUserDetailsManager
2026-06-15T16:55:51.283-04:00  INFO 427076 --- [core-sifa-test] [main] c.s.c.i.InfraccionFlowIntegrationTest    : Started InfraccionFlowIntegrationTest in 29.862 seconds (process running for 34.626)
2026-06-15T16:55:51.288-04:00  INFO 427076 --- [core-sifa-test] [main] c.s.c.config.DataInitializerConfig       : ========================================================
2026-06-15T16:55:51.289-04:00  INFO 427076 --- [core-sifa-test] [main] c.s.c.config.DataInitializerConfig       : Verificando e inicializando Dataset de prueba en MySQL...
2026-06-15T16:55:51.605-04:00  INFO 427076 --- [core-sifa-test] [main] c.s.c.config.DataInitializerConfig       : [+] Tipo de Infracción 'Mal Estacionado' registrado.
2026-06-15T16:55:51.673-04:00  INFO 427076 --- [core-sifa-test] [main] c.s.c.config.DataInitializerConfig       : [+] Propietario RUT 9330521-3 registrado exitosamente.
2026-06-15T16:55:51.748-04:00  INFO 427076 --- [core-sifa-test] [main] c.s.c.config.DataInitializerConfig       : [+] Vehículo patente TZPW11 (Subaru Outback) registrado y enlazado al RUT 9330521-3.
2026-06-15T16:55:51.750-04:00  INFO 427076 --- [core-sifa-test] [main] c.s.c.config.DataInitializerConfig       : Dataset inicial revisado y/o cargado correctamente.
2026-06-15T16:55:51.750-04:00  INFO 427076 --- [core-sifa-test] [main] c.s.c.config.DataInitializerConfig       : ========================================================
2026-06-15T16:55:52.010-04:00  INFO 427076 --- [core-sifa-test] [main] c.s.c.s.i.InfraccionServiceImpl          : Iniciando creación de infracción para patente: INTG11
2026-06-15T16:55:52.023-04:00  INFO 427076 --- [core-sifa-test] [main] c.s.c.s.storage.MockStorageServiceImpl   : MOCK STORAGE -> Archivo simulado: https://mock.sifa.cl/INTG11_1.jpg
2026-06-15T16:55:52.023-04:00  INFO 427076 --- [core-sifa-test] [main] c.s.c.s.storage.MockStorageServiceImpl   : MOCK STORAGE -> Archivo simulado: https://mock.sifa.cl/INTG11_2.jpg
2026-06-15T16:55:52.038-04:00  INFO 427076 --- [core-sifa-test] [main] c.s.c.s.i.InfraccionServiceImpl          : Infracción creada exitosamente con ID: 1
2026-06-15T16:55:52.039-04:00  INFO 427076 --- [core-sifa-test] [main] c.s.core_sifa.service.CitacionService    : Creando citación para la infracción ID: 1
2026-06-15T16:55:52.049-04:00  INFO 427076 --- [core-sifa-test] [main] c.s.core_sifa.service.CitacionService    : Citación ID 1 creada exitosamente
2026-06-15T16:55:52.062-04:00  INFO 427076 --- [core-sifa-test] [main] c.s.c.s.i.InfraccionServiceImpl          : [+] Citación empadronada gatillada y enlazada automáticamente en la transacción.
2026-06-15T16:55:52.259-04:00  INFO 427076 --- [core-sifa-test] [main] c.s.c.s.i.InfraccionServiceImpl          : Buscando infraccion con id: 1
2026-06-15T16:55:52.287-04:00  INFO 427076 --- [core-sifa-test] [main] c.s.c.s.i.InfraccionServiceImpl          : Administrativo JPL jpl@test.cl procesando infracción ID: 1
2026-06-15T16:55:52.293-04:00  INFO 427076 --- [core-sifa-test] [main] c.s.c.s.i.InfraccionServiceImpl          : Infracción ID: 1 procesada exitosamente con estado: APROBADA
2026-06-15T16:55:52.367-04:00  INFO 427076 --- [core-sifa-test] [main] c.s.c.s.audits.AuditLogServiceImpl       : Auditoría guardada exitosamente | Usuario: jpl@test.cl | Acción: PROCESAR_INFRACCION
2026-06-15T16:55:52.490-04:00  INFO 427076 --- [core-sifa-test] [main] t.c.s.AnnotationConfigContextLoaderUtils : Could not detect default configuration classes for test class [com.sifa.core_sifa.controller.TipoInfraccionControllerTest]: TipoInfraccionControllerTest does not declare any static, non-private, non-final, nested classes annotated with @Configuration.
2026-06-15T16:55:52.561-04:00  INFO 427076 --- [core-sifa-test] [main] .b.t.c.SpringBootTestContextBootstrapper : Found @SpringBootConfiguration com.sifa.core_sifa.CoreSifaApplication for test class com.sifa.core_sifa.controller.TipoInfraccionControllerTest
2026-06-15T16:55:52.627-04:00  INFO 427076 --- [core-sifa-test] [main] c.s.c.c.TipoInfraccionControllerTest     : Starting TipoInfraccionControllerTest using Java 21.0.11 with PID 427076 (started by andres-ortega in /home/andres-ortega/Escritorio/proyects/core-sifa)
2026-06-15T16:55:52.628-04:00  INFO 427076 --- [core-sifa-test] [main] c.s.c.c.TipoInfraccionControllerTest     : The following 1 profile is active: "test"
2026-06-15T16:55:53.321-04:00  WARN 427076 --- [core-sifa-test] [main] .s.s.UserDetailsServiceAutoConfiguration : 

Using generated security password: 6c192d5d-dbd3-44bc-824e-5bd55bd55e6d

This generated password is for development use only. Your security configuration must be updated before running your application in production.

2026-06-15T16:55:53.324-04:00  INFO 427076 --- [core-sifa-test] [main] r$InitializeUserDetailsManagerConfigurer : Global AuthenticationManager configured with UserDetailsService bean with name inMemoryUserDetailsManager
2026-06-15T16:55:53.762-04:00  INFO 427076 --- [core-sifa-test] [main] o.s.b.t.m.w.SpringBootMockServletContext : Initializing Spring TestDispatcherServlet ''
2026-06-15T16:55:53.763-04:00  INFO 427076 --- [core-sifa-test] [main] o.s.t.web.servlet.TestDispatcherServlet  : Initializing Servlet ''
2026-06-15T16:55:53.765-04:00  INFO 427076 --- [core-sifa-test] [main] o.s.t.web.servlet.TestDispatcherServlet  : Completed initialization in 2 ms
2026-06-15T16:55:53.789-04:00  INFO 427076 --- [core-sifa-test] [main] c.s.c.c.TipoInfraccionControllerTest     : Started TipoInfraccionControllerTest in 1.221 seconds (process running for 37.132)
2026-06-15T16:55:54.361-04:00  INFO 427076 --- [core-sifa-test] [main] c.s.c.c.TipoInfraccionController         : Creando tipo de infracción
2026-06-15T16:55:54.392-04:00  INFO 427076 --- [core-sifa-test] [main] c.s.c.c.TipoInfraccionController         : Obteniendo tipos de infracción paginados - página: 0, tamaño: 10
2026-06-15T16:55:54.409-04:00  WARN 427076 --- [core-sifa-test] [main] ration$PageModule$WarningLoggingModifier : Serializing PageImpl instances as-is is not supported, meaning that there is no guarantee about the stability of the resulting JSON structure!
	For a stable JSON structure, please use Spring Data's PagedModel (globally via @EnableSpringDataWebSupport(pageSerializationMode = VIA_DTO))
	or Spring HATEOAS and Spring Data's PagedResourcesAssembler as documented in https://docs.spring.io/spring-data/commons/reference/repositories/core-extensions.html#core.web.pageables.

2026-06-15T16:55:54.459-04:00  INFO 427076 --- [core-sifa-test] [main] c.s.c.c.TipoInfraccionController         : Eliminando (deshabilitando) tipo de infracción con id 1
2026-06-15T16:55:54.477-04:00  INFO 427076 --- [core-sifa-test] [main] c.s.c.c.TipoInfraccionController         : Actualizando tipo de infracción con id 1
2026-06-15T16:55:54.493-04:00  INFO 427076 --- [core-sifa-test] [main] t.c.s.AnnotationConfigContextLoaderUtils : Could not detect default configuration classes for test class [com.sifa.core_sifa.controller.CitacionControllerTest]: CitacionControllerTest does not declare any static, non-private, non-final, nested classes annotated with @Configuration.
2026-06-15T16:55:54.520-04:00  INFO 427076 --- [core-sifa-test] [main] .b.t.c.SpringBootTestContextBootstrapper : Found @SpringBootConfiguration com.sifa.core_sifa.CoreSifaApplication for test class com.sifa.core_sifa.controller.CitacionControllerTest
2026-06-15T16:55:54.595-04:00  INFO 427076 --- [core-sifa-test] [main] c.s.c.controller.CitacionControllerTest  : Starting CitacionControllerTest using Java 21.0.11 with PID 427076 (started by andres-ortega in /home/andres-ortega/Escritorio/proyects/core-sifa)
2026-06-15T16:55:54.596-04:00  INFO 427076 --- [core-sifa-test] [main] c.s.c.controller.CitacionControllerTest  : The following 1 profile is active: "test"
2026-06-15T16:55:55.101-04:00  WARN 427076 --- [core-sifa-test] [main] .s.s.UserDetailsServiceAutoConfiguration : 

Using generated security password: bb1ac320-36d4-4b98-8531-64f049443c20

This generated password is for development use only. Your security configuration must be updated before running your application in production.

2026-06-15T16:55:55.103-04:00  INFO 427076 --- [core-sifa-test] [main] r$InitializeUserDetailsManagerConfigurer : Global AuthenticationManager configured with UserDetailsService bean with name inMemoryUserDetailsManager
2026-06-15T16:55:55.396-04:00  INFO 427076 --- [core-sifa-test] [main] o.s.b.t.m.w.SpringBootMockServletContext : Initializing Spring TestDispatcherServlet ''
2026-06-15T16:55:55.397-04:00  INFO 427076 --- [core-sifa-test] [main] o.s.t.web.servlet.TestDispatcherServlet  : Initializing Servlet ''
2026-06-15T16:55:55.399-04:00  INFO 427076 --- [core-sifa-test] [main] o.s.t.web.servlet.TestDispatcherServlet  : Completed initialization in 2 ms
2026-06-15T16:55:55.417-04:00  INFO 427076 --- [core-sifa-test] [main] c.s.c.controller.CitacionControllerTest  : Started CitacionControllerTest in 0.883 seconds (process running for 38.759)
2026-06-15T16:55:55.465-04:00  INFO 427076 --- [core-sifa-test] [main] c.s.c.controller.CitacionController      : Petición PUT para actualizar citación ID: 1 recibida. Administrativo: admin@sifa.cl
2026-06-15T16:55:55.502-04:00  INFO 427076 --- [core-sifa-test] [main] c.s.c.controller.CitacionController      : Petición GET para listar citaciones - page: 0, size: 10, startDate: null, endDate: null, search: null
2026-06-15T16:55:55.509-04:00  WARN 427076 --- [core-sifa-test] [main] ration$PageModule$WarningLoggingModifier : Serializing PageImpl instances as-is is not supported, meaning that there is no guarantee about the stability of the resulting JSON structure!
	For a stable JSON structure, please use Spring Data's PagedModel (globally via @EnableSpringDataWebSupport(pageSerializationMode = VIA_DTO))
	or Spring HATEOAS and Spring Data's PagedResourcesAssembler as documented in https://docs.spring.io/spring-data/commons/reference/repositories/core-extensions.html#core.web.pageables.

2026-06-15T16:55:55.546-04:00  INFO 427076 --- [core-sifa-test] [main] c.s.c.controller.CitacionController      : Petición GET para citación ID: 1
2026-06-15T16:55:55.563-04:00  INFO 427076 --- [core-sifa-test] [main] t.c.s.AnnotationConfigContextLoaderUtils : Could not detect default configuration classes for test class [com.sifa.core_sifa.controller.NotificationLogControllerTest]: NotificationLogControllerTest does not declare any static, non-private, non-final, nested classes annotated with @Configuration.
2026-06-15T16:55:55.584-04:00  INFO 427076 --- [core-sifa-test] [main] .b.t.c.SpringBootTestContextBootstrapper : Found @SpringBootConfiguration com.sifa.core_sifa.CoreSifaApplication for test class com.sifa.core_sifa.controller.NotificationLogControllerTest
2026-06-15T16:55:55.651-04:00  INFO 427076 --- [core-sifa-test] [main] c.s.c.c.NotificationLogControllerTest    : Starting NotificationLogControllerTest using Java 21.0.11 with PID 427076 (started by andres-ortega in /home/andres-ortega/Escritorio/proyects/core-sifa)
2026-06-15T16:55:55.653-04:00  INFO 427076 --- [core-sifa-test] [main] c.s.c.c.NotificationLogControllerTest    : The following 1 profile is active: "test"
2026-06-15T16:55:56.237-04:00  WARN 427076 --- [core-sifa-test] [main] .s.s.UserDetailsServiceAutoConfiguration : 

Using generated security password: bc5ea630-ce7c-40bb-a6bc-6d87e6943a84

This generated password is for development use only. Your security configuration must be updated before running your application in production.

2026-06-15T16:55:56.239-04:00  INFO 427076 --- [core-sifa-test] [main] r$InitializeUserDetailsManagerConfigurer : Global AuthenticationManager configured with UserDetailsService bean with name inMemoryUserDetailsManager
2026-06-15T16:55:56.488-04:00  INFO 427076 --- [core-sifa-test] [main] o.s.b.t.m.w.SpringBootMockServletContext : Initializing Spring TestDispatcherServlet ''
2026-06-15T16:55:56.489-04:00  INFO 427076 --- [core-sifa-test] [main] o.s.t.web.servlet.TestDispatcherServlet  : Initializing Servlet ''
2026-06-15T16:55:56.491-04:00  INFO 427076 --- [core-sifa-test] [main] o.s.t.web.servlet.TestDispatcherServlet  : Completed initialization in 2 ms
2026-06-15T16:55:56.509-04:00  INFO 427076 --- [core-sifa-test] [main] c.s.c.c.NotificationLogControllerTest    : Started NotificationLogControllerTest in 0.917 seconds (process running for 39.851)
2026-06-15T16:55:56.541-04:00  WARN 427076 --- [core-sifa-test] [main] ration$PageModule$WarningLoggingModifier : Serializing PageImpl instances as-is is not supported, meaning that there is no guarantee about the stability of the resulting JSON structure!
	For a stable JSON structure, please use Spring Data's PagedModel (globally via @EnableSpringDataWebSupport(pageSerializationMode = VIA_DTO))
	or Spring HATEOAS and Spring Data's PagedResourcesAssembler as documented in https://docs.spring.io/spring-data/commons/reference/repositories/core-extensions.html#core.web.pageables.

2026-06-15T16:55:56.647-04:00  INFO 427076 --- [core-sifa-test] [main] t.c.s.AnnotationConfigContextLoaderUtils : Could not detect default configuration classes for test class [com.sifa.core_sifa.controller.DeviceTokenControllerTest]: DeviceTokenControllerTest does not declare any static, non-private, non-final, nested classes annotated with @Configuration.
2026-06-15T16:55:56.670-04:00  INFO 427076 --- [core-sifa-test] [main] .b.t.c.SpringBootTestContextBootstrapper : Found @SpringBootConfiguration com.sifa.core_sifa.CoreSifaApplication for test class com.sifa.core_sifa.controller.DeviceTokenControllerTest
2026-06-15T16:55:56.721-04:00  INFO 427076 --- [core-sifa-test] [main] c.s.c.c.DeviceTokenControllerTest        : Starting DeviceTokenControllerTest using Java 21.0.11 with PID 427076 (started by andres-ortega in /home/andres-ortega/Escritorio/proyects/core-sifa)
2026-06-15T16:55:56.721-04:00  INFO 427076 --- [core-sifa-test] [main] c.s.c.c.DeviceTokenControllerTest        : The following 1 profile is active: "test"
2026-06-15T16:55:57.160-04:00  WARN 427076 --- [core-sifa-test] [main] .s.s.UserDetailsServiceAutoConfiguration : 

Using generated security password: e53ad1cc-1cdf-4edb-a87c-708ae9796948

This generated password is for development use only. Your security configuration must be updated before running your application in production.

2026-06-15T16:55:57.162-04:00  INFO 427076 --- [core-sifa-test] [main] r$InitializeUserDetailsManagerConfigurer : Global AuthenticationManager configured with UserDetailsService bean with name inMemoryUserDetailsManager
2026-06-15T16:55:57.396-04:00  INFO 427076 --- [core-sifa-test] [main] o.s.b.t.m.w.SpringBootMockServletContext : Initializing Spring TestDispatcherServlet ''
2026-06-15T16:55:57.396-04:00  INFO 427076 --- [core-sifa-test] [main] o.s.t.web.servlet.TestDispatcherServlet  : Initializing Servlet ''
2026-06-15T16:55:57.398-04:00  INFO 427076 --- [core-sifa-test] [main] o.s.t.web.servlet.TestDispatcherServlet  : Completed initialization in 2 ms
2026-06-15T16:55:57.412-04:00  INFO 427076 --- [core-sifa-test] [main] c.s.c.c.DeviceTokenControllerTest        : Started DeviceTokenControllerTest in 0.736 seconds (process running for 40.755)
2026-06-15T16:55:57.521-04:00  INFO 427076 --- [core-sifa-test] [main] t.c.s.AnnotationConfigContextLoaderUtils : Could not detect default configuration classes for test class [com.sifa.core_sifa.controller.FiscalizadorPresenciaControllerTest]: FiscalizadorPresenciaControllerTest does not declare any static, non-private, non-final, nested classes annotated with @Configuration.
2026-06-15T16:55:57.544-04:00  INFO 427076 --- [core-sifa-test] [main] .b.t.c.SpringBootTestContextBootstrapper : Found @SpringBootConfiguration com.sifa.core_sifa.CoreSifaApplication for test class com.sifa.core_sifa.controller.FiscalizadorPresenciaControllerTest
2026-06-15T16:55:57.580-04:00  INFO 427076 --- [core-sifa-test] [main] .c.c.FiscalizadorPresenciaControllerTest : Starting FiscalizadorPresenciaControllerTest using Java 21.0.11 with PID 427076 (started by andres-ortega in /home/andres-ortega/Escritorio/proyects/core-sifa)
2026-06-15T16:55:57.581-04:00  INFO 427076 --- [core-sifa-test] [main] .c.c.FiscalizadorPresenciaControllerTest : The following 1 profile is active: "test"
2026-06-15T16:55:57.937-04:00  WARN 427076 --- [core-sifa-test] [main] .s.s.UserDetailsServiceAutoConfiguration : 

Using generated security password: 58620229-fad5-44a3-8eb6-7ba885675351

This generated password is for development use only. Your security configuration must be updated before running your application in production.

2026-06-15T16:55:57.940-04:00  INFO 427076 --- [core-sifa-test] [main] r$InitializeUserDetailsManagerConfigurer : Global AuthenticationManager configured with UserDetailsService bean with name inMemoryUserDetailsManager
2026-06-15T16:55:58.190-04:00  INFO 427076 --- [core-sifa-test] [main] o.s.b.t.m.w.SpringBootMockServletContext : Initializing Spring TestDispatcherServlet ''
2026-06-15T16:55:58.191-04:00  INFO 427076 --- [core-sifa-test] [main] o.s.t.web.servlet.TestDispatcherServlet  : Initializing Servlet ''
2026-06-15T16:55:58.192-04:00  INFO 427076 --- [core-sifa-test] [main] o.s.t.web.servlet.TestDispatcherServlet  : Completed initialization in 1 ms
2026-06-15T16:55:58.209-04:00  INFO 427076 --- [core-sifa-test] [main] .c.c.FiscalizadorPresenciaControllerTest : Started FiscalizadorPresenciaControllerTest in 0.66 seconds (process running for 41.552)
2026-06-15T16:55:58.289-04:00  WARN 427076 --- [core-sifa-test] [main] ration$PageModule$WarningLoggingModifier : Serializing PageImpl instances as-is is not supported, meaning that there is no guarantee about the stability of the resulting JSON structure!
	For a stable JSON structure, please use Spring Data's PagedModel (globally via @EnableSpringDataWebSupport(pageSerializationMode = VIA_DTO))
	or Spring HATEOAS and Spring Data's PagedResourcesAssembler as documented in https://docs.spring.io/spring-data/commons/reference/repositories/core-extensions.html#core.web.pageables.

2026-06-15T16:55:58.326-04:00  INFO 427076 --- [core-sifa-test] [main] t.c.s.AnnotationConfigContextLoaderUtils : Could not detect default configuration classes for test class [com.sifa.core_sifa.controller.NotificationPushControllerTest]: NotificationPushControllerTest does not declare any static, non-private, non-final, nested classes annotated with @Configuration.
2026-06-15T16:55:58.334-04:00  INFO 427076 --- [core-sifa-test] [main] .b.t.c.SpringBootTestContextBootstrapper : Found @SpringBootConfiguration com.sifa.core_sifa.CoreSifaApplication for test class com.sifa.core_sifa.controller.NotificationPushControllerTest
2026-06-15T16:55:58.369-04:00  INFO 427076 --- [core-sifa-test] [main] c.s.c.c.NotificationPushControllerTest   : Starting NotificationPushControllerTest using Java 21.0.11 with PID 427076 (started by andres-ortega in /home/andres-ortega/Escritorio/proyects/core-sifa)
2026-06-15T16:55:58.369-04:00  INFO 427076 --- [core-sifa-test] [main] c.s.c.c.NotificationPushControllerTest   : The following 1 profile is active: "test"
2026-06-15T16:55:58.713-04:00  WARN 427076 --- [core-sifa-test] [main] .s.s.UserDetailsServiceAutoConfiguration : 

Using generated security password: a0c51e3c-d5d6-482b-85c5-1e0e54ca833e

This generated password is for development use only. Your security configuration must be updated before running your application in production.

2026-06-15T16:55:58.715-04:00  INFO 427076 --- [core-sifa-test] [main] r$InitializeUserDetailsManagerConfigurer : Global AuthenticationManager configured with UserDetailsService bean with name inMemoryUserDetailsManager
2026-06-15T16:55:58.928-04:00  INFO 427076 --- [core-sifa-test] [main] o.s.b.t.m.w.SpringBootMockServletContext : Initializing Spring TestDispatcherServlet ''
2026-06-15T16:55:58.929-04:00  INFO 427076 --- [core-sifa-test] [main] o.s.t.web.servlet.TestDispatcherServlet  : Initializing Servlet ''
2026-06-15T16:55:58.930-04:00  INFO 427076 --- [core-sifa-test] [main] o.s.t.web.servlet.TestDispatcherServlet  : Completed initialization in 1 ms
2026-06-15T16:55:58.944-04:00  INFO 427076 --- [core-sifa-test] [main] c.s.c.c.NotificationPushControllerTest   : Started NotificationPushControllerTest in 0.603 seconds (process running for 42.287)
2026-06-15T16:55:59.129-04:00  INFO 427076 --- [core-sifa-test] [main] t.c.s.AnnotationConfigContextLoaderUtils : Could not detect default configuration classes for test class [com.sifa.core_sifa.controller.InfraccionControllerTest]: InfraccionControllerTest does not declare any static, non-private, non-final, nested classes annotated with @Configuration.
2026-06-15T16:55:59.138-04:00  INFO 427076 --- [core-sifa-test] [main] .b.t.c.SpringBootTestContextBootstrapper : Found @SpringBootConfiguration com.sifa.core_sifa.CoreSifaApplication for test class com.sifa.core_sifa.controller.InfraccionControllerTest
2026-06-15T16:55:59.173-04:00  INFO 427076 --- [core-sifa-test] [main] c.s.c.c.InfraccionControllerTest         : Starting InfraccionControllerTest using Java 21.0.11 with PID 427076 (started by andres-ortega in /home/andres-ortega/Escritorio/proyects/core-sifa)
2026-06-15T16:55:59.173-04:00  INFO 427076 --- [core-sifa-test] [main] c.s.c.c.InfraccionControllerTest         : The following 1 profile is active: "test"
2026-06-15T16:55:59.590-04:00  WARN 427076 --- [core-sifa-test] [main] .s.s.UserDetailsServiceAutoConfiguration : 

Using generated security password: 1f67eedb-1f99-4d05-bcfe-02de89403bbb

This generated password is for development use only. Your security configuration must be updated before running your application in production.

2026-06-15T16:55:59.592-04:00  INFO 427076 --- [core-sifa-test] [main] r$InitializeUserDetailsManagerConfigurer : Global AuthenticationManager configured with UserDetailsService bean with name inMemoryUserDetailsManager
2026-06-15T16:55:59.857-04:00  INFO 427076 --- [core-sifa-test] [main] o.s.b.t.m.w.SpringBootMockServletContext : Initializing Spring TestDispatcherServlet ''
2026-06-15T16:55:59.858-04:00  INFO 427076 --- [core-sifa-test] [main] o.s.t.web.servlet.TestDispatcherServlet  : Initializing Servlet ''
2026-06-15T16:55:59.859-04:00  INFO 427076 --- [core-sifa-test] [main] o.s.t.web.servlet.TestDispatcherServlet  : Completed initialization in 1 ms
2026-06-15T16:55:59.873-04:00  INFO 427076 --- [core-sifa-test] [main] c.s.c.c.InfraccionControllerTest         : Started InfraccionControllerTest in 0.731 seconds (process running for 43.216)
2026-06-15T16:55:59.893-04:00  INFO 427076 --- [core-sifa-test] [main] c.s.c.controller.InfraccionController    : Petición PATCH recibida para actualizar estado de infracción ID: 1 a accepted
2026-06-15T16:55:59.919-04:00  INFO 427076 --- [core-sifa-test] [main] c.s.c.controller.InfraccionController    : Petición GET para estadísticas del Dashboard
2026-06-15T16:55:59.942-04:00  INFO 427076 --- [core-sifa-test] [main] c.s.c.controller.InfraccionController    : Obteniendo infracciones paginadas
2026-06-15T16:55:59.944-04:00  WARN 427076 --- [core-sifa-test] [main] ration$PageModule$WarningLoggingModifier : Serializing PageImpl instances as-is is not supported, meaning that there is no guarantee about the stability of the resulting JSON structure!
	For a stable JSON structure, please use Spring Data's PagedModel (globally via @EnableSpringDataWebSupport(pageSerializationMode = VIA_DTO))
	or Spring HATEOAS and Spring Data's PagedResourcesAssembler as documented in https://docs.spring.io/spring-data/commons/reference/repositories/core-extensions.html#core.web.pageables.

2026-06-15T16:55:59.960-04:00  INFO 427076 --- [core-sifa-test] [main] c.s.c.controller.InfraccionController    : Obteniendo infracciones paginadas
2026-06-15T16:55:59.981-04:00  INFO 427076 --- [core-sifa-test] [main] c.s.c.controller.InfraccionController    : Petición GET para reporte de productividad
2026-06-15T16:56:00.010-04:00  INFO 427076 --- [core-sifa-test] [main] c.s.c.controller.InfraccionController    : Petición para procesar infracción ID: 1 recibida. Administrativo JPL ID: jpl@test.cl
2026-06-15T16:56:00.025-04:00  INFO 427076 --- [core-sifa-test] [main] c.s.c.controller.InfraccionController    : Obteniendo resumen del reporte de infracciones
2026-06-15T16:56:00.042-04:00  INFO 427076 --- [core-sifa-test] [main] c.s.c.controller.InfraccionController    : Obteniendo infraccion con id: 1
2026-06-15T16:56:00.054-04:00  INFO 427076 --- [core-sifa-test] [main] c.s.c.controller.InfraccionController    : Obteniendo coordenadas de infracciones para el mapa de calor
2026-06-15T16:56:00.105-04:00  INFO 427076 --- [core-sifa-test] [main] c.s.c.controller.InfraccionController    : Petición de creación de infracción recibida desde el Gateway. Fiscalizador ID: fiscalizador@test.cl
2026-06-15T16:56:00.118-04:00  INFO 427076 --- [core-sifa-test] [main] t.c.s.AnnotationConfigContextLoaderUtils : Could not detect default configuration classes for test class [com.sifa.core_sifa.controller.AuditLogControllerTest]: AuditLogControllerTest does not declare any static, non-private, non-final, nested classes annotated with @Configuration.
2026-06-15T16:56:00.134-04:00  INFO 427076 --- [core-sifa-test] [main] .b.t.c.SpringBootTestContextBootstrapper : Found @SpringBootConfiguration com.sifa.core_sifa.CoreSifaApplication for test class com.sifa.core_sifa.controller.AuditLogControllerTest
2026-06-15T16:56:00.171-04:00  INFO 427076 --- [core-sifa-test] [main] c.s.c.controller.AuditLogControllerTest  : Starting AuditLogControllerTest using Java 21.0.11 with PID 427076 (started by andres-ortega in /home/andres-ortega/Escritorio/proyects/core-sifa)
2026-06-15T16:56:00.172-04:00  INFO 427076 --- [core-sifa-test] [main] c.s.c.controller.AuditLogControllerTest  : The following 1 profile is active: "test"
2026-06-15T16:56:00.518-04:00  WARN 427076 --- [core-sifa-test] [main] .s.s.UserDetailsServiceAutoConfiguration : 

Using generated security password: 3ad0d7ef-aecf-4b63-9635-581929b7a85f

This generated password is for development use only. Your security configuration must be updated before running your application in production.

2026-06-15T16:56:00.521-04:00  INFO 427076 --- [core-sifa-test] [main] r$InitializeUserDetailsManagerConfigurer : Global AuthenticationManager configured with UserDetailsService bean with name inMemoryUserDetailsManager
2026-06-15T16:56:00.744-04:00  INFO 427076 --- [core-sifa-test] [main] o.s.b.t.m.w.SpringBootMockServletContext : Initializing Spring TestDispatcherServlet ''
2026-06-15T16:56:00.744-04:00  INFO 427076 --- [core-sifa-test] [main] o.s.t.web.servlet.TestDispatcherServlet  : Initializing Servlet ''
2026-06-15T16:56:00.745-04:00  INFO 427076 --- [core-sifa-test] [main] o.s.t.web.servlet.TestDispatcherServlet  : Completed initialization in 1 ms
2026-06-15T16:56:00.758-04:00  INFO 427076 --- [core-sifa-test] [main] c.s.c.controller.AuditLogControllerTest  : Started AuditLogControllerTest in 0.619 seconds (process running for 44.101)
2026-06-15T16:56:00.770-04:00  INFO 427076 --- [core-sifa-test] [main] c.s.c.controller.AuditLogController      : Obteniendo auditorias paginadas
2026-06-15T16:56:00.773-04:00  WARN 427076 --- [core-sifa-test] [main] ration$PageModule$WarningLoggingModifier : Serializing PageImpl instances as-is is not supported, meaning that there is no guarantee about the stability of the resulting JSON structure!
	For a stable JSON structure, please use Spring Data's PagedModel (globally via @EnableSpringDataWebSupport(pageSerializationMode = VIA_DTO))
	or Spring HATEOAS and Spring Data's PagedResourcesAssembler as documented in https://docs.spring.io/spring-data/commons/reference/repositories/core-extensions.html#core.web.pageables.

2026-06-15T16:56:00.799-04:00  INFO 427076 --- [core-sifa-test] [main] c.s.c.controller.AuditLogController      : Obteniendo auditorias paginadas
2026-06-15T16:56:00.835-04:00  INFO 427076 --- [core-sifa-test] [main] t.c.s.AnnotationConfigContextLoaderUtils : Could not detect default configuration classes for test class [com.sifa.core_sifa.controller.VehiculoControllerTest]: VehiculoControllerTest does not declare any static, non-private, non-final, nested classes annotated with @Configuration.
2026-06-15T16:56:00.848-04:00  INFO 427076 --- [core-sifa-test] [main] .b.t.c.SpringBootTestContextBootstrapper : Found @SpringBootConfiguration com.sifa.core_sifa.CoreSifaApplication for test class com.sifa.core_sifa.controller.VehiculoControllerTest
2026-06-15T16:56:00.877-04:00  INFO 427076 --- [core-sifa-test] [main] c.s.c.controller.VehiculoControllerTest  : Starting VehiculoControllerTest using Java 21.0.11 with PID 427076 (started by andres-ortega in /home/andres-ortega/Escritorio/proyects/core-sifa)
2026-06-15T16:56:00.878-04:00  INFO 427076 --- [core-sifa-test] [main] c.s.c.controller.VehiculoControllerTest  : The following 1 profile is active: "test"
2026-06-15T16:56:01.201-04:00  WARN 427076 --- [core-sifa-test] [main] .s.s.UserDetailsServiceAutoConfiguration : 

Using generated security password: 42376c5e-58ec-4d3b-a053-2489a3996245

This generated password is for development use only. Your security configuration must be updated before running your application in production.

2026-06-15T16:56:01.202-04:00  INFO 427076 --- [core-sifa-test] [main] r$InitializeUserDetailsManagerConfigurer : Global AuthenticationManager configured with UserDetailsService bean with name inMemoryUserDetailsManager
2026-06-15T16:56:01.400-04:00  INFO 427076 --- [core-sifa-test] [main] o.s.b.t.m.w.SpringBootMockServletContext : Initializing Spring TestDispatcherServlet ''
2026-06-15T16:56:01.401-04:00  INFO 427076 --- [core-sifa-test] [main] o.s.t.web.servlet.TestDispatcherServlet  : Initializing Servlet ''
2026-06-15T16:56:01.402-04:00  INFO 427076 --- [core-sifa-test] [main] o.s.t.web.servlet.TestDispatcherServlet  : Completed initialization in 1 ms
2026-06-15T16:56:01.413-04:00  INFO 427076 --- [core-sifa-test] [main] c.s.c.controller.VehiculoControllerTest  : Started VehiculoControllerTest in 0.561 seconds (process running for 44.756)
2026-06-15T16:56:01.425-04:00  INFO 427076 --- [core-sifa-test] [main] c.s.c.controller.VehiculoController      : Obteniendo todos los vehículos
2026-06-15T16:56:01.443-04:00  INFO 427076 --- [core-sifa-test] [main] c.s.c.controller.VehiculoController      : Obteniendo vehiculo con id: ABCD12
2026-06-15T16:56:01.461-04:00  INFO 427076 --- [core-sifa-test] [main] c.s.c.controller.VehiculoController      : Obteniendo todos los vehículos
2026-06-15T16:56:01.725-04:00  INFO 427076 --- [core-sifa-test] [main] c.s.c.service.TipoInfraccionServiceImpl  : Creando tipo de infracción: Nuevo Tipo
2026-06-15T16:56:01.734-04:00  INFO 427076 --- [core-sifa-test] [main] c.s.c.service.TipoInfraccionServiceImpl  : Buscando tipo de infracción con id: 1
2026-06-15T16:56:01.742-04:00  INFO 427076 --- [core-sifa-test] [main] c.s.c.service.TipoInfraccionServiceImpl  : Buscando tipo de infracción con id: 99
2026-06-15T16:56:01.750-04:00  INFO 427076 --- [core-sifa-test] [main] c.s.c.service.TipoInfraccionServiceImpl  : Deshabilitando tipo de infracción con id: 1
2026-06-15T16:56:01.762-04:00  INFO 427076 --- [core-sifa-test] [main] c.s.c.service.TipoInfraccionServiceImpl  : Deshabilitando tipo de infracción con id: 99
2026-06-15T16:56:01.768-04:00  INFO 427076 --- [core-sifa-test] [main] c.s.c.service.TipoInfraccionServiceImpl  : Actualizando tipo de infracción con id: 1
2026-06-15T16:56:01.773-04:00  INFO 427076 --- [core-sifa-test] [main] c.s.c.service.TipoInfraccionServiceImpl  : Listando todos los tipos de infracción
2026-06-15T16:56:01.779-04:00  INFO 427076 --- [core-sifa-test] [main] c.s.c.service.TipoInfraccionServiceImpl  : Listando tipos de infracción paginados - página: 0, tamaño: 10
2026-06-15T16:56:01.789-04:00  INFO 427076 --- [core-sifa-test] [main] c.s.c.s.device.DeviceMaintenanceService  : Running device status cleanup...
2026-06-15T16:56:01.790-04:00  INFO 427076 --- [core-sifa-test] [main] c.s.c.s.device.DeviceMaintenanceService  : Device cleanup completed: 5 devices affected
2026-06-15T16:56:01.794-04:00  INFO 427076 --- [core-sifa-test] [main] c.s.c.s.device.DeviceMaintenanceService  : Running device status cleanup...
2026-06-15T16:56:02.000-04:00  INFO 427076 --- [core-sifa-test] [main] c.s.c.s.device.DeviceTokenServiceImpl    : Sending notification to all 1 registered devices
2026-06-15T16:56:02.002-04:00 ERROR 427076 --- [core-sifa-test] [main] c.s.c.s.device.DeviceTokenServiceImpl    : Failed to send notification to device bad-token (user: u1@test.cl): Firebase error
2026-06-15T16:56:02.002-04:00  INFO 427076 --- [core-sifa-test] [main] c.s.c.s.device.DeviceTokenServiceImpl    : Notification sent to 0/1 devices
2026-06-15T16:56:02.009-04:00  INFO 427076 --- [core-sifa-test] [main] c.s.c.s.device.DeviceTokenServiceImpl    : Sending notification to 2 outdated devices (current version: 2.0.0)
2026-06-15T16:56:02.009-04:00  INFO 427076 --- [core-sifa-test] [main] c.s.c.s.device.DeviceTokenServiceImpl    : Notification sent to 2/2 devices
2026-06-15T16:56:02.021-04:00  INFO 427076 --- [core-sifa-test] [main] c.s.c.s.device.DeviceTokenServiceImpl    : Cleanup: marked 3 devices as INACTIVE
2026-06-15T16:56:02.026-04:00  INFO 427076 --- [core-sifa-test] [main] c.s.c.s.device.DeviceTokenServiceImpl    : Registrando dispositivo para usuario: user@test.cl, platform: ANDROID, appVersion: unknown
2026-06-15T16:56:02.027-04:00  INFO 427076 --- [core-sifa-test] [main] c.s.c.s.device.DeviceTokenServiceImpl    : Nuevo dispositivo registrado para: user@test.cl
2026-06-15T16:56:02.032-04:00  WARN 427076 --- [core-sifa-test] [main] c.s.c.s.device.DeviceTokenServiceImpl    : Auto-registrado nuevo DeviceToken null para usuario user@test.cl desde heartbeat (fcmToken provisto)
2026-06-15T16:56:02.036-04:00  INFO 427076 --- [core-sifa-test] [main] c.s.c.s.device.DeviceTokenServiceImpl    : Registrando dispositivo para usuario: user@test.cl, platform: IOS, appVersion: unknown
2026-06-15T16:56:02.037-04:00  INFO 427076 --- [core-sifa-test] [main] c.s.c.s.device.DeviceTokenServiceImpl    : Eliminados 1 token(s) antiguo(s) para: user@test.cl
2026-06-15T16:56:02.037-04:00  INFO 427076 --- [core-sifa-test] [main] c.s.c.s.device.DeviceTokenServiceImpl    : Nuevo dispositivo registrado para: user@test.cl
2026-06-15T16:56:02.044-04:00  INFO 427076 --- [core-sifa-test] [main] c.s.c.s.device.DeviceTokenServiceImpl    : No registered devices found for platform: IOS
2026-06-15T16:56:02.048-04:00  INFO 427076 --- [core-sifa-test] [main] c.s.c.s.device.DeviceTokenServiceImpl    : Sending notification to 1 devices on platform: ANDROID
2026-06-15T16:56:02.049-04:00  INFO 427076 --- [core-sifa-test] [main] c.s.c.s.device.DeviceTokenServiceImpl    : Notification sent to 1/1 devices
2026-06-15T16:56:02.053-04:00  INFO 427076 --- [core-sifa-test] [main] c.s.c.s.device.DeviceTokenServiceImpl    : No outdated devices found (current version: 2.0.0)
2026-06-15T16:56:02.058-04:00  INFO 427076 --- [core-sifa-test] [main] c.s.c.s.device.DeviceTokenServiceImpl    : Sending notification to all 1 registered devices
2026-06-15T16:56:02.058-04:00  INFO 427076 --- [core-sifa-test] [main] c.s.c.s.device.DeviceTokenServiceImpl    : Notification sent to 1/1 devices
2026-06-15T16:56:02.061-04:00  INFO 427076 --- [core-sifa-test] [main] c.s.c.s.device.DeviceTokenServiceImpl    : Sending notification to 1 selected devices
2026-06-15T16:56:02.062-04:00  INFO 427076 --- [core-sifa-test] [main] c.s.c.s.device.DeviceTokenServiceImpl    : Notification sent to 1/1 devices
2026-06-15T16:56:02.065-04:00  INFO 427076 --- [core-sifa-test] [main] c.s.c.s.device.DeviceTokenServiceImpl    : No devices found for the given IDs
2026-06-15T16:56:02.072-04:00  INFO 427076 --- [core-sifa-test] [main] c.s.c.s.device.DeviceTokenServiceImpl    : No registered devices found
2026-06-15T16:56:02.076-04:00  INFO 427076 --- [core-sifa-test] [main] c.s.c.s.device.DeviceTokenServiceImpl    : Registrando dispositivo para usuario: user@test.cl, platform: ANDROID, appVersion: 2.0.0
2026-06-15T16:56:02.077-04:00  INFO 427076 --- [core-sifa-test] [main] c.s.c.s.device.DeviceTokenServiceImpl    : Token existente actualizado para: user@test.cl
2026-06-15T16:56:02.083-04:00  INFO 427076 --- [core-sifa-test] [main] c.s.c.s.device.DeviceTokenServiceImpl    : Linked deviceId device-456 to token 2 (user: user@test.cl)
2026-06-15T16:56:02.090-04:00  WARN 427076 --- [core-sifa-test] [main] c.s.c.s.device.DeviceTokenServiceImpl    : Heartbeat recibido para usuario user@test.cl (deviceId device-000) pero NO existe DeviceToken ni se puede crear (falta fcmToken). El dispositivo NO recibirá notificaciones push hasta que la app móvil registre su FCM token.
2026-06-15T16:56:02.583-04:00  INFO 427076 --- [core-sifa-test] [main] c.s.c.s.i.InfraccionServiceImpl          : Buscando infracciones por patente: ABCD12
2026-06-15T16:56:02.588-04:00  INFO 427076 --- [core-sifa-test] [main] c.s.c.s.i.InfraccionServiceImpl          : Buscando infraccion con id: 1
2026-06-15T16:56:02.593-04:00  INFO 427076 --- [core-sifa-test] [main] c.s.c.s.i.InfraccionServiceImpl          : Administrativo JPL jpl@test.cl procesando infracción ID: 1
2026-06-15T16:56:02.597-04:00  INFO 427076 --- [core-sifa-test] [main] c.s.c.s.i.InfraccionServiceImpl          : Administrativo JPL jpl@test.cl procesando infracción ID: 1
2026-06-15T16:56:02.601-04:00  INFO 427076 --- [core-sifa-test] [main] c.s.c.s.i.InfraccionServiceImpl          : Administrativo JPL jpl@test.cl procesando infracción ID: 1
2026-06-15T16:56:02.602-04:00  INFO 427076 --- [core-sifa-test] [main] c.s.c.s.i.InfraccionServiceImpl          : Infracción ID: 1 procesada exitosamente con estado: APROBADA
2026-06-15T16:56:02.613-04:00  INFO 427076 --- [core-sifa-test] [main] c.s.c.s.i.InfraccionServiceImpl          : Generando reporte de productividad de fiscalizadores
2026-06-15T16:56:02.618-04:00  INFO 427076 --- [core-sifa-test] [main] c.s.c.s.i.InfraccionServiceImpl          : Buscando infraccion con id: 99
2026-06-15T16:56:02.623-04:00  INFO 427076 --- [core-sifa-test] [main] c.s.c.s.i.InfraccionServiceImpl          : Iniciando creación de infracción para patente: ABCD12
2026-06-15T16:56:02.630-04:00  INFO 427076 --- [core-sifa-test] [main] c.s.c.s.i.InfraccionServiceImpl          : Generando estadísticas del Dashboard
2026-06-15T16:56:02.636-04:00  INFO 427076 --- [core-sifa-test] [main] c.s.c.s.i.InfraccionServiceImpl          : Iniciando creación de infracción para patente: ABCD12
2026-06-15T16:56:02.642-04:00  INFO 427076 --- [core-sifa-test] [main] c.s.c.s.i.InfraccionServiceImpl          : Generando reporte de productividad de fiscalizadores
2026-06-15T16:56:02.758-04:00  INFO 427076 --- [core-sifa-test] [main] c.s.c.s.i.InfraccionServiceImpl          : Iniciando creación de infracción para patente: ABCD12
2026-06-15T16:56:02.759-04:00  INFO 427076 --- [core-sifa-test] [main] c.s.c.s.i.InfraccionServiceImpl          : Infracción creada exitosamente con ID: 1
2026-06-15T16:56:02.760-04:00  INFO 427076 --- [core-sifa-test] [main] c.s.c.s.i.InfraccionServiceImpl          : [+] Citación empadronada gatillada y enlazada automáticamente en la transacción.
2026-06-15T16:56:02.766-04:00  INFO 427076 --- [core-sifa-test] [main] c.s.c.s.i.InfraccionServiceImpl          : Buscando infracciones por id Fiscalizador: fiscalizador@test.cl
2026-06-15T16:56:02.778-04:00  INFO 427076 --- [core-sifa-test] [main] c.s.c.s.i.InfraccionServiceImpl          : Editando infracción ID: 1
2026-06-15T16:56:02.787-04:00  INFO 427076 --- [core-sifa-test] [main] c.s.c.s.i.InfraccionServiceImpl          : Listando todas las infracciones
2026-06-15T16:56:02.797-04:00  INFO 427076 --- [core-sifa-test] [main] c.s.core_sifa.service.VehiculoService    : Listando todos los vehículos
2026-06-15T16:56:02.802-04:00  INFO 427076 --- [core-sifa-test] [main] c.s.core_sifa.service.VehiculoService    : Buscando vehículo con id: ABCD12
2026-06-15T16:56:02.806-04:00  INFO 427076 --- [core-sifa-test] [main] c.s.core_sifa.service.VehiculoService    : Buscando vehículo con id: INVALID
2026-06-15T16:56:02.961-04:00  INFO 427076 --- [core-sifa-test] [main] c.s.c.s.FiscalizadorPresenciaService     : Recibiendo latido de presencia de: fiscalizador@test.cl
2026-06-15T16:56:03.187-04:00  INFO 427076 --- [core-sifa-test] [main] c.s.c.service.push.FirebasePushService   : Push notification sent successfully. MessageId: message-id-123, Token: valid-token...
2026-06-15T16:56:03.485-04:00  INFO 427076 --- [core-sifa-test] [main] c.s.core_sifa.service.CitacionService    : Administrativo jpl@test.cl actualizando citación 1.
2026-06-15T16:56:03.486-04:00  INFO 427076 --- [core-sifa-test] [main] c.s.core_sifa.service.CitacionService    : Citacion actualizada exitosamente con ID 1
2026-06-15T16:56:03.490-04:00  INFO 427076 --- [core-sifa-test] [main] c.s.core_sifa.service.CitacionService    : Creando citación para la infracción ID: 1
2026-06-15T16:56:03.495-04:00  INFO 427076 --- [core-sifa-test] [main] c.s.core_sifa.service.CitacionService    : Buscando citación con ID: 1
2026-06-15T16:56:03.501-04:00  INFO 427076 --- [core-sifa-test] [main] c.s.core_sifa.service.CitacionService    : Administrativo jpl@test.cl actualizando citación 99.
2026-06-15T16:56:03.505-04:00  INFO 427076 --- [core-sifa-test] [main] c.s.core_sifa.service.CitacionService    : Listando citaciones con filtros - startDate: null, endDate: null, search: null
2026-06-15T16:56:03.509-04:00  INFO 427076 --- [core-sifa-test] [main] c.s.core_sifa.service.CitacionService    : Buscando citación con ID: 99
2026-06-15T16:56:03.514-04:00  INFO 427076 --- [core-sifa-test] [main] c.s.core_sifa.service.CitacionService    : Creando citación para la infracción ID: 1
2026-06-15T16:56:03.514-04:00  INFO 427076 --- [core-sifa-test] [main] c.s.core_sifa.service.CitacionService    : Citación ID 1 creada exitosamente
2026-06-15T16:56:03.518-04:00  INFO 427076 --- [core-sifa-test] [main] c.s.core_sifa.service.CitacionService    : Creando citación para la infracción ID: 99
2026-06-15T16:56:03.524-04:00  INFO 427076 --- [core-sifa-test] [main] c.s.c.s.storage.MockStorageServiceImpl   : MOCK STORAGE -> Archivo eliminado: https://mock.sifa.cl/test.jpg
2026-06-15T16:56:03.527-04:00  INFO 427076 --- [core-sifa-test] [main] c.s.c.s.storage.MockStorageServiceImpl   : MOCK STORAGE -> Archivo simulado: https://mock.sifa.cl/infraccion_1.jpg
2026-06-15T16:56:03.530-04:00  INFO 427076 --- [core-sifa-test] [main] c.s.c.s.storage.MockStorageServiceImpl   : MOCK STORAGE -> Archivo simulado: https://mock.sifa.cl/infraccion_1_1.jpg
2026-06-15T16:56:03.530-04:00  INFO 427076 --- [core-sifa-test] [main] c.s.c.s.storage.MockStorageServiceImpl   : MOCK STORAGE -> Archivo simulado: https://mock.sifa.cl/infraccion_1_2.jpg
2026-06-15T16:56:03.707-04:00  INFO 427076 --- [core-sifa-test] [main] c.s.c.s.n.NotificationLogServiceImpl     : Notification log saved: targetType=ALL, devicesCount=10, sentBy=admin@test.cl
2026-06-15T16:56:03.876-04:00 ERROR 427076 --- [core-sifa-test] [main] c.s.c.s.audits.AuditLogServiceImpl       : [AUDITORIA-ERROR] Error silencioso general al comunicarse con el Core.
2026-06-15T16:56:03.877-04:00 ERROR 427076 --- [core-sifa-test] [main] c.s.c.s.audits.AuditLogServiceImpl       : Clase del error: java.lang.RuntimeException
2026-06-15T16:56:03.877-04:00 ERROR 427076 --- [core-sifa-test] [main] c.s.c.s.audits.AuditLogServiceImpl       : Mensaje exacto: DB error
2026-06-15T16:56:03.877-04:00 ERROR 427076 --- [core-sifa-test] [main] c.s.c.s.audits.AuditLogServiceImpl       : Stacktrace completo: 

java.lang.RuntimeException: DB error
	at com.sifa.core_sifa.service.audits.AuditLogServiceImpl.registrarLog(AuditLogServiceImpl.java:81) ~[classes/:na]
	at com.sifa.core_sifa.service.audits.AuditLogServiceImplTest.registrarLog_cuandoError_noPropagaExcepcion(AuditLogServiceImplTest.java:111) ~[test-classes/:na]
	at java.base/jdk.internal.reflect.DirectMethodHandleAccessor.invoke(DirectMethodHandleAccessor.java:103) ~[na:na]
	at java.base/java.lang.reflect.Method.invoke(Method.java:580) ~[na:na]
	at org.junit.platform.commons.util.ReflectionUtils.invokeMethod(ReflectionUtils.java:767) ~[junit-platform-commons-1.11.4.jar:1.11.4]
	at org.junit.jupiter.engine.execution.MethodInvocation.proceed(MethodInvocation.java:60) ~[junit-jupiter-engine-5.11.4.jar:5.11.4]
	at org.junit.jupiter.engine.execution.InvocationInterceptorChain$ValidatingInvocation.proceed(InvocationInterceptorChain.java:131) ~[junit-jupiter-engine-5.11.4.jar:5.11.4]
	at org.junit.jupiter.engine.extension.TimeoutExtension.intercept(TimeoutExtension.java:156) ~[junit-jupiter-engine-5.11.4.jar:5.11.4]
	at org.junit.jupiter.engine.extension.TimeoutExtension.interceptTestableMethod(TimeoutExtension.java:147) ~[junit-jupiter-engine-5.11.4.jar:5.11.4]
	at org.junit.jupiter.engine.extension.TimeoutExtension.interceptTestMethod(TimeoutExtension.java:86) ~[junit-jupiter-engine-5.11.4.jar:5.11.4]
	at org.junit.jupiter.engine.execution.InterceptingExecutableInvoker$ReflectiveInterceptorCall.lambda$ofVoidMethod$0(InterceptingExecutableInvoker.java:103) ~[junit-jupiter-engine-5.11.4.jar:5.11.4]
	at org.junit.jupiter.engine.execution.InterceptingExecutableInvoker.lambda$invoke$0(InterceptingExecutableInvoker.java:93) ~[junit-jupiter-engine-5.11.4.jar:5.11.4]
	at org.junit.jupiter.engine.execution.InvocationInterceptorChain$InterceptedInvocation.proceed(InvocationInterceptorChain.java:106) ~[junit-jupiter-engine-5.11.4.jar:5.11.4]
	at org.junit.jupiter.engine.execution.InvocationInterceptorChain.proceed(InvocationInterceptorChain.java:64) ~[junit-jupiter-engine-5.11.4.jar:5.11.4]
	at org.junit.jupiter.engine.execution.InvocationInterceptorChain.chainAndInvoke(InvocationInterceptorChain.java:45) ~[junit-jupiter-engine-5.11.4.jar:5.11.4]
	at org.junit.jupiter.engine.execution.InvocationInterceptorChain.invoke(InvocationInterceptorChain.java:37) ~[junit-jupiter-engine-5.11.4.jar:5.11.4]
	at org.junit.jupiter.engine.execution.InterceptingExecutableInvoker.invoke(InterceptingExecutableInvoker.java:92) ~[junit-jupiter-engine-5.11.4.jar:5.11.4]
	at org.junit.jupiter.engine.execution.InterceptingExecutableInvoker.invoke(InterceptingExecutableInvoker.java:86) ~[junit-jupiter-engine-5.11.4.jar:5.11.4]
	at org.junit.jupiter.engine.descriptor.TestMethodTestDescriptor.lambda$invokeTestMethod$8(TestMethodTestDescriptor.java:217) ~[junit-jupiter-engine-5.11.4.jar:5.11.4]
	at org.junit.platform.engine.support.hierarchical.ThrowableCollector.execute(ThrowableCollector.java:73) ~[junit-platform-engine-1.11.4.jar:1.11.4]
	at org.junit.jupiter.engine.descriptor.TestMethodTestDescriptor.invokeTestMethod(TestMethodTestDescriptor.java:213) ~[junit-jupiter-engine-5.11.4.jar:5.11.4]
	at org.junit.jupiter.engine.descriptor.TestMethodTestDescriptor.execute(TestMethodTestDescriptor.java:138) ~[junit-jupiter-engine-5.11.4.jar:5.11.4]
	at org.junit.jupiter.engine.descriptor.TestMethodTestDescriptor.execute(TestMethodTestDescriptor.java:68) ~[junit-jupiter-engine-5.11.4.jar:5.11.4]
	at org.junit.platform.engine.support.hierarchical.NodeTestTask.lambda$executeRecursively$6(NodeTestTask.java:156) ~[junit-platform-engine-1.11.4.jar:1.11.4]
	at org.junit.platform.engine.support.hierarchical.ThrowableCollector.execute(ThrowableCollector.java:73) ~[junit-platform-engine-1.11.4.jar:1.11.4]
	at org.junit.platform.engine.support.hierarchical.NodeTestTask.lambda$executeRecursively$8(NodeTestTask.java:146) ~[junit-platform-engine-1.11.4.jar:1.11.4]
	at org.junit.platform.engine.support.hierarchical.Node.around(Node.java:137) ~[junit-platform-engine-1.11.4.jar:1.11.4]
	at org.junit.platform.engine.support.hierarchical.NodeTestTask.lambda$executeRecursively$9(NodeTestTask.java:144) ~[junit-platform-engine-1.11.4.jar:1.11.4]
	at org.junit.platform.engine.support.hierarchical.ThrowableCollector.execute(ThrowableCollector.java:73) ~[junit-platform-engine-1.11.4.jar:1.11.4]
	at org.junit.platform.engine.support.hierarchical.NodeTestTask.executeRecursively(NodeTestTask.java:143) ~[junit-platform-engine-1.11.4.jar:1.11.4]
	at org.junit.platform.engine.support.hierarchical.NodeTestTask.execute(NodeTestTask.java:100) ~[junit-platform-engine-1.11.4.jar:1.11.4]
	at java.base/java.util.ArrayList.forEach(ArrayList.java:1596) ~[na:na]
	at org.junit.platform.engine.support.hierarchical.SameThreadHierarchicalTestExecutorService.invokeAll(SameThreadHierarchicalTestExecutorService.java:41) ~[junit-platform-engine-1.11.4.jar:1.11.4]
	at org.junit.platform.engine.support.hierarchical.NodeTestTask.lambda$executeRecursively$6(NodeTestTask.java:160) ~[junit-platform-engine-1.11.4.jar:1.11.4]
	at org.junit.platform.engine.support.hierarchical.ThrowableCollector.execute(ThrowableCollector.java:73) ~[junit-platform-engine-1.11.4.jar:1.11.4]
	at org.junit.platform.engine.support.hierarchical.NodeTestTask.lambda$executeRecursively$8(NodeTestTask.java:146) ~[junit-platform-engine-1.11.4.jar:1.11.4]
	at org.junit.platform.engine.support.hierarchical.Node.around(Node.java:137) ~[junit-platform-engine-1.11.4.jar:1.11.4]
	at org.junit.platform.engine.support.hierarchical.NodeTestTask.lambda$executeRecursively$9(NodeTestTask.java:144) ~[junit-platform-engine-1.11.4.jar:1.11.4]
	at org.junit.platform.engine.support.hierarchical.ThrowableCollector.execute(ThrowableCollector.java:73) ~[junit-platform-engine-1.11.4.jar:1.11.4]
	at org.junit.platform.engine.support.hierarchical.NodeTestTask.executeRecursively(NodeTestTask.java:143) ~[junit-platform-engine-1.11.4.jar:1.11.4]
	at org.junit.platform.engine.support.hierarchical.NodeTestTask.execute(NodeTestTask.java:100) ~[junit-platform-engine-1.11.4.jar:1.11.4]
	at java.base/java.util.ArrayList.forEach(ArrayList.java:1596) ~[na:na]
	at org.junit.platform.engine.support.hierarchical.SameThreadHierarchicalTestExecutorService.invokeAll(SameThreadHierarchicalTestExecutorService.java:41) ~[junit-platform-engine-1.11.4.jar:1.11.4]
	at org.junit.platform.engine.support.hierarchical.NodeTestTask.lambda$executeRecursively$6(NodeTestTask.java:160) ~[junit-platform-engine-1.11.4.jar:1.11.4]
	at org.junit.platform.engine.support.hierarchical.ThrowableCollector.execute(ThrowableCollector.java:73) ~[junit-platform-engine-1.11.4.jar:1.11.4]
	at org.junit.platform.engine.support.hierarchical.NodeTestTask.lambda$executeRecursively$8(NodeTestTask.java:146) ~[junit-platform-engine-1.11.4.jar:1.11.4]
	at org.junit.platform.engine.support.hierarchical.Node.around(Node.java:137) ~[junit-platform-engine-1.11.4.jar:1.11.4]
	at org.junit.platform.engine.support.hierarchical.NodeTestTask.lambda$executeRecursively$9(NodeTestTask.java:144) ~[junit-platform-engine-1.11.4.jar:1.11.4]
	at org.junit.platform.engine.support.hierarchical.ThrowableCollector.execute(ThrowableCollector.java:73) ~[junit-platform-engine-1.11.4.jar:1.11.4]
	at org.junit.platform.engine.support.hierarchical.NodeTestTask.executeRecursively(NodeTestTask.java:143) ~[junit-platform-engine-1.11.4.jar:1.11.4]
	at org.junit.platform.engine.support.hierarchical.NodeTestTask.execute(NodeTestTask.java:100) ~[junit-platform-engine-1.11.4.jar:1.11.4]
	at org.junit.platform.engine.support.hierarchical.SameThreadHierarchicalTestExecutorService.submit(SameThreadHierarchicalTestExecutorService.java:35) ~[junit-platform-engine-1.11.4.jar:1.11.4]
	at org.junit.platform.engine.support.hierarchical.HierarchicalTestExecutor.execute(HierarchicalTestExecutor.java:57) ~[junit-platform-engine-1.11.4.jar:1.11.4]
	at org.junit.platform.engine.support.hierarchical.HierarchicalTestEngine.execute(HierarchicalTestEngine.java:54) ~[junit-platform-engine-1.11.4.jar:1.11.4]
	at org.junit.platform.launcher.core.EngineExecutionOrchestrator.execute(EngineExecutionOrchestrator.java:198) ~[junit-platform-launcher-1.11.4.jar:1.11.4]
	at org.junit.platform.launcher.core.EngineExecutionOrchestrator.execute(EngineExecutionOrchestrator.java:169) ~[junit-platform-launcher-1.11.4.jar:1.11.4]
	at org.junit.platform.launcher.core.EngineExecutionOrchestrator.execute(EngineExecutionOrchestrator.java:93) ~[junit-platform-launcher-1.11.4.jar:1.11.4]
	at org.junit.platform.launcher.core.EngineExecutionOrchestrator.lambda$execute$0(EngineExecutionOrchestrator.java:58) ~[junit-platform-launcher-1.11.4.jar:1.11.4]
	at org.junit.platform.launcher.core.EngineExecutionOrchestrator.withInterceptedStreams(EngineExecutionOrchestrator.java:141) ~[junit-platform-launcher-1.11.4.jar:1.11.4]
	at org.junit.platform.launcher.core.EngineExecutionOrchestrator.execute(EngineExecutionOrchestrator.java:57) ~[junit-platform-launcher-1.11.4.jar:1.11.4]
	at org.junit.platform.launcher.core.DefaultLauncher.execute(DefaultLauncher.java:103) ~[junit-platform-launcher-1.11.4.jar:1.11.4]
	at org.junit.platform.launcher.core.DefaultLauncher.execute(DefaultLauncher.java:85) ~[junit-platform-launcher-1.11.4.jar:1.11.4]
	at org.junit.platform.launcher.core.DelegatingLauncher.execute(DelegatingLauncher.java:47) ~[junit-platform-launcher-1.11.4.jar:1.11.4]
	at org.apache.maven.surefire.junitplatform.LazyLauncher.execute(LazyLauncher.java:56) ~[surefire-junit-platform-3.5.2.jar:3.5.2]
	at org.apache.maven.surefire.junitplatform.JUnitPlatformProvider.execute(JUnitPlatformProvider.java:184) ~[surefire-junit-platform-3.5.2.jar:3.5.2]
	at org.apache.maven.surefire.junitplatform.JUnitPlatformProvider.invokeAllTests(JUnitPlatformProvider.java:148) ~[surefire-junit-platform-3.5.2.jar:3.5.2]
	at org.apache.maven.surefire.junitplatform.JUnitPlatformProvider.invoke(JUnitPlatformProvider.java:122) ~[surefire-junit-platform-3.5.2.jar:3.5.2]
	at org.apache.maven.surefire.booter.ForkedBooter.runSuitesInProcess(ForkedBooter.java:385) ~[surefire-booter-3.5.2.jar:3.5.2]
	at org.apache.maven.surefire.booter.ForkedBooter.execute(ForkedBooter.java:162) ~[surefire-booter-3.5.2.jar:3.5.2]
	at org.apache.maven.surefire.booter.ForkedBooter.run(ForkedBooter.java:507) ~[surefire-booter-3.5.2.jar:3.5.2]
	at org.apache.maven.surefire.booter.ForkedBooter.main(ForkedBooter.java:495) ~[surefire-booter-3.5.2.jar:3.5.2]

2026-06-15T16:56:03.892-04:00  INFO 427076 --- [core-sifa-test] [main] c.s.c.s.audits.AuditLogServiceImpl       : Buscando auditoria con id: 99
2026-06-15T16:56:03.896-04:00  INFO 427076 --- [core-sifa-test] [main] c.s.c.s.audits.AuditLogServiceImpl       : Auditoría guardada exitosamente | Usuario: admin@test.cl | Acción: PROCESAR_INFRACCION
2026-06-15T16:56:03.898-04:00  INFO 427076 --- [core-sifa-test] [main] c.s.c.s.audits.AuditLogServiceImpl       : Buscando auditoria con id: 1
2026-06-15T16:56:03.904-04:00  INFO 427076 --- [core-sifa-test] [main] t.c.s.AnnotationConfigContextLoaderUtils : Could not detect default configuration classes for test class [com.sifa.core_sifa.CoreSifaApplicationTests]: CoreSifaApplicationTests does not declare any static, non-private, non-final, nested classes annotated with @Configuration.
2026-06-15T16:56:03.915-04:00  INFO 427076 --- [core-sifa-test] [main] .b.t.c.SpringBootTestContextBootstrapper : Found @SpringBootConfiguration com.sifa.core_sifa.CoreSifaApplication for test class com.sifa.core_sifa.CoreSifaApplicationTests
2026-06-15T16:56:03.936-04:00  INFO 427076 --- [core-sifa-test] [main] t.c.s.AnnotationConfigContextLoaderUtils : Could not detect default configuration classes for test class [com.sifa.core_sifa.repository.IAuditLogRepositoryTest]: IAuditLogRepositoryTest does not declare any static, non-private, non-final, nested classes annotated with @Configuration.
2026-06-15T16:56:03.948-04:00  INFO 427076 --- [core-sifa-test] [main] .b.t.c.SpringBootTestContextBootstrapper : Found @SpringBootConfiguration com.sifa.core_sifa.CoreSifaApplication for test class com.sifa.core_sifa.repository.IAuditLogRepositoryTest
2026-06-15T16:56:04.194-04:00  INFO 427076 --- [core-sifa-test] [main] t.c.s.AnnotationConfigContextLoaderUtils : Could not detect default configuration classes for test class [com.sifa.core_sifa.repository.INotificationLogRepositoryTest]: INotificationLogRepositoryTest does not declare any static, non-private, non-final, nested classes annotated with @Configuration.
2026-06-15T16:56:04.197-04:00  INFO 427076 --- [core-sifa-test] [main] .b.t.c.SpringBootTestContextBootstrapper : Found @SpringBootConfiguration com.sifa.core_sifa.CoreSifaApplication for test class com.sifa.core_sifa.repository.INotificationLogRepositoryTest
2026-06-15T16:56:04.329-04:00  INFO 427076 --- [core-sifa-test] [main] t.c.s.AnnotationConfigContextLoaderUtils : Could not detect default configuration classes for test class [com.sifa.core_sifa.repository.IDeviceTokenRepositoryTest]: IDeviceTokenRepositoryTest does not declare any static, non-private, non-final, nested classes annotated with @Configuration.
2026-06-15T16:56:04.332-04:00  INFO 427076 --- [core-sifa-test] [main] .b.t.c.SpringBootTestContextBootstrapper : Found @SpringBootConfiguration com.sifa.core_sifa.CoreSifaApplication for test class com.sifa.core_sifa.repository.IDeviceTokenRepositoryTest
2026-06-15T16:56:04.665-04:00  INFO 427076 --- [core-sifa-test] [main] t.c.s.AnnotationConfigContextLoaderUtils : Could not detect default configuration classes for test class [com.sifa.core_sifa.repository.IPropietarioVehiculoRepositoryTest]: IPropietarioVehiculoRepositoryTest does not declare any static, non-private, non-final, nested classes annotated with @Configuration.
2026-06-15T16:56:04.667-04:00  INFO 427076 --- [core-sifa-test] [main] .b.t.c.SpringBootTestContextBootstrapper : Found @SpringBootConfiguration com.sifa.core_sifa.CoreSifaApplication for test class com.sifa.core_sifa.repository.IPropietarioVehiculoRepositoryTest
2026-06-15T16:56:04.741-04:00  INFO 427076 --- [core-sifa-test] [main] t.c.s.AnnotationConfigContextLoaderUtils : Could not detect default configuration classes for test class [com.sifa.core_sifa.repository.ITipoInfraccionRepositoryTest]: ITipoInfraccionRepositoryTest does not declare any static, non-private, non-final, nested classes annotated with @Configuration.
2026-06-15T16:56:04.744-04:00  INFO 427076 --- [core-sifa-test] [main] .b.t.c.SpringBootTestContextBootstrapper : Found @SpringBootConfiguration com.sifa.core_sifa.CoreSifaApplication for test class com.sifa.core_sifa.repository.ITipoInfraccionRepositoryTest
2026-06-15T16:56:04.825-04:00  INFO 427076 --- [core-sifa-test] [main] t.c.s.AnnotationConfigContextLoaderUtils : Could not detect default configuration classes for test class [com.sifa.core_sifa.repository.IInfraccionRepositoryTest]: IInfraccionRepositoryTest does not declare any static, non-private, non-final, nested classes annotated with @Configuration.
2026-06-15T16:56:04.830-04:00  INFO 427076 --- [core-sifa-test] [main] .b.t.c.SpringBootTestContextBootstrapper : Found @SpringBootConfiguration com.sifa.core_sifa.CoreSifaApplication for test class com.sifa.core_sifa.repository.IInfraccionRepositoryTest
2026-06-15T16:56:05.524-04:00  INFO 427076 --- [core-sifa-test] [main] t.c.s.AnnotationConfigContextLoaderUtils : Could not detect default configuration classes for test class [com.sifa.core_sifa.repository.ICitacionRepositoryTest]: ICitacionRepositoryTest does not declare any static, non-private, non-final, nested classes annotated with @Configuration.
2026-06-15T16:56:05.527-04:00  INFO 427076 --- [core-sifa-test] [main] .b.t.c.SpringBootTestContextBootstrapper : Found @SpringBootConfiguration com.sifa.core_sifa.CoreSifaApplication for test class com.sifa.core_sifa.repository.ICitacionRepositoryTest
2026-06-15T16:56:05.794-04:00  INFO 427076 --- [core-sifa-test] [main] t.c.s.AnnotationConfigContextLoaderUtils : Could not detect default configuration classes for test class [com.sifa.core_sifa.repository.IFiscalizadorPresenciaRepositoryTest]: IFiscalizadorPresenciaRepositoryTest does not declare any static, non-private, non-final, nested classes annotated with @Configuration.
2026-06-15T16:56:05.796-04:00  INFO 427076 --- [core-sifa-test] [main] .b.t.c.SpringBootTestContextBootstrapper : Found @SpringBootConfiguration com.sifa.core_sifa.CoreSifaApplication for test class com.sifa.core_sifa.repository.IFiscalizadorPresenciaRepositoryTest
2026-06-15T16:56:05.933-04:00  INFO 427076 --- [core-sifa-test] [main] t.c.s.AnnotationConfigContextLoaderUtils : Could not detect default configuration classes for test class [com.sifa.core_sifa.repository.IVehiculoRepositoryTest]: IVehiculoRepositoryTest does not declare any static, non-private, non-final, nested classes annotated with @Configuration.
2026-06-15T16:56:05.935-04:00  INFO 427076 --- [core-sifa-test] [main] .b.t.c.SpringBootTestContextBootstrapper : Found @SpringBootConfiguration com.sifa.core_sifa.CoreSifaApplication for test class com.sifa.core_sifa.repository.IVehiculoRepositoryTest
2026-06-15T16:56:06.142-04:00  INFO 427076 --- [core-sifa-test] [main] t.c.s.AnnotationConfigContextLoaderUtils : Could not detect default configuration classes for test class [com.sifa.core_sifa.repository.IEvidenciaFotograficaRepositoryTest]: IEvidenciaFotograficaRepositoryTest does not declare any static, non-private, non-final, nested classes annotated with @Configuration.
2026-06-15T16:56:06.144-04:00  INFO 427076 --- [core-sifa-test] [main] .b.t.c.SpringBootTestContextBootstrapper : Found @SpringBootConfiguration com.sifa.core_sifa.CoreSifaApplication for test class com.sifa.core_sifa.repository.IEvidenciaFotograficaRepositoryTest
2026-06-15T16:56:06.879-04:00  INFO 427076 --- [core-sifa-test] [SpringApplicationShutdownHook] j.LocalContainerEntityManagerFactoryBean : Closing JPA EntityManagerFactory for persistence unit 'default'
2026-06-15T16:56:06.905-04:00  INFO 427076 --- [core-sifa-test] [SpringApplicationShutdownHook] com.zaxxer.hikari.HikariDataSource       : HikariPool-1 - Shutdown initiated...
2026-06-15T16:56:06.909-04:00  INFO 427076 --- [core-sifa-test] [SpringApplicationShutdownHook] com.zaxxer.hikari.HikariDataSource       : HikariPool-1 - Shutdown completed.
2026-06-15T16:57:35.131-04:00  INFO 429695 --- [core-sifa-test] [main] c.s.c.config.DataInitializerConfigTest   : Starting DataInitializerConfigTest using Java 21.0.11 with PID 429695 (started by andres-ortega in /home/andres-ortega/Escritorio/proyects/core-sifa)
2026-06-15T16:57:35.135-04:00  INFO 429695 --- [core-sifa-test] [main] c.s.c.config.DataInitializerConfigTest   : The following 2 profiles are active: "test", "dev"
2026-06-15T16:57:38.704-04:00  INFO 429695 --- [core-sifa-test] [main] .s.d.r.c.RepositoryConfigurationDelegate : Bootstrapping Spring Data JPA repositories in DEFAULT mode.
2026-06-15T16:57:39.014-04:00  INFO 429695 --- [core-sifa-test] [main] .s.d.r.c.RepositoryConfigurationDelegate : Finished Spring Data repository scanning in 267 ms. Found 10 JPA repository interfaces.
2026-06-15T16:57:40.970-04:00  INFO 429695 --- [core-sifa-test] [main] o.hibernate.jpa.internal.util.LogHelper  : HHH000204: Processing PersistenceUnitInfo [name: default]
2026-06-15T16:57:41.178-04:00  INFO 429695 --- [core-sifa-test] [main] org.hibernate.Version                    : HHH000412: Hibernate ORM core version 6.6.8.Final
2026-06-15T16:57:41.331-04:00  INFO 429695 --- [core-sifa-test] [main] o.h.c.internal.RegionFactoryInitiator    : HHH000026: Second-level cache disabled
2026-06-15T16:57:41.798-04:00  INFO 429695 --- [core-sifa-test] [main] o.s.o.j.p.SpringPersistenceUnitInfo      : No LoadTimeWeaver setup: ignoring JPA class transformer
2026-06-15T16:57:41.923-04:00  INFO 429695 --- [core-sifa-test] [main] com.zaxxer.hikari.HikariDataSource       : HikariPool-1 - Starting...
2026-06-15T16:57:42.796-04:00  INFO 429695 --- [core-sifa-test] [main] com.zaxxer.hikari.pool.HikariPool        : HikariPool-1 - Added connection conn0: url=jdbc:h2:mem:testdb user=SA
2026-06-15T16:57:42.803-04:00  INFO 429695 --- [core-sifa-test] [main] com.zaxxer.hikari.HikariDataSource       : HikariPool-1 - Start completed.
2026-06-15T16:57:42.885-04:00  WARN 429695 --- [core-sifa-test] [main] org.hibernate.orm.deprecation            : HHH90000025: H2Dialect does not need to be specified explicitly using 'hibernate.dialect' (remove the property setting and it will be selected by default)
2026-06-15T16:57:42.948-04:00  INFO 429695 --- [core-sifa-test] [main] org.hibernate.orm.connections.pooling    : HHH10001005: Database info:
	Database JDBC URL [Connecting through datasource 'HikariDataSource (HikariPool-1)']
	Database driver: undefined/unknown
	Database version: 2.3.232
	Autocommit mode: undefined/unknown
	Isolation level: undefined/unknown
	Minimum pool size: undefined/unknown
	Maximum pool size: undefined/unknown
2026-06-15T16:57:46.513-04:00  INFO 429695 --- [core-sifa-test] [main] o.h.e.t.j.p.i.JtaPlatformInitiator       : HHH000489: No JTA platform available (set 'hibernate.transaction.jta.platform' to enable JTA platform integration)
2026-06-15T16:57:46.738-04:00  INFO 429695 --- [core-sifa-test] [main] j.LocalContainerEntityManagerFactoryBean : Initialized JPA EntityManagerFactory for persistence unit 'default'
2026-06-15T16:57:47.606-04:00  INFO 429695 --- [core-sifa-test] [main] o.s.d.j.r.query.QueryEnhancerFactory     : Hibernate is in classpath; If applicable, HQL parser will be used.
2026-06-15T16:57:55.725-04:00  WARN 429695 --- [core-sifa-test] [main] JpaBaseConfiguration$JpaWebConfiguration : spring.jpa.open-in-view is enabled by default. Therefore, database queries may be performed during view rendering. Explicitly configure spring.jpa.open-in-view to disable this warning
2026-06-15T16:57:55.780-04:00  WARN 429695 --- [core-sifa-test] [main] .s.s.UserDetailsServiceAutoConfiguration : 

Using generated security password: 64db87e8-6368-45fe-82cd-958646154f74

This generated password is for development use only. Your security configuration must be updated before running your application in production.

2026-06-15T16:57:55.820-04:00  INFO 429695 --- [core-sifa-test] [main] r$InitializeUserDetailsManagerConfigurer : Global AuthenticationManager configured with UserDetailsService bean with name inMemoryUserDetailsManager
2026-06-15T16:57:58.099-04:00  INFO 429695 --- [core-sifa-test] [main] c.s.c.config.DataInitializerConfigTest   : Started DataInitializerConfigTest in 23.968 seconds (process running for 32.489)
2026-06-15T16:57:58.112-04:00  INFO 429695 --- [core-sifa-test] [main] c.s.c.config.DataInitializerConfig       : ========================================================
2026-06-15T16:57:58.112-04:00  INFO 429695 --- [core-sifa-test] [main] c.s.c.config.DataInitializerConfig       : Verificando e inicializando Dataset de prueba en MySQL...
2026-06-15T16:57:58.508-04:00  INFO 429695 --- [core-sifa-test] [main] c.s.c.config.DataInitializerConfig       : [+] Tipo de Infracción 'Mal Estacionado' registrado.
2026-06-15T16:57:58.585-04:00  INFO 429695 --- [core-sifa-test] [main] c.s.c.config.DataInitializerConfig       : [+] Propietario RUT 9330521-3 registrado exitosamente.
2026-06-15T16:57:58.641-04:00  INFO 429695 --- [core-sifa-test] [main] c.s.c.config.DataInitializerConfig       : [+] Vehículo patente TZPW11 (Subaru Outback) registrado y enlazado al RUT 9330521-3.
2026-06-15T16:57:58.642-04:00  INFO 429695 --- [core-sifa-test] [main] c.s.c.config.DataInitializerConfig       : Dataset inicial revisado y/o cargado correctamente.
2026-06-15T16:57:58.642-04:00  INFO 429695 --- [core-sifa-test] [main] c.s.c.config.DataInitializerConfig       : ========================================================
2026-06-15T16:57:59.215-04:00  INFO 429695 --- [core-sifa-test] [SpringApplicationShutdownHook] j.LocalContainerEntityManagerFactoryBean : Closing JPA EntityManagerFactory for persistence unit 'default'
2026-06-15T16:57:59.238-04:00  INFO 429695 --- [core-sifa-test] [SpringApplicationShutdownHook] com.zaxxer.hikari.HikariDataSource       : HikariPool-1 - Shutdown initiated...
2026-06-15T16:57:59.241-04:00  INFO 429695 --- [core-sifa-test] [SpringApplicationShutdownHook] com.zaxxer.hikari.HikariDataSource       : HikariPool-1 - Shutdown completed.
2026-06-15T17:01:13.650-04:00  INFO 434257 --- [core-sifa-test] [main] c.s.c.i.InfraccionFlowIntegrationTest    : Starting InfraccionFlowIntegrationTest using Java 21.0.11 with PID 434257 (started by andres-ortega in /home/andres-ortega/Escritorio/proyects/core-sifa)
2026-06-15T17:01:13.656-04:00  INFO 434257 --- [core-sifa-test] [main] c.s.c.i.InfraccionFlowIntegrationTest    : The following 2 profiles are active: "test", "dev"
2026-06-15T17:01:16.679-04:00  INFO 434257 --- [core-sifa-test] [main] .s.d.r.c.RepositoryConfigurationDelegate : Bootstrapping Spring Data JPA repositories in DEFAULT mode.
2026-06-15T17:01:16.942-04:00  INFO 434257 --- [core-sifa-test] [main] .s.d.r.c.RepositoryConfigurationDelegate : Finished Spring Data repository scanning in 234 ms. Found 10 JPA repository interfaces.
2026-06-15T17:01:21.678-04:00  INFO 434257 --- [core-sifa-test] [main] o.hibernate.jpa.internal.util.LogHelper  : HHH000204: Processing PersistenceUnitInfo [name: default]
2026-06-15T17:01:21.951-04:00  INFO 434257 --- [core-sifa-test] [main] org.hibernate.Version                    : HHH000412: Hibernate ORM core version 6.6.8.Final
2026-06-15T17:01:22.121-04:00  INFO 434257 --- [core-sifa-test] [main] o.h.c.internal.RegionFactoryInitiator    : HHH000026: Second-level cache disabled
2026-06-15T17:01:22.862-04:00  INFO 434257 --- [core-sifa-test] [main] o.s.o.j.p.SpringPersistenceUnitInfo      : No LoadTimeWeaver setup: ignoring JPA class transformer
2026-06-15T17:01:23.057-04:00  INFO 434257 --- [core-sifa-test] [main] com.zaxxer.hikari.HikariDataSource       : HikariPool-1 - Starting...
2026-06-15T17:01:24.611-04:00  INFO 434257 --- [core-sifa-test] [main] com.zaxxer.hikari.pool.HikariPool        : HikariPool-1 - Added connection conn0: url=jdbc:h2:mem:testdb user=SA
2026-06-15T17:01:24.619-04:00  INFO 434257 --- [core-sifa-test] [main] com.zaxxer.hikari.HikariDataSource       : HikariPool-1 - Start completed.
2026-06-15T17:01:24.723-04:00  WARN 434257 --- [core-sifa-test] [main] org.hibernate.orm.deprecation            : HHH90000025: H2Dialect does not need to be specified explicitly using 'hibernate.dialect' (remove the property setting and it will be selected by default)
2026-06-15T17:01:24.807-04:00  INFO 434257 --- [core-sifa-test] [main] org.hibernate.orm.connections.pooling    : HHH10001005: Database info:
	Database JDBC URL [Connecting through datasource 'HikariDataSource (HikariPool-1)']
	Database driver: undefined/unknown
	Database version: 2.3.232
	Autocommit mode: undefined/unknown
	Isolation level: undefined/unknown
	Minimum pool size: undefined/unknown
	Maximum pool size: undefined/unknown
2026-06-15T17:01:29.345-04:00  INFO 434257 --- [core-sifa-test] [main] o.h.e.t.j.p.i.JtaPlatformInitiator       : HHH000489: No JTA platform available (set 'hibernate.transaction.jta.platform' to enable JTA platform integration)
2026-06-15T17:01:29.593-04:00  INFO 434257 --- [core-sifa-test] [main] j.LocalContainerEntityManagerFactoryBean : Initialized JPA EntityManagerFactory for persistence unit 'default'
2026-06-15T17:01:30.687-04:00  INFO 434257 --- [core-sifa-test] [main] o.s.d.j.r.query.QueryEnhancerFactory     : Hibernate is in classpath; If applicable, HQL parser will be used.
2026-06-15T17:01:42.582-04:00  WARN 434257 --- [core-sifa-test] [main] JpaBaseConfiguration$JpaWebConfiguration : spring.jpa.open-in-view is enabled by default. Therefore, database queries may be performed during view rendering. Explicitly configure spring.jpa.open-in-view to disable this warning
2026-06-15T17:01:42.656-04:00  WARN 434257 --- [core-sifa-test] [main] .s.s.UserDetailsServiceAutoConfiguration : 

Using generated security password: 7c8b284c-c069-4e2c-96b3-4353daad010d

This generated password is for development use only. Your security configuration must be updated before running your application in production.

2026-06-15T17:01:42.694-04:00  INFO 434257 --- [core-sifa-test] [main] r$InitializeUserDetailsManagerConfigurer : Global AuthenticationManager configured with UserDetailsService bean with name inMemoryUserDetailsManager
2026-06-15T17:01:45.322-04:00  INFO 434257 --- [core-sifa-test] [main] c.s.c.i.InfraccionFlowIntegrationTest    : Started InfraccionFlowIntegrationTest in 32.874 seconds (process running for 36.929)
2026-06-15T17:01:45.335-04:00  INFO 434257 --- [core-sifa-test] [main] c.s.c.config.DataInitializerConfig       : ========================================================
2026-06-15T17:01:45.336-04:00  INFO 434257 --- [core-sifa-test] [main] c.s.c.config.DataInitializerConfig       : Verificando e inicializando Dataset de prueba en MySQL...
2026-06-15T17:01:45.771-04:00  INFO 434257 --- [core-sifa-test] [main] c.s.c.config.DataInitializerConfig       : [+] Tipo de Infracción 'Mal Estacionado' registrado.
2026-06-15T17:01:45.865-04:00  INFO 434257 --- [core-sifa-test] [main] c.s.c.config.DataInitializerConfig       : [+] Propietario RUT 9330521-3 registrado exitosamente.
2026-06-15T17:01:45.943-04:00  INFO 434257 --- [core-sifa-test] [main] c.s.c.config.DataInitializerConfig       : [+] Vehículo patente TZPW11 (Subaru Outback) registrado y enlazado al RUT 9330521-3.
2026-06-15T17:01:45.944-04:00  INFO 434257 --- [core-sifa-test] [main] c.s.c.config.DataInitializerConfig       : Dataset inicial revisado y/o cargado correctamente.
2026-06-15T17:01:45.945-04:00  INFO 434257 --- [core-sifa-test] [main] c.s.c.config.DataInitializerConfig       : ========================================================
2026-06-15T17:01:46.174-04:00  INFO 434257 --- [core-sifa-test] [main] c.s.c.s.i.InfraccionServiceImpl          : Iniciando creación de infracción para patente: INTG11
2026-06-15T17:01:46.186-04:00  INFO 434257 --- [core-sifa-test] [main] c.s.c.s.storage.MockStorageServiceImpl   : MOCK STORAGE -> Archivo simulado: https://mock.sifa.cl/INTG11_1.jpg
2026-06-15T17:01:46.187-04:00  INFO 434257 --- [core-sifa-test] [main] c.s.c.s.storage.MockStorageServiceImpl   : MOCK STORAGE -> Archivo simulado: https://mock.sifa.cl/INTG11_2.jpg
2026-06-15T17:01:46.198-04:00  INFO 434257 --- [core-sifa-test] [main] c.s.c.s.i.InfraccionServiceImpl          : Infracción creada exitosamente con ID: 1
2026-06-15T17:01:46.199-04:00  INFO 434257 --- [core-sifa-test] [main] c.s.core_sifa.service.CitacionService    : Creando citación para la infracción ID: 1
2026-06-15T17:01:46.207-04:00  INFO 434257 --- [core-sifa-test] [main] c.s.core_sifa.service.CitacionService    : Citación ID 1 creada exitosamente
2026-06-15T17:01:46.225-04:00  INFO 434257 --- [core-sifa-test] [main] c.s.c.s.i.InfraccionServiceImpl          : [+] Citación empadronada gatillada y enlazada automáticamente en la transacción.
2026-06-15T17:01:46.448-04:00  INFO 434257 --- [core-sifa-test] [main] c.s.c.s.i.InfraccionServiceImpl          : Buscando infraccion con id: 1
2026-06-15T17:01:46.471-04:00  INFO 434257 --- [core-sifa-test] [main] c.s.c.s.i.InfraccionServiceImpl          : Administrativo JPL jpl@test.cl procesando infracción ID: 1
2026-06-15T17:01:46.475-04:00  INFO 434257 --- [core-sifa-test] [main] c.s.c.s.i.InfraccionServiceImpl          : Infracción ID: 1 procesada exitosamente con estado: APROBADA
2026-06-15T17:01:46.564-04:00  INFO 434257 --- [core-sifa-test] [main] c.s.c.s.audits.AuditLogServiceImpl       : Auditoría guardada exitosamente | Usuario: jpl@test.cl | Acción: PROCESAR_INFRACCION
2026-06-15T17:01:46.693-04:00  INFO 434257 --- [core-sifa-test] [main] t.c.s.AnnotationConfigContextLoaderUtils : Could not detect default configuration classes for test class [com.sifa.core_sifa.controller.TipoInfraccionControllerTest]: TipoInfraccionControllerTest does not declare any static, non-private, non-final, nested classes annotated with @Configuration.
2026-06-15T17:01:46.775-04:00  INFO 434257 --- [core-sifa-test] [main] .b.t.c.SpringBootTestContextBootstrapper : Found @SpringBootConfiguration com.sifa.core_sifa.CoreSifaApplication for test class com.sifa.core_sifa.controller.TipoInfraccionControllerTest
2026-06-15T17:01:46.844-04:00  INFO 434257 --- [core-sifa-test] [main] c.s.c.c.TipoInfraccionControllerTest     : Starting TipoInfraccionControllerTest using Java 21.0.11 with PID 434257 (started by andres-ortega in /home/andres-ortega/Escritorio/proyects/core-sifa)
2026-06-15T17:01:46.844-04:00  INFO 434257 --- [core-sifa-test] [main] c.s.c.c.TipoInfraccionControllerTest     : The following 1 profile is active: "test"
2026-06-15T17:01:47.685-04:00  WARN 434257 --- [core-sifa-test] [main] .s.s.UserDetailsServiceAutoConfiguration : 

Using generated security password: 383e6ccd-52dc-405d-867b-f1dcd37e40c4

This generated password is for development use only. Your security configuration must be updated before running your application in production.

2026-06-15T17:01:47.689-04:00  INFO 434257 --- [core-sifa-test] [main] r$InitializeUserDetailsManagerConfigurer : Global AuthenticationManager configured with UserDetailsService bean with name inMemoryUserDetailsManager
2026-06-15T17:01:48.249-04:00  INFO 434257 --- [core-sifa-test] [main] o.s.b.t.m.w.SpringBootMockServletContext : Initializing Spring TestDispatcherServlet ''
2026-06-15T17:01:48.251-04:00  INFO 434257 --- [core-sifa-test] [main] o.s.t.web.servlet.TestDispatcherServlet  : Initializing Servlet ''
2026-06-15T17:01:48.254-04:00  INFO 434257 --- [core-sifa-test] [main] o.s.t.web.servlet.TestDispatcherServlet  : Completed initialization in 2 ms
2026-06-15T17:01:48.296-04:00  INFO 434257 --- [core-sifa-test] [main] c.s.c.c.TipoInfraccionControllerTest     : Started TipoInfraccionControllerTest in 1.512 seconds (process running for 39.903)
2026-06-15T17:01:48.905-04:00  INFO 434257 --- [core-sifa-test] [main] c.s.c.c.TipoInfraccionController         : Creando tipo de infracción
2026-06-15T17:01:48.933-04:00  INFO 434257 --- [core-sifa-test] [main] c.s.c.c.TipoInfraccionController         : Obteniendo tipos de infracción paginados - página: 0, tamaño: 10
2026-06-15T17:01:48.944-04:00  WARN 434257 --- [core-sifa-test] [main] ration$PageModule$WarningLoggingModifier : Serializing PageImpl instances as-is is not supported, meaning that there is no guarantee about the stability of the resulting JSON structure!
	For a stable JSON structure, please use Spring Data's PagedModel (globally via @EnableSpringDataWebSupport(pageSerializationMode = VIA_DTO))
	or Spring HATEOAS and Spring Data's PagedResourcesAssembler as documented in https://docs.spring.io/spring-data/commons/reference/repositories/core-extensions.html#core.web.pageables.

2026-06-15T17:01:48.989-04:00  INFO 434257 --- [core-sifa-test] [main] c.s.c.c.TipoInfraccionController         : Eliminando (deshabilitando) tipo de infracción con id 1
2026-06-15T17:01:49.013-04:00  INFO 434257 --- [core-sifa-test] [main] c.s.c.c.TipoInfraccionController         : Actualizando tipo de infracción con id 1
2026-06-15T17:01:49.035-04:00  INFO 434257 --- [core-sifa-test] [main] t.c.s.AnnotationConfigContextLoaderUtils : Could not detect default configuration classes for test class [com.sifa.core_sifa.controller.CitacionControllerTest]: CitacionControllerTest does not declare any static, non-private, non-final, nested classes annotated with @Configuration.
2026-06-15T17:01:49.063-04:00  INFO 434257 --- [core-sifa-test] [main] .b.t.c.SpringBootTestContextBootstrapper : Found @SpringBootConfiguration com.sifa.core_sifa.CoreSifaApplication for test class com.sifa.core_sifa.controller.CitacionControllerTest
2026-06-15T17:01:49.137-04:00  INFO 434257 --- [core-sifa-test] [main] c.s.c.controller.CitacionControllerTest  : Starting CitacionControllerTest using Java 21.0.11 with PID 434257 (started by andres-ortega in /home/andres-ortega/Escritorio/proyects/core-sifa)
2026-06-15T17:01:49.139-04:00  INFO 434257 --- [core-sifa-test] [main] c.s.c.controller.CitacionControllerTest  : The following 1 profile is active: "test"
2026-06-15T17:01:49.732-04:00  WARN 434257 --- [core-sifa-test] [main] .s.s.UserDetailsServiceAutoConfiguration : 

Using generated security password: 28436b70-982a-4a0b-9435-addfeb5b314b

This generated password is for development use only. Your security configuration must be updated before running your application in production.

2026-06-15T17:01:49.734-04:00  INFO 434257 --- [core-sifa-test] [main] r$InitializeUserDetailsManagerConfigurer : Global AuthenticationManager configured with UserDetailsService bean with name inMemoryUserDetailsManager
2026-06-15T17:01:50.110-04:00  INFO 434257 --- [core-sifa-test] [main] o.s.b.t.m.w.SpringBootMockServletContext : Initializing Spring TestDispatcherServlet ''
2026-06-15T17:01:50.110-04:00  INFO 434257 --- [core-sifa-test] [main] o.s.t.web.servlet.TestDispatcherServlet  : Initializing Servlet ''
2026-06-15T17:01:50.113-04:00  INFO 434257 --- [core-sifa-test] [main] o.s.t.web.servlet.TestDispatcherServlet  : Completed initialization in 2 ms
2026-06-15T17:01:50.136-04:00  INFO 434257 --- [core-sifa-test] [main] c.s.c.controller.CitacionControllerTest  : Started CitacionControllerTest in 1.066 seconds (process running for 41.743)
2026-06-15T17:01:50.174-04:00  INFO 434257 --- [core-sifa-test] [main] c.s.c.controller.CitacionController      : Petición PUT para actualizar citación ID: 1 recibida. Administrativo: admin@sifa.cl
2026-06-15T17:01:50.211-04:00  INFO 434257 --- [core-sifa-test] [main] c.s.c.controller.CitacionController      : Petición GET para listar citaciones - page: 0, size: 10, startDate: null, endDate: null, search: null
2026-06-15T17:01:50.218-04:00  WARN 434257 --- [core-sifa-test] [main] ration$PageModule$WarningLoggingModifier : Serializing PageImpl instances as-is is not supported, meaning that there is no guarantee about the stability of the resulting JSON structure!
	For a stable JSON structure, please use Spring Data's PagedModel (globally via @EnableSpringDataWebSupport(pageSerializationMode = VIA_DTO))
	or Spring HATEOAS and Spring Data's PagedResourcesAssembler as documented in https://docs.spring.io/spring-data/commons/reference/repositories/core-extensions.html#core.web.pageables.

2026-06-15T17:01:50.264-04:00  INFO 434257 --- [core-sifa-test] [main] c.s.c.controller.CitacionController      : Petición GET para citación ID: 1
2026-06-15T17:01:50.281-04:00  INFO 434257 --- [core-sifa-test] [main] t.c.s.AnnotationConfigContextLoaderUtils : Could not detect default configuration classes for test class [com.sifa.core_sifa.controller.NotificationLogControllerTest]: NotificationLogControllerTest does not declare any static, non-private, non-final, nested classes annotated with @Configuration.
2026-06-15T17:01:50.305-04:00  INFO 434257 --- [core-sifa-test] [main] .b.t.c.SpringBootTestContextBootstrapper : Found @SpringBootConfiguration com.sifa.core_sifa.CoreSifaApplication for test class com.sifa.core_sifa.controller.NotificationLogControllerTest
2026-06-15T17:01:50.362-04:00  INFO 434257 --- [core-sifa-test] [main] c.s.c.c.NotificationLogControllerTest    : Starting NotificationLogControllerTest using Java 21.0.11 with PID 434257 (started by andres-ortega in /home/andres-ortega/Escritorio/proyects/core-sifa)
2026-06-15T17:01:50.364-04:00  INFO 434257 --- [core-sifa-test] [main] c.s.c.c.NotificationLogControllerTest    : The following 1 profile is active: "test"
2026-06-15T17:01:50.927-04:00  WARN 434257 --- [core-sifa-test] [main] .s.s.UserDetailsServiceAutoConfiguration : 

Using generated security password: 2efa9e41-94a6-4e97-91fa-d4831bb764bd

This generated password is for development use only. Your security configuration must be updated before running your application in production.

2026-06-15T17:01:50.929-04:00  INFO 434257 --- [core-sifa-test] [main] r$InitializeUserDetailsManagerConfigurer : Global AuthenticationManager configured with UserDetailsService bean with name inMemoryUserDetailsManager
2026-06-15T17:01:51.213-04:00  INFO 434257 --- [core-sifa-test] [main] o.s.b.t.m.w.SpringBootMockServletContext : Initializing Spring TestDispatcherServlet ''
2026-06-15T17:01:51.214-04:00  INFO 434257 --- [core-sifa-test] [main] o.s.t.web.servlet.TestDispatcherServlet  : Initializing Servlet ''
2026-06-15T17:01:51.215-04:00  INFO 434257 --- [core-sifa-test] [main] o.s.t.web.servlet.TestDispatcherServlet  : Completed initialization in 1 ms
2026-06-15T17:01:51.226-04:00  INFO 434257 --- [core-sifa-test] [main] c.s.c.c.NotificationLogControllerTest    : Started NotificationLogControllerTest in 0.916 seconds (process running for 42.833)
2026-06-15T17:01:51.256-04:00  WARN 434257 --- [core-sifa-test] [main] ration$PageModule$WarningLoggingModifier : Serializing PageImpl instances as-is is not supported, meaning that there is no guarantee about the stability of the resulting JSON structure!
	For a stable JSON structure, please use Spring Data's PagedModel (globally via @EnableSpringDataWebSupport(pageSerializationMode = VIA_DTO))
	or Spring HATEOAS and Spring Data's PagedResourcesAssembler as documented in https://docs.spring.io/spring-data/commons/reference/repositories/core-extensions.html#core.web.pageables.

2026-06-15T17:01:51.338-04:00  INFO 434257 --- [core-sifa-test] [main] t.c.s.AnnotationConfigContextLoaderUtils : Could not detect default configuration classes for test class [com.sifa.core_sifa.controller.DeviceTokenControllerTest]: DeviceTokenControllerTest does not declare any static, non-private, non-final, nested classes annotated with @Configuration.
2026-06-15T17:01:51.361-04:00  INFO 434257 --- [core-sifa-test] [main] .b.t.c.SpringBootTestContextBootstrapper : Found @SpringBootConfiguration com.sifa.core_sifa.CoreSifaApplication for test class com.sifa.core_sifa.controller.DeviceTokenControllerTest
2026-06-15T17:01:51.416-04:00  INFO 434257 --- [core-sifa-test] [main] c.s.c.c.DeviceTokenControllerTest        : Starting DeviceTokenControllerTest using Java 21.0.11 with PID 434257 (started by andres-ortega in /home/andres-ortega/Escritorio/proyects/core-sifa)
2026-06-15T17:01:51.417-04:00  INFO 434257 --- [core-sifa-test] [main] c.s.c.c.DeviceTokenControllerTest        : The following 1 profile is active: "test"
2026-06-15T17:01:52.195-04:00  WARN 434257 --- [core-sifa-test] [main] .s.s.UserDetailsServiceAutoConfiguration : 

Using generated security password: 4d6b10a2-6716-4c2a-95f5-1b2080d3eb5b

This generated password is for development use only. Your security configuration must be updated before running your application in production.

2026-06-15T17:01:52.198-04:00  INFO 434257 --- [core-sifa-test] [main] r$InitializeUserDetailsManagerConfigurer : Global AuthenticationManager configured with UserDetailsService bean with name inMemoryUserDetailsManager
2026-06-15T17:01:52.515-04:00  INFO 434257 --- [core-sifa-test] [main] o.s.b.t.m.w.SpringBootMockServletContext : Initializing Spring TestDispatcherServlet ''
2026-06-15T17:01:52.516-04:00  INFO 434257 --- [core-sifa-test] [main] o.s.t.web.servlet.TestDispatcherServlet  : Initializing Servlet ''
2026-06-15T17:01:52.520-04:00  INFO 434257 --- [core-sifa-test] [main] o.s.t.web.servlet.TestDispatcherServlet  : Completed initialization in 1 ms
2026-06-15T17:01:52.545-04:00  INFO 434257 --- [core-sifa-test] [main] c.s.c.c.DeviceTokenControllerTest        : Started DeviceTokenControllerTest in 1.176 seconds (process running for 44.152)
2026-06-15T17:01:52.714-04:00  INFO 434257 --- [core-sifa-test] [main] t.c.s.AnnotationConfigContextLoaderUtils : Could not detect default configuration classes for test class [com.sifa.core_sifa.controller.FiscalizadorPresenciaControllerTest]: FiscalizadorPresenciaControllerTest does not declare any static, non-private, non-final, nested classes annotated with @Configuration.
2026-06-15T17:01:52.739-04:00  INFO 434257 --- [core-sifa-test] [main] .b.t.c.SpringBootTestContextBootstrapper : Found @SpringBootConfiguration com.sifa.core_sifa.CoreSifaApplication for test class com.sifa.core_sifa.controller.FiscalizadorPresenciaControllerTest
2026-06-15T17:01:52.803-04:00  INFO 434257 --- [core-sifa-test] [main] .c.c.FiscalizadorPresenciaControllerTest : Starting FiscalizadorPresenciaControllerTest using Java 21.0.11 with PID 434257 (started by andres-ortega in /home/andres-ortega/Escritorio/proyects/core-sifa)
2026-06-15T17:01:52.803-04:00  INFO 434257 --- [core-sifa-test] [main] .c.c.FiscalizadorPresenciaControllerTest : The following 1 profile is active: "test"
2026-06-15T17:01:53.560-04:00  WARN 434257 --- [core-sifa-test] [main] .s.s.UserDetailsServiceAutoConfiguration : 

Using generated security password: 68431fdd-6c6b-465c-a2b2-4aa5ab635168

This generated password is for development use only. Your security configuration must be updated before running your application in production.

2026-06-15T17:01:53.566-04:00  INFO 434257 --- [core-sifa-test] [main] r$InitializeUserDetailsManagerConfigurer : Global AuthenticationManager configured with UserDetailsService bean with name inMemoryUserDetailsManager
2026-06-15T17:01:53.981-04:00  INFO 434257 --- [core-sifa-test] [main] o.s.b.t.m.w.SpringBootMockServletContext : Initializing Spring TestDispatcherServlet ''
2026-06-15T17:01:53.982-04:00  INFO 434257 --- [core-sifa-test] [main] o.s.t.web.servlet.TestDispatcherServlet  : Initializing Servlet ''
2026-06-15T17:01:53.984-04:00  INFO 434257 --- [core-sifa-test] [main] o.s.t.web.servlet.TestDispatcherServlet  : Completed initialization in 1 ms
2026-06-15T17:01:54.006-04:00  INFO 434257 --- [core-sifa-test] [main] .c.c.FiscalizadorPresenciaControllerTest : Started FiscalizadorPresenciaControllerTest in 1.255 seconds (process running for 45.613)
2026-06-15T17:01:54.127-04:00  WARN 434257 --- [core-sifa-test] [main] ration$PageModule$WarningLoggingModifier : Serializing PageImpl instances as-is is not supported, meaning that there is no guarantee about the stability of the resulting JSON structure!
	For a stable JSON structure, please use Spring Data's PagedModel (globally via @EnableSpringDataWebSupport(pageSerializationMode = VIA_DTO))
	or Spring HATEOAS and Spring Data's PagedResourcesAssembler as documented in https://docs.spring.io/spring-data/commons/reference/repositories/core-extensions.html#core.web.pageables.

2026-06-15T17:01:54.170-04:00  INFO 434257 --- [core-sifa-test] [main] t.c.s.AnnotationConfigContextLoaderUtils : Could not detect default configuration classes for test class [com.sifa.core_sifa.controller.NotificationPushControllerTest]: NotificationPushControllerTest does not declare any static, non-private, non-final, nested classes annotated with @Configuration.
2026-06-15T17:01:54.190-04:00  INFO 434257 --- [core-sifa-test] [main] .b.t.c.SpringBootTestContextBootstrapper : Found @SpringBootConfiguration com.sifa.core_sifa.CoreSifaApplication for test class com.sifa.core_sifa.controller.NotificationPushControllerTest
2026-06-15T17:01:54.249-04:00  INFO 434257 --- [core-sifa-test] [main] c.s.c.c.NotificationPushControllerTest   : Starting NotificationPushControllerTest using Java 21.0.11 with PID 434257 (started by andres-ortega in /home/andres-ortega/Escritorio/proyects/core-sifa)
2026-06-15T17:01:54.250-04:00  INFO 434257 --- [core-sifa-test] [main] c.s.c.c.NotificationPushControllerTest   : The following 1 profile is active: "test"
2026-06-15T17:01:54.700-04:00  WARN 434257 --- [core-sifa-test] [main] .s.s.UserDetailsServiceAutoConfiguration : 

Using generated security password: 545ef9a7-50af-43a4-81ca-27d3f9e46d6a

This generated password is for development use only. Your security configuration must be updated before running your application in production.

2026-06-15T17:01:54.702-04:00  INFO 434257 --- [core-sifa-test] [main] r$InitializeUserDetailsManagerConfigurer : Global AuthenticationManager configured with UserDetailsService bean with name inMemoryUserDetailsManager
2026-06-15T17:01:54.968-04:00  INFO 434257 --- [core-sifa-test] [main] o.s.b.t.m.w.SpringBootMockServletContext : Initializing Spring TestDispatcherServlet ''
2026-06-15T17:01:54.969-04:00  INFO 434257 --- [core-sifa-test] [main] o.s.t.web.servlet.TestDispatcherServlet  : Initializing Servlet ''
2026-06-15T17:01:54.972-04:00  INFO 434257 --- [core-sifa-test] [main] o.s.t.web.servlet.TestDispatcherServlet  : Completed initialization in 3 ms
2026-06-15T17:01:54.986-04:00  INFO 434257 --- [core-sifa-test] [main] c.s.c.c.NotificationPushControllerTest   : Started NotificationPushControllerTest in 0.787 seconds (process running for 46.592)
2026-06-15T17:01:55.184-04:00  INFO 434257 --- [core-sifa-test] [main] t.c.s.AnnotationConfigContextLoaderUtils : Could not detect default configuration classes for test class [com.sifa.core_sifa.controller.InfraccionControllerTest]: InfraccionControllerTest does not declare any static, non-private, non-final, nested classes annotated with @Configuration.
2026-06-15T17:01:55.203-04:00  INFO 434257 --- [core-sifa-test] [main] .b.t.c.SpringBootTestContextBootstrapper : Found @SpringBootConfiguration com.sifa.core_sifa.CoreSifaApplication for test class com.sifa.core_sifa.controller.InfraccionControllerTest
2026-06-15T17:01:55.241-04:00  INFO 434257 --- [core-sifa-test] [main] c.s.c.c.InfraccionControllerTest         : Starting InfraccionControllerTest using Java 21.0.11 with PID 434257 (started by andres-ortega in /home/andres-ortega/Escritorio/proyects/core-sifa)
2026-06-15T17:01:55.242-04:00  INFO 434257 --- [core-sifa-test] [main] c.s.c.c.InfraccionControllerTest         : The following 1 profile is active: "test"
2026-06-15T17:01:55.720-04:00  WARN 434257 --- [core-sifa-test] [main] .s.s.UserDetailsServiceAutoConfiguration : 

Using generated security password: b7cc7803-0df2-4170-9f15-f736caac39fe

This generated password is for development use only. Your security configuration must be updated before running your application in production.

2026-06-15T17:01:55.722-04:00  INFO 434257 --- [core-sifa-test] [main] r$InitializeUserDetailsManagerConfigurer : Global AuthenticationManager configured with UserDetailsService bean with name inMemoryUserDetailsManager
2026-06-15T17:01:56.019-04:00  INFO 434257 --- [core-sifa-test] [main] o.s.b.t.m.w.SpringBootMockServletContext : Initializing Spring TestDispatcherServlet ''
2026-06-15T17:01:56.019-04:00  INFO 434257 --- [core-sifa-test] [main] o.s.t.web.servlet.TestDispatcherServlet  : Initializing Servlet ''
2026-06-15T17:01:56.020-04:00  INFO 434257 --- [core-sifa-test] [main] o.s.t.web.servlet.TestDispatcherServlet  : Completed initialization in 1 ms
2026-06-15T17:01:56.032-04:00  INFO 434257 --- [core-sifa-test] [main] c.s.c.c.InfraccionControllerTest         : Started InfraccionControllerTest in 0.825 seconds (process running for 47.639)
2026-06-15T17:01:56.050-04:00  INFO 434257 --- [core-sifa-test] [main] c.s.c.controller.InfraccionController    : Petición PATCH recibida para actualizar estado de infracción ID: 1 a accepted
2026-06-15T17:01:56.078-04:00  INFO 434257 --- [core-sifa-test] [main] c.s.c.controller.InfraccionController    : Petición GET para estadísticas del Dashboard
2026-06-15T17:01:56.101-04:00  INFO 434257 --- [core-sifa-test] [main] c.s.c.controller.InfraccionController    : Obteniendo infracciones paginadas
2026-06-15T17:01:56.106-04:00  WARN 434257 --- [core-sifa-test] [main] ration$PageModule$WarningLoggingModifier : Serializing PageImpl instances as-is is not supported, meaning that there is no guarantee about the stability of the resulting JSON structure!
	For a stable JSON structure, please use Spring Data's PagedModel (globally via @EnableSpringDataWebSupport(pageSerializationMode = VIA_DTO))
	or Spring HATEOAS and Spring Data's PagedResourcesAssembler as documented in https://docs.spring.io/spring-data/commons/reference/repositories/core-extensions.html#core.web.pageables.

2026-06-15T17:01:56.130-04:00  INFO 434257 --- [core-sifa-test] [main] c.s.c.controller.InfraccionController    : Obteniendo infracciones paginadas
2026-06-15T17:01:56.153-04:00  INFO 434257 --- [core-sifa-test] [main] c.s.c.controller.InfraccionController    : Petición GET para reporte de productividad
2026-06-15T17:01:56.181-04:00  INFO 434257 --- [core-sifa-test] [main] c.s.c.controller.InfraccionController    : Petición para procesar infracción ID: 1 recibida. Administrativo JPL ID: jpl@test.cl
2026-06-15T17:01:56.202-04:00  INFO 434257 --- [core-sifa-test] [main] c.s.c.controller.InfraccionController    : Obteniendo resumen del reporte de infracciones
2026-06-15T17:01:56.224-04:00  INFO 434257 --- [core-sifa-test] [main] c.s.c.controller.InfraccionController    : Obteniendo infraccion con id: 1
2026-06-15T17:01:56.244-04:00  INFO 434257 --- [core-sifa-test] [main] c.s.c.controller.InfraccionController    : Obteniendo coordenadas de infracciones para el mapa de calor
2026-06-15T17:01:56.315-04:00  INFO 434257 --- [core-sifa-test] [main] c.s.c.controller.InfraccionController    : Petición de creación de infracción recibida desde el Gateway. Fiscalizador ID: fiscalizador@test.cl
2026-06-15T17:01:56.335-04:00  INFO 434257 --- [core-sifa-test] [main] t.c.s.AnnotationConfigContextLoaderUtils : Could not detect default configuration classes for test class [com.sifa.core_sifa.controller.AuditLogControllerTest]: AuditLogControllerTest does not declare any static, non-private, non-final, nested classes annotated with @Configuration.
2026-06-15T17:01:56.353-04:00  INFO 434257 --- [core-sifa-test] [main] .b.t.c.SpringBootTestContextBootstrapper : Found @SpringBootConfiguration com.sifa.core_sifa.CoreSifaApplication for test class com.sifa.core_sifa.controller.AuditLogControllerTest
2026-06-15T17:01:56.401-04:00  INFO 434257 --- [core-sifa-test] [main] c.s.c.controller.AuditLogControllerTest  : Starting AuditLogControllerTest using Java 21.0.11 with PID 434257 (started by andres-ortega in /home/andres-ortega/Escritorio/proyects/core-sifa)
2026-06-15T17:01:56.401-04:00  INFO 434257 --- [core-sifa-test] [main] c.s.c.controller.AuditLogControllerTest  : The following 1 profile is active: "test"
2026-06-15T17:01:56.824-04:00  WARN 434257 --- [core-sifa-test] [main] .s.s.UserDetailsServiceAutoConfiguration : 

Using generated security password: 08fc7657-cba3-4ed3-935d-a3a36f84f488

This generated password is for development use only. Your security configuration must be updated before running your application in production.

2026-06-15T17:01:56.827-04:00  INFO 434257 --- [core-sifa-test] [main] r$InitializeUserDetailsManagerConfigurer : Global AuthenticationManager configured with UserDetailsService bean with name inMemoryUserDetailsManager
2026-06-15T17:01:57.086-04:00  INFO 434257 --- [core-sifa-test] [main] o.s.b.t.m.w.SpringBootMockServletContext : Initializing Spring TestDispatcherServlet ''
2026-06-15T17:01:57.088-04:00  INFO 434257 --- [core-sifa-test] [main] o.s.t.web.servlet.TestDispatcherServlet  : Initializing Servlet ''
2026-06-15T17:01:57.091-04:00  INFO 434257 --- [core-sifa-test] [main] o.s.t.web.servlet.TestDispatcherServlet  : Completed initialization in 2 ms
2026-06-15T17:01:57.106-04:00  INFO 434257 --- [core-sifa-test] [main] c.s.c.controller.AuditLogControllerTest  : Started AuditLogControllerTest in 0.745 seconds (process running for 48.713)
2026-06-15T17:01:57.126-04:00  INFO 434257 --- [core-sifa-test] [main] c.s.c.controller.AuditLogController      : Obteniendo auditorias paginadas
2026-06-15T17:01:57.132-04:00  WARN 434257 --- [core-sifa-test] [main] ration$PageModule$WarningLoggingModifier : Serializing PageImpl instances as-is is not supported, meaning that there is no guarantee about the stability of the resulting JSON structure!
	For a stable JSON structure, please use Spring Data's PagedModel (globally via @EnableSpringDataWebSupport(pageSerializationMode = VIA_DTO))
	or Spring HATEOAS and Spring Data's PagedResourcesAssembler as documented in https://docs.spring.io/spring-data/commons/reference/repositories/core-extensions.html#core.web.pageables.

2026-06-15T17:01:57.164-04:00  INFO 434257 --- [core-sifa-test] [main] c.s.c.controller.AuditLogController      : Obteniendo auditorias paginadas
2026-06-15T17:01:57.217-04:00  INFO 434257 --- [core-sifa-test] [main] t.c.s.AnnotationConfigContextLoaderUtils : Could not detect default configuration classes for test class [com.sifa.core_sifa.controller.VehiculoControllerTest]: VehiculoControllerTest does not declare any static, non-private, non-final, nested classes annotated with @Configuration.
2026-06-15T17:01:57.243-04:00  INFO 434257 --- [core-sifa-test] [main] .b.t.c.SpringBootTestContextBootstrapper : Found @SpringBootConfiguration com.sifa.core_sifa.CoreSifaApplication for test class com.sifa.core_sifa.controller.VehiculoControllerTest
2026-06-15T17:01:57.286-04:00  INFO 434257 --- [core-sifa-test] [main] c.s.c.controller.VehiculoControllerTest  : Starting VehiculoControllerTest using Java 21.0.11 with PID 434257 (started by andres-ortega in /home/andres-ortega/Escritorio/proyects/core-sifa)
2026-06-15T17:01:57.286-04:00  INFO 434257 --- [core-sifa-test] [main] c.s.c.controller.VehiculoControllerTest  : The following 1 profile is active: "test"
2026-06-15T17:01:57.737-04:00  WARN 434257 --- [core-sifa-test] [main] .s.s.UserDetailsServiceAutoConfiguration : 

Using generated security password: 25b87e1d-a0e4-452e-bf5d-224a23412dba

This generated password is for development use only. Your security configuration must be updated before running your application in production.

2026-06-15T17:01:57.738-04:00  INFO 434257 --- [core-sifa-test] [main] r$InitializeUserDetailsManagerConfigurer : Global AuthenticationManager configured with UserDetailsService bean with name inMemoryUserDetailsManager
2026-06-15T17:01:57.955-04:00  INFO 434257 --- [core-sifa-test] [main] o.s.b.t.m.w.SpringBootMockServletContext : Initializing Spring TestDispatcherServlet ''
2026-06-15T17:01:57.955-04:00  INFO 434257 --- [core-sifa-test] [main] o.s.t.web.servlet.TestDispatcherServlet  : Initializing Servlet ''
2026-06-15T17:01:57.957-04:00  INFO 434257 --- [core-sifa-test] [main] o.s.t.web.servlet.TestDispatcherServlet  : Completed initialization in 2 ms
2026-06-15T17:01:57.972-04:00  INFO 434257 --- [core-sifa-test] [main] c.s.c.controller.VehiculoControllerTest  : Started VehiculoControllerTest in 0.726 seconds (process running for 49.579)
2026-06-15T17:01:57.988-04:00  INFO 434257 --- [core-sifa-test] [main] c.s.c.controller.VehiculoController      : Obteniendo todos los vehículos
2026-06-15T17:01:58.007-04:00  INFO 434257 --- [core-sifa-test] [main] c.s.c.controller.VehiculoController      : Obteniendo vehiculo con id: ABCD12
2026-06-15T17:01:58.026-04:00  INFO 434257 --- [core-sifa-test] [main] c.s.c.controller.VehiculoController      : Obteniendo todos los vehículos
2026-06-15T17:01:58.817-04:00  INFO 434257 --- [core-sifa-test] [main] c.s.c.service.TipoInfraccionServiceImpl  : Creando tipo de infracción: Nuevo Tipo
2026-06-15T17:01:58.822-04:00  INFO 434257 --- [core-sifa-test] [main] c.s.c.service.TipoInfraccionServiceImpl  : Buscando tipo de infracción con id: 1
2026-06-15T17:01:58.831-04:00  INFO 434257 --- [core-sifa-test] [main] c.s.c.service.TipoInfraccionServiceImpl  : Buscando tipo de infracción con id: 99
2026-06-15T17:01:58.838-04:00  INFO 434257 --- [core-sifa-test] [main] c.s.c.service.TipoInfraccionServiceImpl  : Deshabilitando tipo de infracción con id: 1
2026-06-15T17:01:58.845-04:00  INFO 434257 --- [core-sifa-test] [main] c.s.c.service.TipoInfraccionServiceImpl  : Deshabilitando tipo de infracción con id: 99
2026-06-15T17:01:58.850-04:00  INFO 434257 --- [core-sifa-test] [main] c.s.c.service.TipoInfraccionServiceImpl  : Actualizando tipo de infracción con id: 1
2026-06-15T17:01:58.854-04:00  INFO 434257 --- [core-sifa-test] [main] c.s.c.service.TipoInfraccionServiceImpl  : Listando todos los tipos de infracción
2026-06-15T17:01:58.863-04:00  INFO 434257 --- [core-sifa-test] [main] c.s.c.service.TipoInfraccionServiceImpl  : Listando tipos de infracción paginados - página: 0, tamaño: 10
2026-06-15T17:01:58.877-04:00  INFO 434257 --- [core-sifa-test] [main] c.s.c.s.device.DeviceMaintenanceService  : Running device status cleanup...
2026-06-15T17:01:58.877-04:00  INFO 434257 --- [core-sifa-test] [main] c.s.c.s.device.DeviceMaintenanceService  : Device cleanup completed: 5 devices affected
2026-06-15T17:01:58.883-04:00  INFO 434257 --- [core-sifa-test] [main] c.s.c.s.device.DeviceMaintenanceService  : Running device status cleanup...
2026-06-15T17:01:59.123-04:00  INFO 434257 --- [core-sifa-test] [main] c.s.c.s.device.DeviceTokenServiceImpl    : Sending notification to all 1 registered devices
2026-06-15T17:01:59.124-04:00 ERROR 434257 --- [core-sifa-test] [main] c.s.c.s.device.DeviceTokenServiceImpl    : Failed to send notification to device bad-token (user: u1@test.cl): Firebase error
2026-06-15T17:01:59.124-04:00  INFO 434257 --- [core-sifa-test] [main] c.s.c.s.device.DeviceTokenServiceImpl    : Notification sent to 0/1 devices
2026-06-15T17:01:59.130-04:00  INFO 434257 --- [core-sifa-test] [main] c.s.c.s.device.DeviceTokenServiceImpl    : Sending notification to 2 outdated devices (current version: 2.0.0)
2026-06-15T17:01:59.131-04:00  INFO 434257 --- [core-sifa-test] [main] c.s.c.s.device.DeviceTokenServiceImpl    : Notification sent to 2/2 devices
2026-06-15T17:01:59.139-04:00  INFO 434257 --- [core-sifa-test] [main] c.s.c.s.device.DeviceTokenServiceImpl    : Cleanup: marked 3 devices as INACTIVE
2026-06-15T17:01:59.142-04:00  INFO 434257 --- [core-sifa-test] [main] c.s.c.s.device.DeviceTokenServiceImpl    : Registrando dispositivo para usuario: user@test.cl, platform: ANDROID, appVersion: unknown
2026-06-15T17:01:59.143-04:00  INFO 434257 --- [core-sifa-test] [main] c.s.c.s.device.DeviceTokenServiceImpl    : Nuevo dispositivo registrado para: user@test.cl
2026-06-15T17:01:59.148-04:00  WARN 434257 --- [core-sifa-test] [main] c.s.c.s.device.DeviceTokenServiceImpl    : Auto-registrado nuevo DeviceToken null para usuario user@test.cl desde heartbeat (fcmToken provisto)
2026-06-15T17:01:59.151-04:00  INFO 434257 --- [core-sifa-test] [main] c.s.c.s.device.DeviceTokenServiceImpl    : Registrando dispositivo para usuario: user@test.cl, platform: IOS, appVersion: unknown
2026-06-15T17:01:59.152-04:00  INFO 434257 --- [core-sifa-test] [main] c.s.c.s.device.DeviceTokenServiceImpl    : Eliminados 1 token(s) antiguo(s) para: user@test.cl
2026-06-15T17:01:59.153-04:00  INFO 434257 --- [core-sifa-test] [main] c.s.c.s.device.DeviceTokenServiceImpl    : Nuevo dispositivo registrado para: user@test.cl
2026-06-15T17:01:59.159-04:00  INFO 434257 --- [core-sifa-test] [main] c.s.c.s.device.DeviceTokenServiceImpl    : No registered devices found for platform: IOS
2026-06-15T17:01:59.164-04:00  INFO 434257 --- [core-sifa-test] [main] c.s.c.s.device.DeviceTokenServiceImpl    : Sending notification to 1 devices on platform: ANDROID
2026-06-15T17:01:59.164-04:00  INFO 434257 --- [core-sifa-test] [main] c.s.c.s.device.DeviceTokenServiceImpl    : Notification sent to 1/1 devices
2026-06-15T17:01:59.169-04:00  INFO 434257 --- [core-sifa-test] [main] c.s.c.s.device.DeviceTokenServiceImpl    : No outdated devices found (current version: 2.0.0)
2026-06-15T17:01:59.176-04:00  INFO 434257 --- [core-sifa-test] [main] c.s.c.s.device.DeviceTokenServiceImpl    : Sending notification to all 1 registered devices
2026-06-15T17:01:59.177-04:00  INFO 434257 --- [core-sifa-test] [main] c.s.c.s.device.DeviceTokenServiceImpl    : Notification sent to 1/1 devices
2026-06-15T17:01:59.181-04:00  INFO 434257 --- [core-sifa-test] [main] c.s.c.s.device.DeviceTokenServiceImpl    : Sending notification to 1 selected devices
2026-06-15T17:01:59.182-04:00  INFO 434257 --- [core-sifa-test] [main] c.s.c.s.device.DeviceTokenServiceImpl    : Notification sent to 1/1 devices
2026-06-15T17:01:59.185-04:00  INFO 434257 --- [core-sifa-test] [main] c.s.c.s.device.DeviceTokenServiceImpl    : No devices found for the given IDs
2026-06-15T17:01:59.195-04:00  INFO 434257 --- [core-sifa-test] [main] c.s.c.s.device.DeviceTokenServiceImpl    : No registered devices found
2026-06-15T17:01:59.200-04:00  INFO 434257 --- [core-sifa-test] [main] c.s.c.s.device.DeviceTokenServiceImpl    : Registrando dispositivo para usuario: user@test.cl, platform: ANDROID, appVersion: 2.0.0
2026-06-15T17:01:59.201-04:00  INFO 434257 --- [core-sifa-test] [main] c.s.c.s.device.DeviceTokenServiceImpl    : Token existente actualizado para: user@test.cl
2026-06-15T17:01:59.209-04:00  INFO 434257 --- [core-sifa-test] [main] c.s.c.s.device.DeviceTokenServiceImpl    : Linked deviceId device-456 to token 2 (user: user@test.cl)
2026-06-15T17:01:59.215-04:00  WARN 434257 --- [core-sifa-test] [main] c.s.c.s.device.DeviceTokenServiceImpl    : Heartbeat recibido para usuario user@test.cl (deviceId device-000) pero NO existe DeviceToken ni se puede crear (falta fcmToken). El dispositivo NO recibirá notificaciones push hasta que la app móvil registre su FCM token.
2026-06-15T17:01:59.817-04:00  INFO 434257 --- [core-sifa-test] [main] c.s.c.s.i.InfraccionServiceImpl          : Buscando infracciones por patente: ABCD12
2026-06-15T17:01:59.825-04:00  INFO 434257 --- [core-sifa-test] [main] c.s.c.s.i.InfraccionServiceImpl          : Buscando infraccion con id: 1
2026-06-15T17:01:59.834-04:00  INFO 434257 --- [core-sifa-test] [main] c.s.c.s.i.InfraccionServiceImpl          : Administrativo JPL jpl@test.cl procesando infracción ID: 1
2026-06-15T17:01:59.842-04:00  INFO 434257 --- [core-sifa-test] [main] c.s.c.s.i.InfraccionServiceImpl          : Administrativo JPL jpl@test.cl procesando infracción ID: 1
2026-06-15T17:01:59.851-04:00  INFO 434257 --- [core-sifa-test] [main] c.s.c.s.i.InfraccionServiceImpl          : Administrativo JPL jpl@test.cl procesando infracción ID: 1
2026-06-15T17:01:59.852-04:00  INFO 434257 --- [core-sifa-test] [main] c.s.c.s.i.InfraccionServiceImpl          : Infracción ID: 1 procesada exitosamente con estado: APROBADA
2026-06-15T17:01:59.867-04:00  INFO 434257 --- [core-sifa-test] [main] c.s.c.s.i.InfraccionServiceImpl          : Generando reporte de productividad de fiscalizadores
2026-06-15T17:01:59.873-04:00  INFO 434257 --- [core-sifa-test] [main] c.s.c.s.i.InfraccionServiceImpl          : Buscando infraccion con id: 99
2026-06-15T17:01:59.880-04:00  INFO 434257 --- [core-sifa-test] [main] c.s.c.s.i.InfraccionServiceImpl          : Iniciando creación de infracción para patente: ABCD12
2026-06-15T17:01:59.884-04:00  INFO 434257 --- [core-sifa-test] [main] c.s.c.s.i.InfraccionServiceImpl          : Generando estadísticas del Dashboard
2026-06-15T17:01:59.890-04:00  INFO 434257 --- [core-sifa-test] [main] c.s.c.s.i.InfraccionServiceImpl          : Iniciando creación de infracción para patente: ABCD12
2026-06-15T17:01:59.898-04:00  INFO 434257 --- [core-sifa-test] [main] c.s.c.s.i.InfraccionServiceImpl          : Generando reporte de productividad de fiscalizadores
2026-06-15T17:02:00.036-04:00  INFO 434257 --- [core-sifa-test] [main] c.s.c.s.i.InfraccionServiceImpl          : Iniciando creación de infracción para patente: ABCD12
2026-06-15T17:02:00.036-04:00  INFO 434257 --- [core-sifa-test] [main] c.s.c.s.i.InfraccionServiceImpl          : Infracción creada exitosamente con ID: 1
2026-06-15T17:02:00.037-04:00  INFO 434257 --- [core-sifa-test] [main] c.s.c.s.i.InfraccionServiceImpl          : [+] Citación empadronada gatillada y enlazada automáticamente en la transacción.
2026-06-15T17:02:00.046-04:00  INFO 434257 --- [core-sifa-test] [main] c.s.c.s.i.InfraccionServiceImpl          : Buscando infracciones por id Fiscalizador: fiscalizador@test.cl
2026-06-15T17:02:00.053-04:00  INFO 434257 --- [core-sifa-test] [main] c.s.c.s.i.InfraccionServiceImpl          : Editando infracción ID: 1
2026-06-15T17:02:00.061-04:00  INFO 434257 --- [core-sifa-test] [main] c.s.c.s.i.InfraccionServiceImpl          : Listando todas las infracciones
2026-06-15T17:02:00.070-04:00  INFO 434257 --- [core-sifa-test] [main] c.s.core_sifa.service.VehiculoService    : Listando todos los vehículos
2026-06-15T17:02:00.076-04:00  INFO 434257 --- [core-sifa-test] [main] c.s.core_sifa.service.VehiculoService    : Buscando vehículo con id: ABCD12
2026-06-15T17:02:00.080-04:00  INFO 434257 --- [core-sifa-test] [main] c.s.core_sifa.service.VehiculoService    : Buscando vehículo con id: INVALID
2026-06-15T17:02:00.258-04:00  INFO 434257 --- [core-sifa-test] [main] c.s.c.s.FiscalizadorPresenciaService     : Recibiendo latido de presencia de: fiscalizador@test.cl
2026-06-15T17:02:00.466-04:00  INFO 434257 --- [core-sifa-test] [main] c.s.c.service.push.FirebasePushService   : Push notification sent successfully. MessageId: message-id-123, Token: valid-token...
2026-06-15T17:02:00.802-04:00  INFO 434257 --- [core-sifa-test] [main] c.s.core_sifa.service.CitacionService    : Administrativo jpl@test.cl actualizando citación 1.
2026-06-15T17:02:00.803-04:00  INFO 434257 --- [core-sifa-test] [main] c.s.core_sifa.service.CitacionService    : Citacion actualizada exitosamente con ID 1
2026-06-15T17:02:00.808-04:00  INFO 434257 --- [core-sifa-test] [main] c.s.core_sifa.service.CitacionService    : Creando citación para la infracción ID: 1
2026-06-15T17:02:00.811-04:00  INFO 434257 --- [core-sifa-test] [main] c.s.core_sifa.service.CitacionService    : Buscando citación con ID: 1
2026-06-15T17:02:00.815-04:00  INFO 434257 --- [core-sifa-test] [main] c.s.core_sifa.service.CitacionService    : Administrativo jpl@test.cl actualizando citación 99.
2026-06-15T17:02:00.819-04:00  INFO 434257 --- [core-sifa-test] [main] c.s.core_sifa.service.CitacionService    : Listando citaciones con filtros - startDate: null, endDate: null, search: null
2026-06-15T17:02:00.824-04:00  INFO 434257 --- [core-sifa-test] [main] c.s.core_sifa.service.CitacionService    : Buscando citación con ID: 99
2026-06-15T17:02:00.834-04:00  INFO 434257 --- [core-sifa-test] [main] c.s.core_sifa.service.CitacionService    : Creando citación para la infracción ID: 1
2026-06-15T17:02:00.835-04:00  INFO 434257 --- [core-sifa-test] [main] c.s.core_sifa.service.CitacionService    : Citación ID 1 creada exitosamente
2026-06-15T17:02:00.838-04:00  INFO 434257 --- [core-sifa-test] [main] c.s.core_sifa.service.CitacionService    : Creando citación para la infracción ID: 99
2026-06-15T17:02:00.845-04:00  INFO 434257 --- [core-sifa-test] [main] c.s.c.s.storage.MockStorageServiceImpl   : MOCK STORAGE -> Archivo eliminado: https://mock.sifa.cl/test.jpg
2026-06-15T17:02:00.846-04:00  INFO 434257 --- [core-sifa-test] [main] c.s.c.s.storage.MockStorageServiceImpl   : MOCK STORAGE -> Archivo simulado: https://mock.sifa.cl/infraccion_1.jpg
2026-06-15T17:02:00.850-04:00  INFO 434257 --- [core-sifa-test] [main] c.s.c.s.storage.MockStorageServiceImpl   : MOCK STORAGE -> Archivo simulado: https://mock.sifa.cl/infraccion_1_1.jpg
2026-06-15T17:02:00.850-04:00  INFO 434257 --- [core-sifa-test] [main] c.s.c.s.storage.MockStorageServiceImpl   : MOCK STORAGE -> Archivo simulado: https://mock.sifa.cl/infraccion_1_2.jpg
2026-06-15T17:02:01.044-04:00  INFO 434257 --- [core-sifa-test] [main] c.s.c.s.n.NotificationLogServiceImpl     : Notification log saved: targetType=ALL, devicesCount=10, sentBy=admin@test.cl
2026-06-15T17:02:01.221-04:00 ERROR 434257 --- [core-sifa-test] [main] c.s.c.s.audits.AuditLogServiceImpl       : [AUDITORIA-ERROR] Error silencioso general al comunicarse con el Core.
2026-06-15T17:02:01.221-04:00 ERROR 434257 --- [core-sifa-test] [main] c.s.c.s.audits.AuditLogServiceImpl       : Clase del error: java.lang.RuntimeException
2026-06-15T17:02:01.221-04:00 ERROR 434257 --- [core-sifa-test] [main] c.s.c.s.audits.AuditLogServiceImpl       : Mensaje exacto: DB error
2026-06-15T17:02:01.221-04:00 ERROR 434257 --- [core-sifa-test] [main] c.s.c.s.audits.AuditLogServiceImpl       : Stacktrace completo: 

java.lang.RuntimeException: DB error
	at com.sifa.core_sifa.service.audits.AuditLogServiceImpl.registrarLog(AuditLogServiceImpl.java:81) ~[classes/:na]
	at com.sifa.core_sifa.service.audits.AuditLogServiceImplTest.registrarLog_cuandoError_noPropagaExcepcion(AuditLogServiceImplTest.java:111) ~[test-classes/:na]
	at java.base/jdk.internal.reflect.DirectMethodHandleAccessor.invoke(DirectMethodHandleAccessor.java:103) ~[na:na]
	at java.base/java.lang.reflect.Method.invoke(Method.java:580) ~[na:na]
	at org.junit.platform.commons.util.ReflectionUtils.invokeMethod(ReflectionUtils.java:767) ~[junit-platform-commons-1.11.4.jar:1.11.4]
	at org.junit.jupiter.engine.execution.MethodInvocation.proceed(MethodInvocation.java:60) ~[junit-jupiter-engine-5.11.4.jar:5.11.4]
	at org.junit.jupiter.engine.execution.InvocationInterceptorChain$ValidatingInvocation.proceed(InvocationInterceptorChain.java:131) ~[junit-jupiter-engine-5.11.4.jar:5.11.4]
	at org.junit.jupiter.engine.extension.TimeoutExtension.intercept(TimeoutExtension.java:156) ~[junit-jupiter-engine-5.11.4.jar:5.11.4]
	at org.junit.jupiter.engine.extension.TimeoutExtension.interceptTestableMethod(TimeoutExtension.java:147) ~[junit-jupiter-engine-5.11.4.jar:5.11.4]
	at org.junit.jupiter.engine.extension.TimeoutExtension.interceptTestMethod(TimeoutExtension.java:86) ~[junit-jupiter-engine-5.11.4.jar:5.11.4]
	at org.junit.jupiter.engine.execution.InterceptingExecutableInvoker$ReflectiveInterceptorCall.lambda$ofVoidMethod$0(InterceptingExecutableInvoker.java:103) ~[junit-jupiter-engine-5.11.4.jar:5.11.4]
	at org.junit.jupiter.engine.execution.InterceptingExecutableInvoker.lambda$invoke$0(InterceptingExecutableInvoker.java:93) ~[junit-jupiter-engine-5.11.4.jar:5.11.4]
	at org.junit.jupiter.engine.execution.InvocationInterceptorChain$InterceptedInvocation.proceed(InvocationInterceptorChain.java:106) ~[junit-jupiter-engine-5.11.4.jar:5.11.4]
	at org.junit.jupiter.engine.execution.InvocationInterceptorChain.proceed(InvocationInterceptorChain.java:64) ~[junit-jupiter-engine-5.11.4.jar:5.11.4]
	at org.junit.jupiter.engine.execution.InvocationInterceptorChain.chainAndInvoke(InvocationInterceptorChain.java:45) ~[junit-jupiter-engine-5.11.4.jar:5.11.4]
	at org.junit.jupiter.engine.execution.InvocationInterceptorChain.invoke(InvocationInterceptorChain.java:37) ~[junit-jupiter-engine-5.11.4.jar:5.11.4]
	at org.junit.jupiter.engine.execution.InterceptingExecutableInvoker.invoke(InterceptingExecutableInvoker.java:92) ~[junit-jupiter-engine-5.11.4.jar:5.11.4]
	at org.junit.jupiter.engine.execution.InterceptingExecutableInvoker.invoke(InterceptingExecutableInvoker.java:86) ~[junit-jupiter-engine-5.11.4.jar:5.11.4]
	at org.junit.jupiter.engine.descriptor.TestMethodTestDescriptor.lambda$invokeTestMethod$8(TestMethodTestDescriptor.java:217) ~[junit-jupiter-engine-5.11.4.jar:5.11.4]
	at org.junit.platform.engine.support.hierarchical.ThrowableCollector.execute(ThrowableCollector.java:73) ~[junit-platform-engine-1.11.4.jar:1.11.4]
	at org.junit.jupiter.engine.descriptor.TestMethodTestDescriptor.invokeTestMethod(TestMethodTestDescriptor.java:213) ~[junit-jupiter-engine-5.11.4.jar:5.11.4]
	at org.junit.jupiter.engine.descriptor.TestMethodTestDescriptor.execute(TestMethodTestDescriptor.java:138) ~[junit-jupiter-engine-5.11.4.jar:5.11.4]
	at org.junit.jupiter.engine.descriptor.TestMethodTestDescriptor.execute(TestMethodTestDescriptor.java:68) ~[junit-jupiter-engine-5.11.4.jar:5.11.4]
	at org.junit.platform.engine.support.hierarchical.NodeTestTask.lambda$executeRecursively$6(NodeTestTask.java:156) ~[junit-platform-engine-1.11.4.jar:1.11.4]
	at org.junit.platform.engine.support.hierarchical.ThrowableCollector.execute(ThrowableCollector.java:73) ~[junit-platform-engine-1.11.4.jar:1.11.4]
	at org.junit.platform.engine.support.hierarchical.NodeTestTask.lambda$executeRecursively$8(NodeTestTask.java:146) ~[junit-platform-engine-1.11.4.jar:1.11.4]
	at org.junit.platform.engine.support.hierarchical.Node.around(Node.java:137) ~[junit-platform-engine-1.11.4.jar:1.11.4]
	at org.junit.platform.engine.support.hierarchical.NodeTestTask.lambda$executeRecursively$9(NodeTestTask.java:144) ~[junit-platform-engine-1.11.4.jar:1.11.4]
	at org.junit.platform.engine.support.hierarchical.ThrowableCollector.execute(ThrowableCollector.java:73) ~[junit-platform-engine-1.11.4.jar:1.11.4]
	at org.junit.platform.engine.support.hierarchical.NodeTestTask.executeRecursively(NodeTestTask.java:143) ~[junit-platform-engine-1.11.4.jar:1.11.4]
	at org.junit.platform.engine.support.hierarchical.NodeTestTask.execute(NodeTestTask.java:100) ~[junit-platform-engine-1.11.4.jar:1.11.4]
	at java.base/java.util.ArrayList.forEach(ArrayList.java:1596) ~[na:na]
	at org.junit.platform.engine.support.hierarchical.SameThreadHierarchicalTestExecutorService.invokeAll(SameThreadHierarchicalTestExecutorService.java:41) ~[junit-platform-engine-1.11.4.jar:1.11.4]
	at org.junit.platform.engine.support.hierarchical.NodeTestTask.lambda$executeRecursively$6(NodeTestTask.java:160) ~[junit-platform-engine-1.11.4.jar:1.11.4]
	at org.junit.platform.engine.support.hierarchical.ThrowableCollector.execute(ThrowableCollector.java:73) ~[junit-platform-engine-1.11.4.jar:1.11.4]
	at org.junit.platform.engine.support.hierarchical.NodeTestTask.lambda$executeRecursively$8(NodeTestTask.java:146) ~[junit-platform-engine-1.11.4.jar:1.11.4]
	at org.junit.platform.engine.support.hierarchical.Node.around(Node.java:137) ~[junit-platform-engine-1.11.4.jar:1.11.4]
	at org.junit.platform.engine.support.hierarchical.NodeTestTask.lambda$executeRecursively$9(NodeTestTask.java:144) ~[junit-platform-engine-1.11.4.jar:1.11.4]
	at org.junit.platform.engine.support.hierarchical.ThrowableCollector.execute(ThrowableCollector.java:73) ~[junit-platform-engine-1.11.4.jar:1.11.4]
	at org.junit.platform.engine.support.hierarchical.NodeTestTask.executeRecursively(NodeTestTask.java:143) ~[junit-platform-engine-1.11.4.jar:1.11.4]
	at org.junit.platform.engine.support.hierarchical.NodeTestTask.execute(NodeTestTask.java:100) ~[junit-platform-engine-1.11.4.jar:1.11.4]
	at java.base/java.util.ArrayList.forEach(ArrayList.java:1596) ~[na:na]
	at org.junit.platform.engine.support.hierarchical.SameThreadHierarchicalTestExecutorService.invokeAll(SameThreadHierarchicalTestExecutorService.java:41) ~[junit-platform-engine-1.11.4.jar:1.11.4]
	at org.junit.platform.engine.support.hierarchical.NodeTestTask.lambda$executeRecursively$6(NodeTestTask.java:160) ~[junit-platform-engine-1.11.4.jar:1.11.4]
	at org.junit.platform.engine.support.hierarchical.ThrowableCollector.execute(ThrowableCollector.java:73) ~[junit-platform-engine-1.11.4.jar:1.11.4]
	at org.junit.platform.engine.support.hierarchical.NodeTestTask.lambda$executeRecursively$8(NodeTestTask.java:146) ~[junit-platform-engine-1.11.4.jar:1.11.4]
	at org.junit.platform.engine.support.hierarchical.Node.around(Node.java:137) ~[junit-platform-engine-1.11.4.jar:1.11.4]
	at org.junit.platform.engine.support.hierarchical.NodeTestTask.lambda$executeRecursively$9(NodeTestTask.java:144) ~[junit-platform-engine-1.11.4.jar:1.11.4]
	at org.junit.platform.engine.support.hierarchical.ThrowableCollector.execute(ThrowableCollector.java:73) ~[junit-platform-engine-1.11.4.jar:1.11.4]
	at org.junit.platform.engine.support.hierarchical.NodeTestTask.executeRecursively(NodeTestTask.java:143) ~[junit-platform-engine-1.11.4.jar:1.11.4]
	at org.junit.platform.engine.support.hierarchical.NodeTestTask.execute(NodeTestTask.java:100) ~[junit-platform-engine-1.11.4.jar:1.11.4]
	at org.junit.platform.engine.support.hierarchical.SameThreadHierarchicalTestExecutorService.submit(SameThreadHierarchicalTestExecutorService.java:35) ~[junit-platform-engine-1.11.4.jar:1.11.4]
	at org.junit.platform.engine.support.hierarchical.HierarchicalTestExecutor.execute(HierarchicalTestExecutor.java:57) ~[junit-platform-engine-1.11.4.jar:1.11.4]
	at org.junit.platform.engine.support.hierarchical.HierarchicalTestEngine.execute(HierarchicalTestEngine.java:54) ~[junit-platform-engine-1.11.4.jar:1.11.4]
	at org.junit.platform.launcher.core.EngineExecutionOrchestrator.execute(EngineExecutionOrchestrator.java:198) ~[junit-platform-launcher-1.11.4.jar:1.11.4]
	at org.junit.platform.launcher.core.EngineExecutionOrchestrator.execute(EngineExecutionOrchestrator.java:169) ~[junit-platform-launcher-1.11.4.jar:1.11.4]
	at org.junit.platform.launcher.core.EngineExecutionOrchestrator.execute(EngineExecutionOrchestrator.java:93) ~[junit-platform-launcher-1.11.4.jar:1.11.4]
	at org.junit.platform.launcher.core.EngineExecutionOrchestrator.lambda$execute$0(EngineExecutionOrchestrator.java:58) ~[junit-platform-launcher-1.11.4.jar:1.11.4]
	at org.junit.platform.launcher.core.EngineExecutionOrchestrator.withInterceptedStreams(EngineExecutionOrchestrator.java:141) ~[junit-platform-launcher-1.11.4.jar:1.11.4]
	at org.junit.platform.launcher.core.EngineExecutionOrchestrator.execute(EngineExecutionOrchestrator.java:57) ~[junit-platform-launcher-1.11.4.jar:1.11.4]
	at org.junit.platform.launcher.core.DefaultLauncher.execute(DefaultLauncher.java:103) ~[junit-platform-launcher-1.11.4.jar:1.11.4]
	at org.junit.platform.launcher.core.DefaultLauncher.execute(DefaultLauncher.java:85) ~[junit-platform-launcher-1.11.4.jar:1.11.4]
	at org.junit.platform.launcher.core.DelegatingLauncher.execute(DelegatingLauncher.java:47) ~[junit-platform-launcher-1.11.4.jar:1.11.4]
	at org.apache.maven.surefire.junitplatform.LazyLauncher.execute(LazyLauncher.java:56) ~[surefire-junit-platform-3.5.2.jar:3.5.2]
	at org.apache.maven.surefire.junitplatform.JUnitPlatformProvider.execute(JUnitPlatformProvider.java:184) ~[surefire-junit-platform-3.5.2.jar:3.5.2]
	at org.apache.maven.surefire.junitplatform.JUnitPlatformProvider.invokeAllTests(JUnitPlatformProvider.java:148) ~[surefire-junit-platform-3.5.2.jar:3.5.2]
	at org.apache.maven.surefire.junitplatform.JUnitPlatformProvider.invoke(JUnitPlatformProvider.java:122) ~[surefire-junit-platform-3.5.2.jar:3.5.2]
	at org.apache.maven.surefire.booter.ForkedBooter.runSuitesInProcess(ForkedBooter.java:385) ~[surefire-booter-3.5.2.jar:3.5.2]
	at org.apache.maven.surefire.booter.ForkedBooter.execute(ForkedBooter.java:162) ~[surefire-booter-3.5.2.jar:3.5.2]
	at org.apache.maven.surefire.booter.ForkedBooter.run(ForkedBooter.java:507) ~[surefire-booter-3.5.2.jar:3.5.2]
	at org.apache.maven.surefire.booter.ForkedBooter.main(ForkedBooter.java:495) ~[surefire-booter-3.5.2.jar:3.5.2]

2026-06-15T17:02:01.238-04:00  INFO 434257 --- [core-sifa-test] [main] c.s.c.s.audits.AuditLogServiceImpl       : Buscando auditoria con id: 99
2026-06-15T17:02:01.241-04:00  INFO 434257 --- [core-sifa-test] [main] c.s.c.s.audits.AuditLogServiceImpl       : Auditoría guardada exitosamente | Usuario: admin@test.cl | Acción: PROCESAR_INFRACCION
2026-06-15T17:02:01.244-04:00  INFO 434257 --- [core-sifa-test] [main] c.s.c.s.audits.AuditLogServiceImpl       : Buscando auditoria con id: 1
2026-06-15T17:02:01.250-04:00  INFO 434257 --- [core-sifa-test] [main] t.c.s.AnnotationConfigContextLoaderUtils : Could not detect default configuration classes for test class [com.sifa.core_sifa.CoreSifaApplicationTests]: CoreSifaApplicationTests does not declare any static, non-private, non-final, nested classes annotated with @Configuration.
2026-06-15T17:02:01.263-04:00  INFO 434257 --- [core-sifa-test] [main] .b.t.c.SpringBootTestContextBootstrapper : Found @SpringBootConfiguration com.sifa.core_sifa.CoreSifaApplication for test class com.sifa.core_sifa.CoreSifaApplicationTests
2026-06-15T17:02:01.955-04:00  INFO 434257 --- [core-sifa-test] [main] t.c.s.AnnotationConfigContextLoaderUtils : Could not detect default configuration classes for test class [com.sifa.core_sifa.config.DataInitializerConfigTest]: DataInitializerConfigTest does not declare any static, non-private, non-final, nested classes annotated with @Configuration.
2026-06-15T17:02:01.973-04:00  INFO 434257 --- [core-sifa-test] [main] .b.t.c.SpringBootTestContextBootstrapper : Found @SpringBootConfiguration com.sifa.core_sifa.CoreSifaApplication for test class com.sifa.core_sifa.config.DataInitializerConfigTest
2026-06-15T17:02:02.041-04:00  INFO 434257 --- [core-sifa-test] [main] t.c.s.AnnotationConfigContextLoaderUtils : Could not detect default configuration classes for test class [com.sifa.core_sifa.repository.IAuditLogRepositoryTest]: IAuditLogRepositoryTest does not declare any static, non-private, non-final, nested classes annotated with @Configuration.
2026-06-15T17:02:02.059-04:00  INFO 434257 --- [core-sifa-test] [main] .b.t.c.SpringBootTestContextBootstrapper : Found @SpringBootConfiguration com.sifa.core_sifa.CoreSifaApplication for test class com.sifa.core_sifa.repository.IAuditLogRepositoryTest
2026-06-15T17:02:02.334-04:00  INFO 434257 --- [core-sifa-test] [main] t.c.s.AnnotationConfigContextLoaderUtils : Could not detect default configuration classes for test class [com.sifa.core_sifa.repository.INotificationLogRepositoryTest]: INotificationLogRepositoryTest does not declare any static, non-private, non-final, nested classes annotated with @Configuration.
2026-06-15T17:02:02.336-04:00  INFO 434257 --- [core-sifa-test] [main] .b.t.c.SpringBootTestContextBootstrapper : Found @SpringBootConfiguration com.sifa.core_sifa.CoreSifaApplication for test class com.sifa.core_sifa.repository.INotificationLogRepositoryTest
2026-06-15T17:02:02.482-04:00  INFO 434257 --- [core-sifa-test] [main] t.c.s.AnnotationConfigContextLoaderUtils : Could not detect default configuration classes for test class [com.sifa.core_sifa.repository.IDeviceTokenRepositoryTest]: IDeviceTokenRepositoryTest does not declare any static, non-private, non-final, nested classes annotated with @Configuration.
2026-06-15T17:02:02.485-04:00  INFO 434257 --- [core-sifa-test] [main] .b.t.c.SpringBootTestContextBootstrapper : Found @SpringBootConfiguration com.sifa.core_sifa.CoreSifaApplication for test class com.sifa.core_sifa.repository.IDeviceTokenRepositoryTest
2026-06-15T17:02:02.849-04:00  INFO 434257 --- [core-sifa-test] [main] t.c.s.AnnotationConfigContextLoaderUtils : Could not detect default configuration classes for test class [com.sifa.core_sifa.repository.IPropietarioVehiculoRepositoryTest]: IPropietarioVehiculoRepositoryTest does not declare any static, non-private, non-final, nested classes annotated with @Configuration.
2026-06-15T17:02:02.851-04:00  INFO 434257 --- [core-sifa-test] [main] .b.t.c.SpringBootTestContextBootstrapper : Found @SpringBootConfiguration com.sifa.core_sifa.CoreSifaApplication for test class com.sifa.core_sifa.repository.IPropietarioVehiculoRepositoryTest
2026-06-15T17:02:02.938-04:00  INFO 434257 --- [core-sifa-test] [main] t.c.s.AnnotationConfigContextLoaderUtils : Could not detect default configuration classes for test class [com.sifa.core_sifa.repository.ITipoInfraccionRepositoryTest]: ITipoInfraccionRepositoryTest does not declare any static, non-private, non-final, nested classes annotated with @Configuration.
2026-06-15T17:02:02.941-04:00  INFO 434257 --- [core-sifa-test] [main] .b.t.c.SpringBootTestContextBootstrapper : Found @SpringBootConfiguration com.sifa.core_sifa.CoreSifaApplication for test class com.sifa.core_sifa.repository.ITipoInfraccionRepositoryTest
2026-06-15T17:02:03.033-04:00  INFO 434257 --- [core-sifa-test] [main] t.c.s.AnnotationConfigContextLoaderUtils : Could not detect default configuration classes for test class [com.sifa.core_sifa.repository.IInfraccionRepositoryTest]: IInfraccionRepositoryTest does not declare any static, non-private, non-final, nested classes annotated with @Configuration.
2026-06-15T17:02:03.036-04:00  INFO 434257 --- [core-sifa-test] [main] .b.t.c.SpringBootTestContextBootstrapper : Found @SpringBootConfiguration com.sifa.core_sifa.CoreSifaApplication for test class com.sifa.core_sifa.repository.IInfraccionRepositoryTest
2026-06-15T17:02:03.858-04:00  INFO 434257 --- [core-sifa-test] [main] t.c.s.AnnotationConfigContextLoaderUtils : Could not detect default configuration classes for test class [com.sifa.core_sifa.repository.ICitacionRepositoryTest]: ICitacionRepositoryTest does not declare any static, non-private, non-final, nested classes annotated with @Configuration.
2026-06-15T17:02:03.861-04:00  INFO 434257 --- [core-sifa-test] [main] .b.t.c.SpringBootTestContextBootstrapper : Found @SpringBootConfiguration com.sifa.core_sifa.CoreSifaApplication for test class com.sifa.core_sifa.repository.ICitacionRepositoryTest
2026-06-15T17:02:04.167-04:00  INFO 434257 --- [core-sifa-test] [main] t.c.s.AnnotationConfigContextLoaderUtils : Could not detect default configuration classes for test class [com.sifa.core_sifa.repository.IFiscalizadorPresenciaRepositoryTest]: IFiscalizadorPresenciaRepositoryTest does not declare any static, non-private, non-final, nested classes annotated with @Configuration.
2026-06-15T17:02:04.169-04:00  INFO 434257 --- [core-sifa-test] [main] .b.t.c.SpringBootTestContextBootstrapper : Found @SpringBootConfiguration com.sifa.core_sifa.CoreSifaApplication for test class com.sifa.core_sifa.repository.IFiscalizadorPresenciaRepositoryTest
2026-06-15T17:02:04.333-04:00  INFO 434257 --- [core-sifa-test] [main] t.c.s.AnnotationConfigContextLoaderUtils : Could not detect default configuration classes for test class [com.sifa.core_sifa.repository.IVehiculoRepositoryTest]: IVehiculoRepositoryTest does not declare any static, non-private, non-final, nested classes annotated with @Configuration.
2026-06-15T17:02:04.337-04:00  INFO 434257 --- [core-sifa-test] [main] .b.t.c.SpringBootTestContextBootstrapper : Found @SpringBootConfiguration com.sifa.core_sifa.CoreSifaApplication for test class com.sifa.core_sifa.repository.IVehiculoRepositoryTest
2026-06-15T17:02:04.567-04:00  INFO 434257 --- [core-sifa-test] [main] t.c.s.AnnotationConfigContextLoaderUtils : Could not detect default configuration classes for test class [com.sifa.core_sifa.repository.IEvidenciaFotograficaRepositoryTest]: IEvidenciaFotograficaRepositoryTest does not declare any static, non-private, non-final, nested classes annotated with @Configuration.
2026-06-15T17:02:04.569-04:00  INFO 434257 --- [core-sifa-test] [main] .b.t.c.SpringBootTestContextBootstrapper : Found @SpringBootConfiguration com.sifa.core_sifa.CoreSifaApplication for test class com.sifa.core_sifa.repository.IEvidenciaFotograficaRepositoryTest
2026-06-15T17:02:05.392-04:00  INFO 434257 --- [core-sifa-test] [SpringApplicationShutdownHook] j.LocalContainerEntityManagerFactoryBean : Closing JPA EntityManagerFactory for persistence unit 'default'
2026-06-15T17:02:05.410-04:00  INFO 434257 --- [core-sifa-test] [SpringApplicationShutdownHook] com.zaxxer.hikari.HikariDataSource       : HikariPool-1 - Shutdown initiated...
2026-06-15T17:02:05.413-04:00  INFO 434257 --- [core-sifa-test] [SpringApplicationShutdownHook] com.zaxxer.hikari.HikariDataSource       : HikariPool-1 - Shutdown completed.
2026-06-15T17:03:28.076-04:00  INFO 436778 --- [core-sifa-test] [main] c.s.c.i.InfraccionFlowIntegrationTest    : Starting InfraccionFlowIntegrationTest using Java 21.0.11 with PID 436778 (started by andres-ortega in /home/andres-ortega/Escritorio/proyects/core-sifa)
2026-06-15T17:03:28.079-04:00  INFO 436778 --- [core-sifa-test] [main] c.s.c.i.InfraccionFlowIntegrationTest    : The following 2 profiles are active: "test", "dev"
2026-06-15T17:03:30.607-04:00  INFO 436778 --- [core-sifa-test] [main] .s.d.r.c.RepositoryConfigurationDelegate : Bootstrapping Spring Data JPA repositories in DEFAULT mode.
2026-06-15T17:03:30.866-04:00  INFO 436778 --- [core-sifa-test] [main] .s.d.r.c.RepositoryConfigurationDelegate : Finished Spring Data repository scanning in 235 ms. Found 10 JPA repository interfaces.
2026-06-15T17:03:34.488-04:00  INFO 436778 --- [core-sifa-test] [main] o.hibernate.jpa.internal.util.LogHelper  : HHH000204: Processing PersistenceUnitInfo [name: default]
2026-06-15T17:03:34.716-04:00  INFO 436778 --- [core-sifa-test] [main] org.hibernate.Version                    : HHH000412: Hibernate ORM core version 6.6.8.Final
2026-06-15T17:03:34.851-04:00  INFO 436778 --- [core-sifa-test] [main] o.h.c.internal.RegionFactoryInitiator    : HHH000026: Second-level cache disabled
2026-06-15T17:03:35.320-04:00  INFO 436778 --- [core-sifa-test] [main] o.s.o.j.p.SpringPersistenceUnitInfo      : No LoadTimeWeaver setup: ignoring JPA class transformer
2026-06-15T17:03:35.428-04:00  INFO 436778 --- [core-sifa-test] [main] com.zaxxer.hikari.HikariDataSource       : HikariPool-1 - Starting...
2026-06-15T17:03:36.313-04:00  INFO 436778 --- [core-sifa-test] [main] com.zaxxer.hikari.pool.HikariPool        : HikariPool-1 - Added connection conn0: url=jdbc:h2:mem:testdb user=SA
2026-06-15T17:03:36.318-04:00  INFO 436778 --- [core-sifa-test] [main] com.zaxxer.hikari.HikariDataSource       : HikariPool-1 - Start completed.
2026-06-15T17:03:36.401-04:00  WARN 436778 --- [core-sifa-test] [main] org.hibernate.orm.deprecation            : HHH90000025: H2Dialect does not need to be specified explicitly using 'hibernate.dialect' (remove the property setting and it will be selected by default)
2026-06-15T17:03:36.474-04:00  INFO 436778 --- [core-sifa-test] [main] org.hibernate.orm.connections.pooling    : HHH10001005: Database info:
	Database JDBC URL [Connecting through datasource 'HikariDataSource (HikariPool-1)']
	Database driver: undefined/unknown
	Database version: 2.3.232
	Autocommit mode: undefined/unknown
	Isolation level: undefined/unknown
	Minimum pool size: undefined/unknown
	Maximum pool size: undefined/unknown
2026-06-15T17:03:39.427-04:00  INFO 436778 --- [core-sifa-test] [main] o.h.e.t.j.p.i.JtaPlatformInitiator       : HHH000489: No JTA platform available (set 'hibernate.transaction.jta.platform' to enable JTA platform integration)
2026-06-15T17:03:39.625-04:00  INFO 436778 --- [core-sifa-test] [main] j.LocalContainerEntityManagerFactoryBean : Initialized JPA EntityManagerFactory for persistence unit 'default'
2026-06-15T17:03:40.284-04:00  INFO 436778 --- [core-sifa-test] [main] o.s.d.j.r.query.QueryEnhancerFactory     : Hibernate is in classpath; If applicable, HQL parser will be used.
2026-06-15T17:03:46.251-04:00  WARN 436778 --- [core-sifa-test] [main] JpaBaseConfiguration$JpaWebConfiguration : spring.jpa.open-in-view is enabled by default. Therefore, database queries may be performed during view rendering. Explicitly configure spring.jpa.open-in-view to disable this warning
2026-06-15T17:03:46.292-04:00  WARN 436778 --- [core-sifa-test] [main] .s.s.UserDetailsServiceAutoConfiguration : 

Using generated security password: c254f6bf-eb3e-4db2-bf7f-750198df1749

This generated password is for development use only. Your security configuration must be updated before running your application in production.

2026-06-15T17:03:46.327-04:00  INFO 436778 --- [core-sifa-test] [main] r$InitializeUserDetailsManagerConfigurer : Global AuthenticationManager configured with UserDetailsService bean with name inMemoryUserDetailsManager
2026-06-15T17:03:47.967-04:00  INFO 436778 --- [core-sifa-test] [main] c.s.c.i.InfraccionFlowIntegrationTest    : Started InfraccionFlowIntegrationTest in 20.816 seconds (process running for 23.962)
2026-06-15T17:03:47.974-04:00  INFO 436778 --- [core-sifa-test] [main] c.s.c.config.DataInitializerConfig       : ========================================================
2026-06-15T17:03:47.974-04:00  INFO 436778 --- [core-sifa-test] [main] c.s.c.config.DataInitializerConfig       : Verificando e inicializando Dataset de prueba en MySQL...
2026-06-15T17:03:48.267-04:00  INFO 436778 --- [core-sifa-test] [main] c.s.c.config.DataInitializerConfig       : [+] Tipo de Infracción 'Mal Estacionado' registrado.
2026-06-15T17:03:48.335-04:00  INFO 436778 --- [core-sifa-test] [main] c.s.c.config.DataInitializerConfig       : [+] Propietario RUT 9330521-3 registrado exitosamente.
2026-06-15T17:03:48.378-04:00  INFO 436778 --- [core-sifa-test] [main] c.s.c.config.DataInitializerConfig       : [+] Vehículo patente TZPW11 (Subaru Outback) registrado y enlazado al RUT 9330521-3.
2026-06-15T17:03:48.379-04:00  INFO 436778 --- [core-sifa-test] [main] c.s.c.config.DataInitializerConfig       : Dataset inicial revisado y/o cargado correctamente.
2026-06-15T17:03:48.380-04:00  INFO 436778 --- [core-sifa-test] [main] c.s.c.config.DataInitializerConfig       : ========================================================
2026-06-15T17:03:48.524-04:00  INFO 436778 --- [core-sifa-test] [main] c.s.c.s.i.InfraccionServiceImpl          : Iniciando creación de infracción para patente: INTG11
2026-06-15T17:03:48.529-04:00  INFO 436778 --- [core-sifa-test] [main] c.s.c.s.storage.MockStorageServiceImpl   : MOCK STORAGE -> Archivo simulado: https://mock.sifa.cl/INTG11_1.jpg
2026-06-15T17:03:48.530-04:00  INFO 436778 --- [core-sifa-test] [main] c.s.c.s.storage.MockStorageServiceImpl   : MOCK STORAGE -> Archivo simulado: https://mock.sifa.cl/INTG11_2.jpg
2026-06-15T17:03:48.537-04:00  INFO 436778 --- [core-sifa-test] [main] c.s.c.s.i.InfraccionServiceImpl          : Infracción creada exitosamente con ID: 1
2026-06-15T17:03:48.538-04:00  INFO 436778 --- [core-sifa-test] [main] c.s.core_sifa.service.CitacionService    : Creando citación para la infracción ID: 1
2026-06-15T17:03:48.544-04:00  INFO 436778 --- [core-sifa-test] [main] c.s.core_sifa.service.CitacionService    : Citación ID 1 creada exitosamente
2026-06-15T17:03:48.555-04:00  INFO 436778 --- [core-sifa-test] [main] c.s.c.s.i.InfraccionServiceImpl          : [+] Citación empadronada gatillada y enlazada automáticamente en la transacción.
2026-06-15T17:03:48.696-04:00  INFO 436778 --- [core-sifa-test] [main] c.s.c.s.i.InfraccionServiceImpl          : Buscando infraccion con id: 1
2026-06-15T17:03:48.708-04:00  INFO 436778 --- [core-sifa-test] [main] c.s.c.s.i.InfraccionServiceImpl          : Administrativo JPL jpl@test.cl procesando infracción ID: 1
2026-06-15T17:03:48.713-04:00  INFO 436778 --- [core-sifa-test] [main] c.s.c.s.i.InfraccionServiceImpl          : Infracción ID: 1 procesada exitosamente con estado: APROBADA
2026-06-15T17:03:48.756-04:00  INFO 436778 --- [core-sifa-test] [main] c.s.c.s.audits.AuditLogServiceImpl       : Auditoría guardada exitosamente | Usuario: jpl@test.cl | Acción: PROCESAR_INFRACCION
2026-06-15T17:03:48.837-04:00  INFO 436778 --- [core-sifa-test] [main] t.c.s.AnnotationConfigContextLoaderUtils : Could not detect default configuration classes for test class [com.sifa.core_sifa.controller.TipoInfraccionControllerTest]: TipoInfraccionControllerTest does not declare any static, non-private, non-final, nested classes annotated with @Configuration.
2026-06-15T17:03:48.904-04:00  INFO 436778 --- [core-sifa-test] [main] .b.t.c.SpringBootTestContextBootstrapper : Found @SpringBootConfiguration com.sifa.core_sifa.CoreSifaApplication for test class com.sifa.core_sifa.controller.TipoInfraccionControllerTest
2026-06-15T17:03:48.964-04:00  INFO 436778 --- [core-sifa-test] [main] c.s.c.c.TipoInfraccionControllerTest     : Starting TipoInfraccionControllerTest using Java 21.0.11 with PID 436778 (started by andres-ortega in /home/andres-ortega/Escritorio/proyects/core-sifa)
2026-06-15T17:03:48.965-04:00  INFO 436778 --- [core-sifa-test] [main] c.s.c.c.TipoInfraccionControllerTest     : The following 1 profile is active: "test"
2026-06-15T17:03:49.396-04:00  WARN 436778 --- [core-sifa-test] [main] .s.s.UserDetailsServiceAutoConfiguration : 

Using generated security password: 181dbc34-9ca7-4a8d-b4f9-65b0c7e01684

This generated password is for development use only. Your security configuration must be updated before running your application in production.

2026-06-15T17:03:49.398-04:00  INFO 436778 --- [core-sifa-test] [main] r$InitializeUserDetailsManagerConfigurer : Global AuthenticationManager configured with UserDetailsService bean with name inMemoryUserDetailsManager
2026-06-15T17:03:49.659-04:00  INFO 436778 --- [core-sifa-test] [main] o.s.b.t.m.w.SpringBootMockServletContext : Initializing Spring TestDispatcherServlet ''
2026-06-15T17:03:49.659-04:00  INFO 436778 --- [core-sifa-test] [main] o.s.t.web.servlet.TestDispatcherServlet  : Initializing Servlet ''
2026-06-15T17:03:49.662-04:00  INFO 436778 --- [core-sifa-test] [main] o.s.t.web.servlet.TestDispatcherServlet  : Completed initialization in 2 ms
2026-06-15T17:03:49.678-04:00  INFO 436778 --- [core-sifa-test] [main] c.s.c.c.TipoInfraccionControllerTest     : Started TipoInfraccionControllerTest in 0.765 seconds (process running for 25.673)
2026-06-15T17:03:50.007-04:00  INFO 436778 --- [core-sifa-test] [main] c.s.c.c.TipoInfraccionController         : Creando tipo de infracción
2026-06-15T17:03:50.031-04:00  INFO 436778 --- [core-sifa-test] [main] c.s.c.c.TipoInfraccionController         : Obteniendo tipos de infracción paginados - página: 0, tamaño: 10
2026-06-15T17:03:50.040-04:00  WARN 436778 --- [core-sifa-test] [main] ration$PageModule$WarningLoggingModifier : Serializing PageImpl instances as-is is not supported, meaning that there is no guarantee about the stability of the resulting JSON structure!
	For a stable JSON structure, please use Spring Data's PagedModel (globally via @EnableSpringDataWebSupport(pageSerializationMode = VIA_DTO))
	or Spring HATEOAS and Spring Data's PagedResourcesAssembler as documented in https://docs.spring.io/spring-data/commons/reference/repositories/core-extensions.html#core.web.pageables.

2026-06-15T17:03:50.077-04:00  INFO 436778 --- [core-sifa-test] [main] c.s.c.c.TipoInfraccionController         : Eliminando (deshabilitando) tipo de infracción con id 1
2026-06-15T17:03:50.097-04:00  INFO 436778 --- [core-sifa-test] [main] c.s.c.c.TipoInfraccionController         : Actualizando tipo de infracción con id 1
2026-06-15T17:03:50.112-04:00  INFO 436778 --- [core-sifa-test] [main] t.c.s.AnnotationConfigContextLoaderUtils : Could not detect default configuration classes for test class [com.sifa.core_sifa.controller.CitacionControllerTest]: CitacionControllerTest does not declare any static, non-private, non-final, nested classes annotated with @Configuration.
2026-06-15T17:03:50.139-04:00  INFO 436778 --- [core-sifa-test] [main] .b.t.c.SpringBootTestContextBootstrapper : Found @SpringBootConfiguration com.sifa.core_sifa.CoreSifaApplication for test class com.sifa.core_sifa.controller.CitacionControllerTest
2026-06-15T17:03:50.191-04:00  INFO 436778 --- [core-sifa-test] [main] c.s.c.controller.CitacionControllerTest  : Starting CitacionControllerTest using Java 21.0.11 with PID 436778 (started by andres-ortega in /home/andres-ortega/Escritorio/proyects/core-sifa)
2026-06-15T17:03:50.192-04:00  INFO 436778 --- [core-sifa-test] [main] c.s.c.controller.CitacionControllerTest  : The following 1 profile is active: "test"
2026-06-15T17:03:50.520-04:00  WARN 436778 --- [core-sifa-test] [main] .s.s.UserDetailsServiceAutoConfiguration : 

Using generated security password: 6f5285a4-5d15-48f4-b443-8d816999cc31

This generated password is for development use only. Your security configuration must be updated before running your application in production.

2026-06-15T17:03:50.522-04:00  INFO 436778 --- [core-sifa-test] [main] r$InitializeUserDetailsManagerConfigurer : Global AuthenticationManager configured with UserDetailsService bean with name inMemoryUserDetailsManager
2026-06-15T17:03:50.713-04:00  INFO 436778 --- [core-sifa-test] [main] o.s.b.t.m.w.SpringBootMockServletContext : Initializing Spring TestDispatcherServlet ''
2026-06-15T17:03:50.713-04:00  INFO 436778 --- [core-sifa-test] [main] o.s.t.web.servlet.TestDispatcherServlet  : Initializing Servlet ''
2026-06-15T17:03:50.714-04:00  INFO 436778 --- [core-sifa-test] [main] o.s.t.web.servlet.TestDispatcherServlet  : Completed initialization in 1 ms
2026-06-15T17:03:50.724-04:00  INFO 436778 --- [core-sifa-test] [main] c.s.c.controller.CitacionControllerTest  : Started CitacionControllerTest in 0.578 seconds (process running for 26.719)
2026-06-15T17:03:50.755-04:00  INFO 436778 --- [core-sifa-test] [main] c.s.c.controller.CitacionController      : Petición PUT para actualizar citación ID: 1 recibida. Administrativo: admin@sifa.cl
2026-06-15T17:03:50.780-04:00  INFO 436778 --- [core-sifa-test] [main] c.s.c.controller.CitacionController      : Petición GET para listar citaciones - page: 0, size: 10, startDate: null, endDate: null, search: null
2026-06-15T17:03:50.786-04:00  WARN 436778 --- [core-sifa-test] [main] ration$PageModule$WarningLoggingModifier : Serializing PageImpl instances as-is is not supported, meaning that there is no guarantee about the stability of the resulting JSON structure!
	For a stable JSON structure, please use Spring Data's PagedModel (globally via @EnableSpringDataWebSupport(pageSerializationMode = VIA_DTO))
	or Spring HATEOAS and Spring Data's PagedResourcesAssembler as documented in https://docs.spring.io/spring-data/commons/reference/repositories/core-extensions.html#core.web.pageables.

2026-06-15T17:03:50.812-04:00  INFO 436778 --- [core-sifa-test] [main] c.s.c.controller.CitacionController      : Petición GET para citación ID: 1
2026-06-15T17:03:50.833-04:00  INFO 436778 --- [core-sifa-test] [main] t.c.s.AnnotationConfigContextLoaderUtils : Could not detect default configuration classes for test class [com.sifa.core_sifa.controller.NotificationLogControllerTest]: NotificationLogControllerTest does not declare any static, non-private, non-final, nested classes annotated with @Configuration.
2026-06-15T17:03:50.855-04:00  INFO 436778 --- [core-sifa-test] [main] .b.t.c.SpringBootTestContextBootstrapper : Found @SpringBootConfiguration com.sifa.core_sifa.CoreSifaApplication for test class com.sifa.core_sifa.controller.NotificationLogControllerTest
2026-06-15T17:03:50.916-04:00  INFO 436778 --- [core-sifa-test] [main] c.s.c.c.NotificationLogControllerTest    : Starting NotificationLogControllerTest using Java 21.0.11 with PID 436778 (started by andres-ortega in /home/andres-ortega/Escritorio/proyects/core-sifa)
2026-06-15T17:03:50.917-04:00  INFO 436778 --- [core-sifa-test] [main] c.s.c.c.NotificationLogControllerTest    : The following 1 profile is active: "test"
2026-06-15T17:03:51.265-04:00  WARN 436778 --- [core-sifa-test] [main] .s.s.UserDetailsServiceAutoConfiguration : 

Using generated security password: deef7bb5-8c6f-4624-b42c-352adc56fcb2

This generated password is for development use only. Your security configuration must be updated before running your application in production.

2026-06-15T17:03:51.267-04:00  INFO 436778 --- [core-sifa-test] [main] r$InitializeUserDetailsManagerConfigurer : Global AuthenticationManager configured with UserDetailsService bean with name inMemoryUserDetailsManager
2026-06-15T17:03:51.458-04:00  INFO 436778 --- [core-sifa-test] [main] o.s.b.t.m.w.SpringBootMockServletContext : Initializing Spring TestDispatcherServlet ''
2026-06-15T17:03:51.458-04:00  INFO 436778 --- [core-sifa-test] [main] o.s.t.web.servlet.TestDispatcherServlet  : Initializing Servlet ''
2026-06-15T17:03:51.459-04:00  INFO 436778 --- [core-sifa-test] [main] o.s.t.web.servlet.TestDispatcherServlet  : Completed initialization in 0 ms
2026-06-15T17:03:51.468-04:00  INFO 436778 --- [core-sifa-test] [main] c.s.c.c.NotificationLogControllerTest    : Started NotificationLogControllerTest in 0.609 seconds (process running for 27.463)
2026-06-15T17:03:51.489-04:00  WARN 436778 --- [core-sifa-test] [main] ration$PageModule$WarningLoggingModifier : Serializing PageImpl instances as-is is not supported, meaning that there is no guarantee about the stability of the resulting JSON structure!
	For a stable JSON structure, please use Spring Data's PagedModel (globally via @EnableSpringDataWebSupport(pageSerializationMode = VIA_DTO))
	or Spring HATEOAS and Spring Data's PagedResourcesAssembler as documented in https://docs.spring.io/spring-data/commons/reference/repositories/core-extensions.html#core.web.pageables.

2026-06-15T17:03:51.547-04:00  INFO 436778 --- [core-sifa-test] [main] t.c.s.AnnotationConfigContextLoaderUtils : Could not detect default configuration classes for test class [com.sifa.core_sifa.controller.DeviceTokenControllerTest]: DeviceTokenControllerTest does not declare any static, non-private, non-final, nested classes annotated with @Configuration.
2026-06-15T17:03:51.565-04:00  INFO 436778 --- [core-sifa-test] [main] .b.t.c.SpringBootTestContextBootstrapper : Found @SpringBootConfiguration com.sifa.core_sifa.CoreSifaApplication for test class com.sifa.core_sifa.controller.DeviceTokenControllerTest
2026-06-15T17:03:51.610-04:00  INFO 436778 --- [core-sifa-test] [main] c.s.c.c.DeviceTokenControllerTest        : Starting DeviceTokenControllerTest using Java 21.0.11 with PID 436778 (started by andres-ortega in /home/andres-ortega/Escritorio/proyects/core-sifa)
2026-06-15T17:03:51.611-04:00  INFO 436778 --- [core-sifa-test] [main] c.s.c.c.DeviceTokenControllerTest        : The following 1 profile is active: "test"
2026-06-15T17:03:51.956-04:00  WARN 436778 --- [core-sifa-test] [main] .s.s.UserDetailsServiceAutoConfiguration : 

Using generated security password: 7cf1bb32-3d49-4b54-b17d-027852e5fd1e

This generated password is for development use only. Your security configuration must be updated before running your application in production.

2026-06-15T17:03:51.957-04:00  INFO 436778 --- [core-sifa-test] [main] r$InitializeUserDetailsManagerConfigurer : Global AuthenticationManager configured with UserDetailsService bean with name inMemoryUserDetailsManager
2026-06-15T17:03:52.126-04:00  INFO 436778 --- [core-sifa-test] [main] o.s.b.t.m.w.SpringBootMockServletContext : Initializing Spring TestDispatcherServlet ''
2026-06-15T17:03:52.126-04:00  INFO 436778 --- [core-sifa-test] [main] o.s.t.web.servlet.TestDispatcherServlet  : Initializing Servlet ''
2026-06-15T17:03:52.127-04:00  INFO 436778 --- [core-sifa-test] [main] o.s.t.web.servlet.TestDispatcherServlet  : Completed initialization in 1 ms
2026-06-15T17:03:52.136-04:00  INFO 436778 --- [core-sifa-test] [main] c.s.c.c.DeviceTokenControllerTest        : Started DeviceTokenControllerTest in 0.563 seconds (process running for 28.131)
2026-06-15T17:03:52.232-04:00  INFO 436778 --- [core-sifa-test] [main] t.c.s.AnnotationConfigContextLoaderUtils : Could not detect default configuration classes for test class [com.sifa.core_sifa.controller.FiscalizadorPresenciaControllerTest]: FiscalizadorPresenciaControllerTest does not declare any static, non-private, non-final, nested classes annotated with @Configuration.
2026-06-15T17:03:52.241-04:00  INFO 436778 --- [core-sifa-test] [main] .b.t.c.SpringBootTestContextBootstrapper : Found @SpringBootConfiguration com.sifa.core_sifa.CoreSifaApplication for test class com.sifa.core_sifa.controller.FiscalizadorPresenciaControllerTest
2026-06-15T17:03:52.272-04:00  INFO 436778 --- [core-sifa-test] [main] .c.c.FiscalizadorPresenciaControllerTest : Starting FiscalizadorPresenciaControllerTest using Java 21.0.11 with PID 436778 (started by andres-ortega in /home/andres-ortega/Escritorio/proyects/core-sifa)
2026-06-15T17:03:52.273-04:00  INFO 436778 --- [core-sifa-test] [main] .c.c.FiscalizadorPresenciaControllerTest : The following 1 profile is active: "test"
2026-06-15T17:03:52.534-04:00  WARN 436778 --- [core-sifa-test] [main] .s.s.UserDetailsServiceAutoConfiguration : 

Using generated security password: 5cf5a0b2-90d8-440e-9d23-9784fd9471c2

This generated password is for development use only. Your security configuration must be updated before running your application in production.

2026-06-15T17:03:52.536-04:00  INFO 436778 --- [core-sifa-test] [main] r$InitializeUserDetailsManagerConfigurer : Global AuthenticationManager configured with UserDetailsService bean with name inMemoryUserDetailsManager
2026-06-15T17:03:52.711-04:00  INFO 436778 --- [core-sifa-test] [main] o.s.b.t.m.w.SpringBootMockServletContext : Initializing Spring TestDispatcherServlet ''
2026-06-15T17:03:52.711-04:00  INFO 436778 --- [core-sifa-test] [main] o.s.t.web.servlet.TestDispatcherServlet  : Initializing Servlet ''
2026-06-15T17:03:52.712-04:00  INFO 436778 --- [core-sifa-test] [main] o.s.t.web.servlet.TestDispatcherServlet  : Completed initialization in 0 ms
2026-06-15T17:03:52.724-04:00  INFO 436778 --- [core-sifa-test] [main] .c.c.FiscalizadorPresenciaControllerTest : Started FiscalizadorPresenciaControllerTest in 0.48 seconds (process running for 28.719)
2026-06-15T17:03:52.788-04:00  WARN 436778 --- [core-sifa-test] [main] ration$PageModule$WarningLoggingModifier : Serializing PageImpl instances as-is is not supported, meaning that there is no guarantee about the stability of the resulting JSON structure!
	For a stable JSON structure, please use Spring Data's PagedModel (globally via @EnableSpringDataWebSupport(pageSerializationMode = VIA_DTO))
	or Spring HATEOAS and Spring Data's PagedResourcesAssembler as documented in https://docs.spring.io/spring-data/commons/reference/repositories/core-extensions.html#core.web.pageables.

2026-06-15T17:03:52.813-04:00  INFO 436778 --- [core-sifa-test] [main] t.c.s.AnnotationConfigContextLoaderUtils : Could not detect default configuration classes for test class [com.sifa.core_sifa.controller.NotificationPushControllerTest]: NotificationPushControllerTest does not declare any static, non-private, non-final, nested classes annotated with @Configuration.
2026-06-15T17:03:52.829-04:00  INFO 436778 --- [core-sifa-test] [main] .b.t.c.SpringBootTestContextBootstrapper : Found @SpringBootConfiguration com.sifa.core_sifa.CoreSifaApplication for test class com.sifa.core_sifa.controller.NotificationPushControllerTest
2026-06-15T17:03:52.877-04:00  INFO 436778 --- [core-sifa-test] [main] c.s.c.c.NotificationPushControllerTest   : Starting NotificationPushControllerTest using Java 21.0.11 with PID 436778 (started by andres-ortega in /home/andres-ortega/Escritorio/proyects/core-sifa)
2026-06-15T17:03:52.877-04:00  INFO 436778 --- [core-sifa-test] [main] c.s.c.c.NotificationPushControllerTest   : The following 1 profile is active: "test"
2026-06-15T17:03:53.174-04:00  WARN 436778 --- [core-sifa-test] [main] .s.s.UserDetailsServiceAutoConfiguration : 

Using generated security password: 796e9c02-3699-46cc-85d9-dcbc6dca920a

This generated password is for development use only. Your security configuration must be updated before running your application in production.

2026-06-15T17:03:53.175-04:00  INFO 436778 --- [core-sifa-test] [main] r$InitializeUserDetailsManagerConfigurer : Global AuthenticationManager configured with UserDetailsService bean with name inMemoryUserDetailsManager
2026-06-15T17:03:53.346-04:00  INFO 436778 --- [core-sifa-test] [main] o.s.b.t.m.w.SpringBootMockServletContext : Initializing Spring TestDispatcherServlet ''
2026-06-15T17:03:53.346-04:00  INFO 436778 --- [core-sifa-test] [main] o.s.t.web.servlet.TestDispatcherServlet  : Initializing Servlet ''
2026-06-15T17:03:53.347-04:00  INFO 436778 --- [core-sifa-test] [main] o.s.t.web.servlet.TestDispatcherServlet  : Completed initialization in 1 ms
2026-06-15T17:03:53.358-04:00  INFO 436778 --- [core-sifa-test] [main] c.s.c.c.NotificationPushControllerTest   : Started NotificationPushControllerTest in 0.523 seconds (process running for 29.353)
2026-06-15T17:03:53.498-04:00  INFO 436778 --- [core-sifa-test] [main] t.c.s.AnnotationConfigContextLoaderUtils : Could not detect default configuration classes for test class [com.sifa.core_sifa.controller.InfraccionControllerTest]: InfraccionControllerTest does not declare any static, non-private, non-final, nested classes annotated with @Configuration.
2026-06-15T17:03:53.511-04:00  INFO 436778 --- [core-sifa-test] [main] .b.t.c.SpringBootTestContextBootstrapper : Found @SpringBootConfiguration com.sifa.core_sifa.CoreSifaApplication for test class com.sifa.core_sifa.controller.InfraccionControllerTest
2026-06-15T17:03:53.542-04:00  INFO 436778 --- [core-sifa-test] [main] c.s.c.c.InfraccionControllerTest         : Starting InfraccionControllerTest using Java 21.0.11 with PID 436778 (started by andres-ortega in /home/andres-ortega/Escritorio/proyects/core-sifa)
2026-06-15T17:03:53.543-04:00  INFO 436778 --- [core-sifa-test] [main] c.s.c.c.InfraccionControllerTest         : The following 1 profile is active: "test"
2026-06-15T17:03:53.836-04:00  WARN 436778 --- [core-sifa-test] [main] .s.s.UserDetailsServiceAutoConfiguration : 

Using generated security password: 30a27b6f-dd55-4d72-86e9-2a73eff75988

This generated password is for development use only. Your security configuration must be updated before running your application in production.

2026-06-15T17:03:53.837-04:00  INFO 436778 --- [core-sifa-test] [main] r$InitializeUserDetailsManagerConfigurer : Global AuthenticationManager configured with UserDetailsService bean with name inMemoryUserDetailsManager
2026-06-15T17:03:54.006-04:00  INFO 436778 --- [core-sifa-test] [main] o.s.b.t.m.w.SpringBootMockServletContext : Initializing Spring TestDispatcherServlet ''
2026-06-15T17:03:54.006-04:00  INFO 436778 --- [core-sifa-test] [main] o.s.t.web.servlet.TestDispatcherServlet  : Initializing Servlet ''
2026-06-15T17:03:54.007-04:00  INFO 436778 --- [core-sifa-test] [main] o.s.t.web.servlet.TestDispatcherServlet  : Completed initialization in 1 ms
2026-06-15T17:03:54.015-04:00  INFO 436778 --- [core-sifa-test] [main] c.s.c.c.InfraccionControllerTest         : Started InfraccionControllerTest in 0.497 seconds (process running for 30.01)
2026-06-15T17:03:54.030-04:00  INFO 436778 --- [core-sifa-test] [main] c.s.c.controller.InfraccionController    : Petición PATCH recibida para actualizar estado de infracción ID: 1 a accepted
2026-06-15T17:03:54.054-04:00  INFO 436778 --- [core-sifa-test] [main] c.s.c.controller.InfraccionController    : Petición GET para estadísticas del Dashboard
2026-06-15T17:03:54.078-04:00  INFO 436778 --- [core-sifa-test] [main] c.s.c.controller.InfraccionController    : Obteniendo infracciones paginadas
2026-06-15T17:03:54.081-04:00  WARN 436778 --- [core-sifa-test] [main] ration$PageModule$WarningLoggingModifier : Serializing PageImpl instances as-is is not supported, meaning that there is no guarantee about the stability of the resulting JSON structure!
	For a stable JSON structure, please use Spring Data's PagedModel (globally via @EnableSpringDataWebSupport(pageSerializationMode = VIA_DTO))
	or Spring HATEOAS and Spring Data's PagedResourcesAssembler as documented in https://docs.spring.io/spring-data/commons/reference/repositories/core-extensions.html#core.web.pageables.

2026-06-15T17:03:54.106-04:00  INFO 436778 --- [core-sifa-test] [main] c.s.c.controller.InfraccionController    : Obteniendo infracciones paginadas
2026-06-15T17:03:54.130-04:00  INFO 436778 --- [core-sifa-test] [main] c.s.c.controller.InfraccionController    : Petición GET para reporte de productividad
2026-06-15T17:03:54.164-04:00  INFO 436778 --- [core-sifa-test] [main] c.s.c.controller.InfraccionController    : Petición para procesar infracción ID: 1 recibida. Administrativo JPL ID: jpl@test.cl
2026-06-15T17:03:54.189-04:00  INFO 436778 --- [core-sifa-test] [main] c.s.c.controller.InfraccionController    : Obteniendo resumen del reporte de infracciones
2026-06-15T17:03:54.207-04:00  INFO 436778 --- [core-sifa-test] [main] c.s.c.controller.InfraccionController    : Obteniendo infraccion con id: 1
2026-06-15T17:03:54.223-04:00  INFO 436778 --- [core-sifa-test] [main] c.s.c.controller.InfraccionController    : Obteniendo coordenadas de infracciones para el mapa de calor
2026-06-15T17:03:54.274-04:00  INFO 436778 --- [core-sifa-test] [main] c.s.c.controller.InfraccionController    : Petición de creación de infracción recibida desde el Gateway. Fiscalizador ID: fiscalizador@test.cl
2026-06-15T17:03:54.286-04:00  INFO 436778 --- [core-sifa-test] [main] t.c.s.AnnotationConfigContextLoaderUtils : Could not detect default configuration classes for test class [com.sifa.core_sifa.controller.AuditLogControllerTest]: AuditLogControllerTest does not declare any static, non-private, non-final, nested classes annotated with @Configuration.
2026-06-15T17:03:54.302-04:00  INFO 436778 --- [core-sifa-test] [main] .b.t.c.SpringBootTestContextBootstrapper : Found @SpringBootConfiguration com.sifa.core_sifa.CoreSifaApplication for test class com.sifa.core_sifa.controller.AuditLogControllerTest
2026-06-15T17:03:54.336-04:00  INFO 436778 --- [core-sifa-test] [main] c.s.c.controller.AuditLogControllerTest  : Starting AuditLogControllerTest using Java 21.0.11 with PID 436778 (started by andres-ortega in /home/andres-ortega/Escritorio/proyects/core-sifa)
2026-06-15T17:03:54.337-04:00  INFO 436778 --- [core-sifa-test] [main] c.s.c.controller.AuditLogControllerTest  : The following 1 profile is active: "test"
2026-06-15T17:03:54.608-04:00  WARN 436778 --- [core-sifa-test] [main] .s.s.UserDetailsServiceAutoConfiguration : 

Using generated security password: 4bc0ee5b-9dac-4faa-9c3b-ab59efefacd3

This generated password is for development use only. Your security configuration must be updated before running your application in production.

2026-06-15T17:03:54.609-04:00  INFO 436778 --- [core-sifa-test] [main] r$InitializeUserDetailsManagerConfigurer : Global AuthenticationManager configured with UserDetailsService bean with name inMemoryUserDetailsManager
2026-06-15T17:03:54.772-04:00  INFO 436778 --- [core-sifa-test] [main] o.s.b.t.m.w.SpringBootMockServletContext : Initializing Spring TestDispatcherServlet ''
2026-06-15T17:03:54.772-04:00  INFO 436778 --- [core-sifa-test] [main] o.s.t.web.servlet.TestDispatcherServlet  : Initializing Servlet ''
2026-06-15T17:03:54.773-04:00  INFO 436778 --- [core-sifa-test] [main] o.s.t.web.servlet.TestDispatcherServlet  : Completed initialization in 1 ms
2026-06-15T17:03:54.780-04:00  INFO 436778 --- [core-sifa-test] [main] c.s.c.controller.AuditLogControllerTest  : Started AuditLogControllerTest in 0.472 seconds (process running for 30.775)
2026-06-15T17:03:54.795-04:00  INFO 436778 --- [core-sifa-test] [main] c.s.c.controller.AuditLogController      : Obteniendo auditorias paginadas
2026-06-15T17:03:54.798-04:00  WARN 436778 --- [core-sifa-test] [main] ration$PageModule$WarningLoggingModifier : Serializing PageImpl instances as-is is not supported, meaning that there is no guarantee about the stability of the resulting JSON structure!
	For a stable JSON structure, please use Spring Data's PagedModel (globally via @EnableSpringDataWebSupport(pageSerializationMode = VIA_DTO))
	or Spring HATEOAS and Spring Data's PagedResourcesAssembler as documented in https://docs.spring.io/spring-data/commons/reference/repositories/core-extensions.html#core.web.pageables.

2026-06-15T17:03:54.816-04:00  INFO 436778 --- [core-sifa-test] [main] c.s.c.controller.AuditLogController      : Obteniendo auditorias paginadas
2026-06-15T17:03:54.852-04:00  INFO 436778 --- [core-sifa-test] [main] t.c.s.AnnotationConfigContextLoaderUtils : Could not detect default configuration classes for test class [com.sifa.core_sifa.controller.VehiculoControllerTest]: VehiculoControllerTest does not declare any static, non-private, non-final, nested classes annotated with @Configuration.
2026-06-15T17:03:54.863-04:00  INFO 436778 --- [core-sifa-test] [main] .b.t.c.SpringBootTestContextBootstrapper : Found @SpringBootConfiguration com.sifa.core_sifa.CoreSifaApplication for test class com.sifa.core_sifa.controller.VehiculoControllerTest
2026-06-15T17:03:54.895-04:00  INFO 436778 --- [core-sifa-test] [main] c.s.c.controller.VehiculoControllerTest  : Starting VehiculoControllerTest using Java 21.0.11 with PID 436778 (started by andres-ortega in /home/andres-ortega/Escritorio/proyects/core-sifa)
2026-06-15T17:03:54.896-04:00  INFO 436778 --- [core-sifa-test] [main] c.s.c.controller.VehiculoControllerTest  : The following 1 profile is active: "test"
2026-06-15T17:03:55.158-04:00  WARN 436778 --- [core-sifa-test] [main] .s.s.UserDetailsServiceAutoConfiguration : 

Using generated security password: da4387d6-00df-46f9-ae1b-7c773a1f1e08

This generated password is for development use only. Your security configuration must be updated before running your application in production.

2026-06-15T17:03:55.159-04:00  INFO 436778 --- [core-sifa-test] [main] r$InitializeUserDetailsManagerConfigurer : Global AuthenticationManager configured with UserDetailsService bean with name inMemoryUserDetailsManager
2026-06-15T17:03:55.326-04:00  INFO 436778 --- [core-sifa-test] [main] o.s.b.t.m.w.SpringBootMockServletContext : Initializing Spring TestDispatcherServlet ''
2026-06-15T17:03:55.327-04:00  INFO 436778 --- [core-sifa-test] [main] o.s.t.web.servlet.TestDispatcherServlet  : Initializing Servlet ''
2026-06-15T17:03:55.327-04:00  INFO 436778 --- [core-sifa-test] [main] o.s.t.web.servlet.TestDispatcherServlet  : Completed initialization in 0 ms
2026-06-15T17:03:55.336-04:00  INFO 436778 --- [core-sifa-test] [main] c.s.c.controller.VehiculoControllerTest  : Started VehiculoControllerTest in 0.469 seconds (process running for 31.331)
2026-06-15T17:03:55.346-04:00  INFO 436778 --- [core-sifa-test] [main] c.s.c.controller.VehiculoController      : Obteniendo todos los vehículos
2026-06-15T17:03:55.363-04:00  INFO 436778 --- [core-sifa-test] [main] c.s.c.controller.VehiculoController      : Obteniendo vehiculo con id: ABCD12
2026-06-15T17:03:55.376-04:00  INFO 436778 --- [core-sifa-test] [main] c.s.c.controller.VehiculoController      : Obteniendo todos los vehículos
2026-06-15T17:03:55.855-04:00  INFO 436778 --- [core-sifa-test] [main] c.s.c.service.TipoInfraccionServiceImpl  : Creando tipo de infracción: Nuevo Tipo
2026-06-15T17:03:55.858-04:00  INFO 436778 --- [core-sifa-test] [main] c.s.c.service.TipoInfraccionServiceImpl  : Buscando tipo de infracción con id: 1
2026-06-15T17:03:55.862-04:00  INFO 436778 --- [core-sifa-test] [main] c.s.c.service.TipoInfraccionServiceImpl  : Buscando tipo de infracción con id: 99
2026-06-15T17:03:55.868-04:00  INFO 436778 --- [core-sifa-test] [main] c.s.c.service.TipoInfraccionServiceImpl  : Deshabilitando tipo de infracción con id: 1
2026-06-15T17:03:55.875-04:00  INFO 436778 --- [core-sifa-test] [main] c.s.c.service.TipoInfraccionServiceImpl  : Deshabilitando tipo de infracción con id: 99
2026-06-15T17:03:55.879-04:00  INFO 436778 --- [core-sifa-test] [main] c.s.c.service.TipoInfraccionServiceImpl  : Actualizando tipo de infracción con id: 1
2026-06-15T17:03:55.884-04:00  INFO 436778 --- [core-sifa-test] [main] c.s.c.service.TipoInfraccionServiceImpl  : Listando todos los tipos de infracción
2026-06-15T17:03:55.892-04:00  INFO 436778 --- [core-sifa-test] [main] c.s.c.service.TipoInfraccionServiceImpl  : Listando tipos de infracción paginados - página: 0, tamaño: 10
2026-06-15T17:03:55.902-04:00  INFO 436778 --- [core-sifa-test] [main] c.s.c.s.device.DeviceMaintenanceService  : Running device status cleanup...
2026-06-15T17:03:55.903-04:00  INFO 436778 --- [core-sifa-test] [main] c.s.c.s.device.DeviceMaintenanceService  : Device cleanup completed: 5 devices affected
2026-06-15T17:03:55.908-04:00  INFO 436778 --- [core-sifa-test] [main] c.s.c.s.device.DeviceMaintenanceService  : Running device status cleanup...
2026-06-15T17:03:56.099-04:00  INFO 436778 --- [core-sifa-test] [main] c.s.c.s.device.DeviceTokenServiceImpl    : Sending notification to all 1 registered devices
2026-06-15T17:03:56.100-04:00 ERROR 436778 --- [core-sifa-test] [main] c.s.c.s.device.DeviceTokenServiceImpl    : Failed to send notification to device bad-token (user: u1@test.cl): Firebase error
2026-06-15T17:03:56.101-04:00  INFO 436778 --- [core-sifa-test] [main] c.s.c.s.device.DeviceTokenServiceImpl    : Notification sent to 0/1 devices
2026-06-15T17:03:56.104-04:00  INFO 436778 --- [core-sifa-test] [main] c.s.c.s.device.DeviceTokenServiceImpl    : Sending notification to 2 outdated devices (current version: 2.0.0)
2026-06-15T17:03:56.105-04:00  INFO 436778 --- [core-sifa-test] [main] c.s.c.s.device.DeviceTokenServiceImpl    : Notification sent to 2/2 devices
2026-06-15T17:03:56.111-04:00  INFO 436778 --- [core-sifa-test] [main] c.s.c.s.device.DeviceTokenServiceImpl    : Cleanup: marked 3 devices as INACTIVE
2026-06-15T17:03:56.114-04:00  INFO 436778 --- [core-sifa-test] [main] c.s.c.s.device.DeviceTokenServiceImpl    : Registrando dispositivo para usuario: user@test.cl, platform: ANDROID, appVersion: unknown
2026-06-15T17:03:56.114-04:00  INFO 436778 --- [core-sifa-test] [main] c.s.c.s.device.DeviceTokenServiceImpl    : Nuevo dispositivo registrado para: user@test.cl
2026-06-15T17:03:56.120-04:00  WARN 436778 --- [core-sifa-test] [main] c.s.c.s.device.DeviceTokenServiceImpl    : Auto-registrado nuevo DeviceToken null para usuario user@test.cl desde heartbeat (fcmToken provisto)
2026-06-15T17:03:56.125-04:00  INFO 436778 --- [core-sifa-test] [main] c.s.c.s.device.DeviceTokenServiceImpl    : Registrando dispositivo para usuario: user@test.cl, platform: IOS, appVersion: unknown
2026-06-15T17:03:56.126-04:00  INFO 436778 --- [core-sifa-test] [main] c.s.c.s.device.DeviceTokenServiceImpl    : Eliminados 1 token(s) antiguo(s) para: user@test.cl
2026-06-15T17:03:56.126-04:00  INFO 436778 --- [core-sifa-test] [main] c.s.c.s.device.DeviceTokenServiceImpl    : Nuevo dispositivo registrado para: user@test.cl
2026-06-15T17:03:56.130-04:00  INFO 436778 --- [core-sifa-test] [main] c.s.c.s.device.DeviceTokenServiceImpl    : No registered devices found for platform: IOS
2026-06-15T17:03:56.134-04:00  INFO 436778 --- [core-sifa-test] [main] c.s.c.s.device.DeviceTokenServiceImpl    : Sending notification to 1 devices on platform: ANDROID
2026-06-15T17:03:56.135-04:00  INFO 436778 --- [core-sifa-test] [main] c.s.c.s.device.DeviceTokenServiceImpl    : Notification sent to 1/1 devices
2026-06-15T17:03:56.139-04:00  INFO 436778 --- [core-sifa-test] [main] c.s.c.s.device.DeviceTokenServiceImpl    : No outdated devices found (current version: 2.0.0)
2026-06-15T17:03:56.143-04:00  INFO 436778 --- [core-sifa-test] [main] c.s.c.s.device.DeviceTokenServiceImpl    : Sending notification to all 1 registered devices
2026-06-15T17:03:56.144-04:00  INFO 436778 --- [core-sifa-test] [main] c.s.c.s.device.DeviceTokenServiceImpl    : Notification sent to 1/1 devices
2026-06-15T17:03:56.149-04:00  INFO 436778 --- [core-sifa-test] [main] c.s.c.s.device.DeviceTokenServiceImpl    : Sending notification to 1 selected devices
2026-06-15T17:03:56.149-04:00  INFO 436778 --- [core-sifa-test] [main] c.s.c.s.device.DeviceTokenServiceImpl    : Notification sent to 1/1 devices
2026-06-15T17:03:56.153-04:00  INFO 436778 --- [core-sifa-test] [main] c.s.c.s.device.DeviceTokenServiceImpl    : No devices found for the given IDs
2026-06-15T17:03:56.163-04:00  INFO 436778 --- [core-sifa-test] [main] c.s.c.s.device.DeviceTokenServiceImpl    : No registered devices found
2026-06-15T17:03:56.169-04:00  INFO 436778 --- [core-sifa-test] [main] c.s.c.s.device.DeviceTokenServiceImpl    : Registrando dispositivo para usuario: user@test.cl, platform: ANDROID, appVersion: 2.0.0
2026-06-15T17:03:56.170-04:00  INFO 436778 --- [core-sifa-test] [main] c.s.c.s.device.DeviceTokenServiceImpl    : Token existente actualizado para: user@test.cl
2026-06-15T17:03:56.173-04:00  INFO 436778 --- [core-sifa-test] [main] c.s.c.s.device.DeviceTokenServiceImpl    : Linked deviceId device-456 to token 2 (user: user@test.cl)
2026-06-15T17:03:56.178-04:00  WARN 436778 --- [core-sifa-test] [main] c.s.c.s.device.DeviceTokenServiceImpl    : Heartbeat recibido para usuario user@test.cl (deviceId device-000) pero NO existe DeviceToken ni se puede crear (falta fcmToken). El dispositivo NO recibirá notificaciones push hasta que la app móvil registre su FCM token.
2026-06-15T17:03:56.571-04:00  INFO 436778 --- [core-sifa-test] [main] c.s.c.s.i.InfraccionServiceImpl          : Buscando infracciones por patente: ABCD12
2026-06-15T17:03:56.575-04:00  INFO 436778 --- [core-sifa-test] [main] c.s.c.s.i.InfraccionServiceImpl          : Buscando infraccion con id: 1
2026-06-15T17:03:56.579-04:00  INFO 436778 --- [core-sifa-test] [main] c.s.c.s.i.InfraccionServiceImpl          : Administrativo JPL jpl@test.cl procesando infracción ID: 1
2026-06-15T17:03:56.583-04:00  INFO 436778 --- [core-sifa-test] [main] c.s.c.s.i.InfraccionServiceImpl          : Administrativo JPL jpl@test.cl procesando infracción ID: 1
2026-06-15T17:03:56.589-04:00  INFO 436778 --- [core-sifa-test] [main] c.s.c.s.i.InfraccionServiceImpl          : Administrativo JPL jpl@test.cl procesando infracción ID: 1
2026-06-15T17:03:56.590-04:00  INFO 436778 --- [core-sifa-test] [main] c.s.c.s.i.InfraccionServiceImpl          : Infracción ID: 1 procesada exitosamente con estado: APROBADA
2026-06-15T17:03:56.599-04:00  INFO 436778 --- [core-sifa-test] [main] c.s.c.s.i.InfraccionServiceImpl          : Generando reporte de productividad de fiscalizadores
2026-06-15T17:03:56.605-04:00  INFO 436778 --- [core-sifa-test] [main] c.s.c.s.i.InfraccionServiceImpl          : Buscando infraccion con id: 99
2026-06-15T17:03:56.609-04:00  INFO 436778 --- [core-sifa-test] [main] c.s.c.s.i.InfraccionServiceImpl          : Iniciando creación de infracción para patente: ABCD12
2026-06-15T17:03:56.613-04:00  INFO 436778 --- [core-sifa-test] [main] c.s.c.s.i.InfraccionServiceImpl          : Generando estadísticas del Dashboard
2026-06-15T17:03:56.617-04:00  INFO 436778 --- [core-sifa-test] [main] c.s.c.s.i.InfraccionServiceImpl          : Iniciando creación de infracción para patente: ABCD12
2026-06-15T17:03:56.628-04:00  INFO 436778 --- [core-sifa-test] [main] c.s.c.s.i.InfraccionServiceImpl          : Generando reporte de productividad de fiscalizadores
2026-06-15T17:03:56.731-04:00  INFO 436778 --- [core-sifa-test] [main] c.s.c.s.i.InfraccionServiceImpl          : Iniciando creación de infracción para patente: ABCD12
2026-06-15T17:03:56.732-04:00  INFO 436778 --- [core-sifa-test] [main] c.s.c.s.i.InfraccionServiceImpl          : Infracción creada exitosamente con ID: 1
2026-06-15T17:03:56.732-04:00  INFO 436778 --- [core-sifa-test] [main] c.s.c.s.i.InfraccionServiceImpl          : [+] Citación empadronada gatillada y enlazada automáticamente en la transacción.
2026-06-15T17:03:56.737-04:00  INFO 436778 --- [core-sifa-test] [main] c.s.c.s.i.InfraccionServiceImpl          : Buscando infracciones por id Fiscalizador: fiscalizador@test.cl
2026-06-15T17:03:56.740-04:00  INFO 436778 --- [core-sifa-test] [main] c.s.c.s.i.InfraccionServiceImpl          : Editando infracción ID: 1
2026-06-15T17:03:56.744-04:00  INFO 436778 --- [core-sifa-test] [main] c.s.c.s.i.InfraccionServiceImpl          : Listando todas las infracciones
2026-06-15T17:03:56.749-04:00  INFO 436778 --- [core-sifa-test] [main] c.s.core_sifa.service.VehiculoService    : Listando todos los vehículos
2026-06-15T17:03:56.753-04:00  INFO 436778 --- [core-sifa-test] [main] c.s.core_sifa.service.VehiculoService    : Buscando vehículo con id: ABCD12
2026-06-15T17:03:56.758-04:00  INFO 436778 --- [core-sifa-test] [main] c.s.core_sifa.service.VehiculoService    : Buscando vehículo con id: INVALID
2026-06-15T17:03:56.901-04:00  INFO 436778 --- [core-sifa-test] [main] c.s.c.s.FiscalizadorPresenciaService     : Recibiendo latido de presencia de: fiscalizador@test.cl
2026-06-15T17:03:57.041-04:00  INFO 436778 --- [core-sifa-test] [main] c.s.c.service.push.FirebasePushService   : Push notification sent successfully. MessageId: message-id-123, Token: valid-token...
2026-06-15T17:03:57.267-04:00  INFO 436778 --- [core-sifa-test] [main] c.s.core_sifa.service.CitacionService    : Administrativo jpl@test.cl actualizando citación 1.
2026-06-15T17:03:57.268-04:00  INFO 436778 --- [core-sifa-test] [main] c.s.core_sifa.service.CitacionService    : Citacion actualizada exitosamente con ID 1
2026-06-15T17:03:57.272-04:00  INFO 436778 --- [core-sifa-test] [main] c.s.core_sifa.service.CitacionService    : Creando citación para la infracción ID: 1
2026-06-15T17:03:57.274-04:00  INFO 436778 --- [core-sifa-test] [main] c.s.core_sifa.service.CitacionService    : Buscando citación con ID: 1
2026-06-15T17:03:57.277-04:00  INFO 436778 --- [core-sifa-test] [main] c.s.core_sifa.service.CitacionService    : Administrativo jpl@test.cl actualizando citación 99.
2026-06-15T17:03:57.281-04:00  INFO 436778 --- [core-sifa-test] [main] c.s.core_sifa.service.CitacionService    : Listando citaciones con filtros - startDate: null, endDate: null, search: null
2026-06-15T17:03:57.286-04:00  INFO 436778 --- [core-sifa-test] [main] c.s.core_sifa.service.CitacionService    : Buscando citación con ID: 99
2026-06-15T17:03:57.293-04:00  INFO 436778 --- [core-sifa-test] [main] c.s.core_sifa.service.CitacionService    : Creando citación para la infracción ID: 1
2026-06-15T17:03:57.294-04:00  INFO 436778 --- [core-sifa-test] [main] c.s.core_sifa.service.CitacionService    : Citación ID 1 creada exitosamente
2026-06-15T17:03:57.298-04:00  INFO 436778 --- [core-sifa-test] [main] c.s.core_sifa.service.CitacionService    : Creando citación para la infracción ID: 99
2026-06-15T17:03:57.303-04:00  INFO 436778 --- [core-sifa-test] [main] c.s.c.s.storage.MockStorageServiceImpl   : MOCK STORAGE -> Archivo eliminado: https://mock.sifa.cl/test.jpg
2026-06-15T17:03:57.305-04:00  INFO 436778 --- [core-sifa-test] [main] c.s.c.s.storage.MockStorageServiceImpl   : MOCK STORAGE -> Archivo simulado: https://mock.sifa.cl/infraccion_1.jpg
2026-06-15T17:03:57.307-04:00  INFO 436778 --- [core-sifa-test] [main] c.s.c.s.storage.MockStorageServiceImpl   : MOCK STORAGE -> Archivo simulado: https://mock.sifa.cl/infraccion_1_1.jpg
2026-06-15T17:03:57.308-04:00  INFO 436778 --- [core-sifa-test] [main] c.s.c.s.storage.MockStorageServiceImpl   : MOCK STORAGE -> Archivo simulado: https://mock.sifa.cl/infraccion_1_2.jpg
2026-06-15T17:03:57.454-04:00  INFO 436778 --- [core-sifa-test] [main] c.s.c.s.n.NotificationLogServiceImpl     : Notification log saved: targetType=ALL, devicesCount=10, sentBy=admin@test.cl
2026-06-15T17:03:57.611-04:00 ERROR 436778 --- [core-sifa-test] [main] c.s.c.s.audits.AuditLogServiceImpl       : [AUDITORIA-ERROR] Error silencioso general al comunicarse con el Core.
2026-06-15T17:03:57.611-04:00 ERROR 436778 --- [core-sifa-test] [main] c.s.c.s.audits.AuditLogServiceImpl       : Clase del error: java.lang.RuntimeException
2026-06-15T17:03:57.611-04:00 ERROR 436778 --- [core-sifa-test] [main] c.s.c.s.audits.AuditLogServiceImpl       : Mensaje exacto: DB error
2026-06-15T17:03:57.611-04:00 ERROR 436778 --- [core-sifa-test] [main] c.s.c.s.audits.AuditLogServiceImpl       : Stacktrace completo: 

java.lang.RuntimeException: DB error
	at com.sifa.core_sifa.service.audits.AuditLogServiceImpl.registrarLog(AuditLogServiceImpl.java:81) ~[classes/:na]
	at com.sifa.core_sifa.service.audits.AuditLogServiceImplTest.registrarLog_cuandoError_noPropagaExcepcion(AuditLogServiceImplTest.java:111) ~[test-classes/:na]
	at java.base/jdk.internal.reflect.DirectMethodHandleAccessor.invoke(DirectMethodHandleAccessor.java:103) ~[na:na]
	at java.base/java.lang.reflect.Method.invoke(Method.java:580) ~[na:na]
	at org.junit.platform.commons.util.ReflectionUtils.invokeMethod(ReflectionUtils.java:767) ~[junit-platform-commons-1.11.4.jar:1.11.4]
	at org.junit.jupiter.engine.execution.MethodInvocation.proceed(MethodInvocation.java:60) ~[junit-jupiter-engine-5.11.4.jar:5.11.4]
	at org.junit.jupiter.engine.execution.InvocationInterceptorChain$ValidatingInvocation.proceed(InvocationInterceptorChain.java:131) ~[junit-jupiter-engine-5.11.4.jar:5.11.4]
	at org.junit.jupiter.engine.extension.TimeoutExtension.intercept(TimeoutExtension.java:156) ~[junit-jupiter-engine-5.11.4.jar:5.11.4]
	at org.junit.jupiter.engine.extension.TimeoutExtension.interceptTestableMethod(TimeoutExtension.java:147) ~[junit-jupiter-engine-5.11.4.jar:5.11.4]
	at org.junit.jupiter.engine.extension.TimeoutExtension.interceptTestMethod(TimeoutExtension.java:86) ~[junit-jupiter-engine-5.11.4.jar:5.11.4]
	at org.junit.jupiter.engine.execution.InterceptingExecutableInvoker$ReflectiveInterceptorCall.lambda$ofVoidMethod$0(InterceptingExecutableInvoker.java:103) ~[junit-jupiter-engine-5.11.4.jar:5.11.4]
	at org.junit.jupiter.engine.execution.InterceptingExecutableInvoker.lambda$invoke$0(InterceptingExecutableInvoker.java:93) ~[junit-jupiter-engine-5.11.4.jar:5.11.4]
	at org.junit.jupiter.engine.execution.InvocationInterceptorChain$InterceptedInvocation.proceed(InvocationInterceptorChain.java:106) ~[junit-jupiter-engine-5.11.4.jar:5.11.4]
	at org.junit.jupiter.engine.execution.InvocationInterceptorChain.proceed(InvocationInterceptorChain.java:64) ~[junit-jupiter-engine-5.11.4.jar:5.11.4]
	at org.junit.jupiter.engine.execution.InvocationInterceptorChain.chainAndInvoke(InvocationInterceptorChain.java:45) ~[junit-jupiter-engine-5.11.4.jar:5.11.4]
	at org.junit.jupiter.engine.execution.InvocationInterceptorChain.invoke(InvocationInterceptorChain.java:37) ~[junit-jupiter-engine-5.11.4.jar:5.11.4]
	at org.junit.jupiter.engine.execution.InterceptingExecutableInvoker.invoke(InterceptingExecutableInvoker.java:92) ~[junit-jupiter-engine-5.11.4.jar:5.11.4]
	at org.junit.jupiter.engine.execution.InterceptingExecutableInvoker.invoke(InterceptingExecutableInvoker.java:86) ~[junit-jupiter-engine-5.11.4.jar:5.11.4]
	at org.junit.jupiter.engine.descriptor.TestMethodTestDescriptor.lambda$invokeTestMethod$8(TestMethodTestDescriptor.java:217) ~[junit-jupiter-engine-5.11.4.jar:5.11.4]
	at org.junit.platform.engine.support.hierarchical.ThrowableCollector.execute(ThrowableCollector.java:73) ~[junit-platform-engine-1.11.4.jar:1.11.4]
	at org.junit.jupiter.engine.descriptor.TestMethodTestDescriptor.invokeTestMethod(TestMethodTestDescriptor.java:213) ~[junit-jupiter-engine-5.11.4.jar:5.11.4]
	at org.junit.jupiter.engine.descriptor.TestMethodTestDescriptor.execute(TestMethodTestDescriptor.java:138) ~[junit-jupiter-engine-5.11.4.jar:5.11.4]
	at org.junit.jupiter.engine.descriptor.TestMethodTestDescriptor.execute(TestMethodTestDescriptor.java:68) ~[junit-jupiter-engine-5.11.4.jar:5.11.4]
	at org.junit.platform.engine.support.hierarchical.NodeTestTask.lambda$executeRecursively$6(NodeTestTask.java:156) ~[junit-platform-engine-1.11.4.jar:1.11.4]
	at org.junit.platform.engine.support.hierarchical.ThrowableCollector.execute(ThrowableCollector.java:73) ~[junit-platform-engine-1.11.4.jar:1.11.4]
	at org.junit.platform.engine.support.hierarchical.NodeTestTask.lambda$executeRecursively$8(NodeTestTask.java:146) ~[junit-platform-engine-1.11.4.jar:1.11.4]
	at org.junit.platform.engine.support.hierarchical.Node.around(Node.java:137) ~[junit-platform-engine-1.11.4.jar:1.11.4]
	at org.junit.platform.engine.support.hierarchical.NodeTestTask.lambda$executeRecursively$9(NodeTestTask.java:144) ~[junit-platform-engine-1.11.4.jar:1.11.4]
	at org.junit.platform.engine.support.hierarchical.ThrowableCollector.execute(ThrowableCollector.java:73) ~[junit-platform-engine-1.11.4.jar:1.11.4]
	at org.junit.platform.engine.support.hierarchical.NodeTestTask.executeRecursively(NodeTestTask.java:143) ~[junit-platform-engine-1.11.4.jar:1.11.4]
	at org.junit.platform.engine.support.hierarchical.NodeTestTask.execute(NodeTestTask.java:100) ~[junit-platform-engine-1.11.4.jar:1.11.4]
	at java.base/java.util.ArrayList.forEach(ArrayList.java:1596) ~[na:na]
	at org.junit.platform.engine.support.hierarchical.SameThreadHierarchicalTestExecutorService.invokeAll(SameThreadHierarchicalTestExecutorService.java:41) ~[junit-platform-engine-1.11.4.jar:1.11.4]
	at org.junit.platform.engine.support.hierarchical.NodeTestTask.lambda$executeRecursively$6(NodeTestTask.java:160) ~[junit-platform-engine-1.11.4.jar:1.11.4]
	at org.junit.platform.engine.support.hierarchical.ThrowableCollector.execute(ThrowableCollector.java:73) ~[junit-platform-engine-1.11.4.jar:1.11.4]
	at org.junit.platform.engine.support.hierarchical.NodeTestTask.lambda$executeRecursively$8(NodeTestTask.java:146) ~[junit-platform-engine-1.11.4.jar:1.11.4]
	at org.junit.platform.engine.support.hierarchical.Node.around(Node.java:137) ~[junit-platform-engine-1.11.4.jar:1.11.4]
	at org.junit.platform.engine.support.hierarchical.NodeTestTask.lambda$executeRecursively$9(NodeTestTask.java:144) ~[junit-platform-engine-1.11.4.jar:1.11.4]
	at org.junit.platform.engine.support.hierarchical.ThrowableCollector.execute(ThrowableCollector.java:73) ~[junit-platform-engine-1.11.4.jar:1.11.4]
	at org.junit.platform.engine.support.hierarchical.NodeTestTask.executeRecursively(NodeTestTask.java:143) ~[junit-platform-engine-1.11.4.jar:1.11.4]
	at org.junit.platform.engine.support.hierarchical.NodeTestTask.execute(NodeTestTask.java:100) ~[junit-platform-engine-1.11.4.jar:1.11.4]
	at java.base/java.util.ArrayList.forEach(ArrayList.java:1596) ~[na:na]
	at org.junit.platform.engine.support.hierarchical.SameThreadHierarchicalTestExecutorService.invokeAll(SameThreadHierarchicalTestExecutorService.java:41) ~[junit-platform-engine-1.11.4.jar:1.11.4]
	at org.junit.platform.engine.support.hierarchical.NodeTestTask.lambda$executeRecursively$6(NodeTestTask.java:160) ~[junit-platform-engine-1.11.4.jar:1.11.4]
	at org.junit.platform.engine.support.hierarchical.ThrowableCollector.execute(ThrowableCollector.java:73) ~[junit-platform-engine-1.11.4.jar:1.11.4]
	at org.junit.platform.engine.support.hierarchical.NodeTestTask.lambda$executeRecursively$8(NodeTestTask.java:146) ~[junit-platform-engine-1.11.4.jar:1.11.4]
	at org.junit.platform.engine.support.hierarchical.Node.around(Node.java:137) ~[junit-platform-engine-1.11.4.jar:1.11.4]
	at org.junit.platform.engine.support.hierarchical.NodeTestTask.lambda$executeRecursively$9(NodeTestTask.java:144) ~[junit-platform-engine-1.11.4.jar:1.11.4]
	at org.junit.platform.engine.support.hierarchical.ThrowableCollector.execute(ThrowableCollector.java:73) ~[junit-platform-engine-1.11.4.jar:1.11.4]
	at org.junit.platform.engine.support.hierarchical.NodeTestTask.executeRecursively(NodeTestTask.java:143) ~[junit-platform-engine-1.11.4.jar:1.11.4]
	at org.junit.platform.engine.support.hierarchical.NodeTestTask.execute(NodeTestTask.java:100) ~[junit-platform-engine-1.11.4.jar:1.11.4]
	at org.junit.platform.engine.support.hierarchical.SameThreadHierarchicalTestExecutorService.submit(SameThreadHierarchicalTestExecutorService.java:35) ~[junit-platform-engine-1.11.4.jar:1.11.4]
	at org.junit.platform.engine.support.hierarchical.HierarchicalTestExecutor.execute(HierarchicalTestExecutor.java:57) ~[junit-platform-engine-1.11.4.jar:1.11.4]
	at org.junit.platform.engine.support.hierarchical.HierarchicalTestEngine.execute(HierarchicalTestEngine.java:54) ~[junit-platform-engine-1.11.4.jar:1.11.4]
	at org.junit.platform.launcher.core.EngineExecutionOrchestrator.execute(EngineExecutionOrchestrator.java:198) ~[junit-platform-launcher-1.11.4.jar:1.11.4]
	at org.junit.platform.launcher.core.EngineExecutionOrchestrator.execute(EngineExecutionOrchestrator.java:169) ~[junit-platform-launcher-1.11.4.jar:1.11.4]
	at org.junit.platform.launcher.core.EngineExecutionOrchestrator.execute(EngineExecutionOrchestrator.java:93) ~[junit-platform-launcher-1.11.4.jar:1.11.4]
	at org.junit.platform.launcher.core.EngineExecutionOrchestrator.lambda$execute$0(EngineExecutionOrchestrator.java:58) ~[junit-platform-launcher-1.11.4.jar:1.11.4]
	at org.junit.platform.launcher.core.EngineExecutionOrchestrator.withInterceptedStreams(EngineExecutionOrchestrator.java:141) ~[junit-platform-launcher-1.11.4.jar:1.11.4]
	at org.junit.platform.launcher.core.EngineExecutionOrchestrator.execute(EngineExecutionOrchestrator.java:57) ~[junit-platform-launcher-1.11.4.jar:1.11.4]
	at org.junit.platform.launcher.core.DefaultLauncher.execute(DefaultLauncher.java:103) ~[junit-platform-launcher-1.11.4.jar:1.11.4]
	at org.junit.platform.launcher.core.DefaultLauncher.execute(DefaultLauncher.java:85) ~[junit-platform-launcher-1.11.4.jar:1.11.4]
	at org.junit.platform.launcher.core.DelegatingLauncher.execute(DelegatingLauncher.java:47) ~[junit-platform-launcher-1.11.4.jar:1.11.4]
	at org.apache.maven.surefire.junitplatform.LazyLauncher.execute(LazyLauncher.java:56) ~[surefire-junit-platform-3.5.2.jar:3.5.2]
	at org.apache.maven.surefire.junitplatform.JUnitPlatformProvider.execute(JUnitPlatformProvider.java:184) ~[surefire-junit-platform-3.5.2.jar:3.5.2]
	at org.apache.maven.surefire.junitplatform.JUnitPlatformProvider.invokeAllTests(JUnitPlatformProvider.java:148) ~[surefire-junit-platform-3.5.2.jar:3.5.2]
	at org.apache.maven.surefire.junitplatform.JUnitPlatformProvider.invoke(JUnitPlatformProvider.java:122) ~[surefire-junit-platform-3.5.2.jar:3.5.2]
	at org.apache.maven.surefire.booter.ForkedBooter.runSuitesInProcess(ForkedBooter.java:385) ~[surefire-booter-3.5.2.jar:3.5.2]
	at org.apache.maven.surefire.booter.ForkedBooter.execute(ForkedBooter.java:162) ~[surefire-booter-3.5.2.jar:3.5.2]
	at org.apache.maven.surefire.booter.ForkedBooter.run(ForkedBooter.java:507) ~[surefire-booter-3.5.2.jar:3.5.2]
	at org.apache.maven.surefire.booter.ForkedBooter.main(ForkedBooter.java:495) ~[surefire-booter-3.5.2.jar:3.5.2]

2026-06-15T17:03:57.623-04:00  INFO 436778 --- [core-sifa-test] [main] c.s.c.s.audits.AuditLogServiceImpl       : Buscando auditoria con id: 99
2026-06-15T17:03:57.628-04:00  INFO 436778 --- [core-sifa-test] [main] c.s.c.s.audits.AuditLogServiceImpl       : Auditoría guardada exitosamente | Usuario: admin@test.cl | Acción: PROCESAR_INFRACCION
2026-06-15T17:03:57.631-04:00  INFO 436778 --- [core-sifa-test] [main] c.s.c.s.audits.AuditLogServiceImpl       : Buscando auditoria con id: 1
2026-06-15T17:03:57.638-04:00  INFO 436778 --- [core-sifa-test] [main] t.c.s.AnnotationConfigContextLoaderUtils : Could not detect default configuration classes for test class [com.sifa.core_sifa.CoreSifaApplicationTests]: CoreSifaApplicationTests does not declare any static, non-private, non-final, nested classes annotated with @Configuration.
2026-06-15T17:03:57.649-04:00  INFO 436778 --- [core-sifa-test] [main] .b.t.c.SpringBootTestContextBootstrapper : Found @SpringBootConfiguration com.sifa.core_sifa.CoreSifaApplication for test class com.sifa.core_sifa.CoreSifaApplicationTests
2026-06-15T17:03:58.125-04:00  INFO 436778 --- [core-sifa-test] [main] t.c.s.AnnotationConfigContextLoaderUtils : Could not detect default configuration classes for test class [com.sifa.core_sifa.config.DataInitializerConfigTest]: DataInitializerConfigTest does not declare any static, non-private, non-final, nested classes annotated with @Configuration.
2026-06-15T17:03:58.133-04:00  INFO 436778 --- [core-sifa-test] [main] .b.t.c.SpringBootTestContextBootstrapper : Found @SpringBootConfiguration com.sifa.core_sifa.CoreSifaApplication for test class com.sifa.core_sifa.config.DataInitializerConfigTest
2026-06-15T17:03:58.173-04:00  INFO 436778 --- [core-sifa-test] [main] t.c.s.AnnotationConfigContextLoaderUtils : Could not detect default configuration classes for test class [com.sifa.core_sifa.repository.IAuditLogRepositoryTest]: IAuditLogRepositoryTest does not declare any static, non-private, non-final, nested classes annotated with @Configuration.
2026-06-15T17:03:58.185-04:00  INFO 436778 --- [core-sifa-test] [main] .b.t.c.SpringBootTestContextBootstrapper : Found @SpringBootConfiguration com.sifa.core_sifa.CoreSifaApplication for test class com.sifa.core_sifa.repository.IAuditLogRepositoryTest
2026-06-15T17:03:58.352-04:00  INFO 436778 --- [core-sifa-test] [main] t.c.s.AnnotationConfigContextLoaderUtils : Could not detect default configuration classes for test class [com.sifa.core_sifa.repository.INotificationLogRepositoryTest]: INotificationLogRepositoryTest does not declare any static, non-private, non-final, nested classes annotated with @Configuration.
2026-06-15T17:03:58.354-04:00  INFO 436778 --- [core-sifa-test] [main] .b.t.c.SpringBootTestContextBootstrapper : Found @SpringBootConfiguration com.sifa.core_sifa.CoreSifaApplication for test class com.sifa.core_sifa.repository.INotificationLogRepositoryTest
2026-06-15T17:03:58.456-04:00  INFO 436778 --- [core-sifa-test] [main] t.c.s.AnnotationConfigContextLoaderUtils : Could not detect default configuration classes for test class [com.sifa.core_sifa.repository.IDeviceTokenRepositoryTest]: IDeviceTokenRepositoryTest does not declare any static, non-private, non-final, nested classes annotated with @Configuration.
2026-06-15T17:03:58.458-04:00  INFO 436778 --- [core-sifa-test] [main] .b.t.c.SpringBootTestContextBootstrapper : Found @SpringBootConfiguration com.sifa.core_sifa.CoreSifaApplication for test class com.sifa.core_sifa.repository.IDeviceTokenRepositoryTest
2026-06-15T17:03:58.700-04:00  INFO 436778 --- [core-sifa-test] [main] t.c.s.AnnotationConfigContextLoaderUtils : Could not detect default configuration classes for test class [com.sifa.core_sifa.repository.IPropietarioVehiculoRepositoryTest]: IPropietarioVehiculoRepositoryTest does not declare any static, non-private, non-final, nested classes annotated with @Configuration.
2026-06-15T17:03:58.703-04:00  INFO 436778 --- [core-sifa-test] [main] .b.t.c.SpringBootTestContextBootstrapper : Found @SpringBootConfiguration com.sifa.core_sifa.CoreSifaApplication for test class com.sifa.core_sifa.repository.IPropietarioVehiculoRepositoryTest
2026-06-15T17:03:58.767-04:00  INFO 436778 --- [core-sifa-test] [main] t.c.s.AnnotationConfigContextLoaderUtils : Could not detect default configuration classes for test class [com.sifa.core_sifa.repository.ITipoInfraccionRepositoryTest]: ITipoInfraccionRepositoryTest does not declare any static, non-private, non-final, nested classes annotated with @Configuration.
2026-06-15T17:03:58.769-04:00  INFO 436778 --- [core-sifa-test] [main] .b.t.c.SpringBootTestContextBootstrapper : Found @SpringBootConfiguration com.sifa.core_sifa.CoreSifaApplication for test class com.sifa.core_sifa.repository.ITipoInfraccionRepositoryTest
2026-06-15T17:03:58.834-04:00  INFO 436778 --- [core-sifa-test] [main] t.c.s.AnnotationConfigContextLoaderUtils : Could not detect default configuration classes for test class [com.sifa.core_sifa.repository.IInfraccionRepositoryTest]: IInfraccionRepositoryTest does not declare any static, non-private, non-final, nested classes annotated with @Configuration.
2026-06-15T17:03:58.835-04:00  INFO 436778 --- [core-sifa-test] [main] .b.t.c.SpringBootTestContextBootstrapper : Found @SpringBootConfiguration com.sifa.core_sifa.CoreSifaApplication for test class com.sifa.core_sifa.repository.IInfraccionRepositoryTest
2026-06-15T17:03:59.356-04:00  INFO 436778 --- [core-sifa-test] [main] t.c.s.AnnotationConfigContextLoaderUtils : Could not detect default configuration classes for test class [com.sifa.core_sifa.repository.ICitacionRepositoryTest]: ICitacionRepositoryTest does not declare any static, non-private, non-final, nested classes annotated with @Configuration.
2026-06-15T17:03:59.359-04:00  INFO 436778 --- [core-sifa-test] [main] .b.t.c.SpringBootTestContextBootstrapper : Found @SpringBootConfiguration com.sifa.core_sifa.CoreSifaApplication for test class com.sifa.core_sifa.repository.ICitacionRepositoryTest
2026-06-15T17:03:59.590-04:00  INFO 436778 --- [core-sifa-test] [main] t.c.s.AnnotationConfigContextLoaderUtils : Could not detect default configuration classes for test class [com.sifa.core_sifa.repository.IFiscalizadorPresenciaRepositoryTest]: IFiscalizadorPresenciaRepositoryTest does not declare any static, non-private, non-final, nested classes annotated with @Configuration.
2026-06-15T17:03:59.593-04:00  INFO 436778 --- [core-sifa-test] [main] .b.t.c.SpringBootTestContextBootstrapper : Found @SpringBootConfiguration com.sifa.core_sifa.CoreSifaApplication for test class com.sifa.core_sifa.repository.IFiscalizadorPresenciaRepositoryTest
2026-06-15T17:03:59.713-04:00  INFO 436778 --- [core-sifa-test] [main] t.c.s.AnnotationConfigContextLoaderUtils : Could not detect default configuration classes for test class [com.sifa.core_sifa.repository.IVehiculoRepositoryTest]: IVehiculoRepositoryTest does not declare any static, non-private, non-final, nested classes annotated with @Configuration.
2026-06-15T17:03:59.715-04:00  INFO 436778 --- [core-sifa-test] [main] .b.t.c.SpringBootTestContextBootstrapper : Found @SpringBootConfiguration com.sifa.core_sifa.CoreSifaApplication for test class com.sifa.core_sifa.repository.IVehiculoRepositoryTest
2026-06-15T17:03:59.901-04:00  INFO 436778 --- [core-sifa-test] [main] t.c.s.AnnotationConfigContextLoaderUtils : Could not detect default configuration classes for test class [com.sifa.core_sifa.repository.IEvidenciaFotograficaRepositoryTest]: IEvidenciaFotograficaRepositoryTest does not declare any static, non-private, non-final, nested classes annotated with @Configuration.
2026-06-15T17:03:59.902-04:00  INFO 436778 --- [core-sifa-test] [main] .b.t.c.SpringBootTestContextBootstrapper : Found @SpringBootConfiguration com.sifa.core_sifa.CoreSifaApplication for test class com.sifa.core_sifa.repository.IEvidenciaFotograficaRepositoryTest
2026-06-15T17:04:00.492-04:00  INFO 436778 --- [core-sifa-test] [SpringApplicationShutdownHook] j.LocalContainerEntityManagerFactoryBean : Closing JPA EntityManagerFactory for persistence unit 'default'
2026-06-15T17:04:00.505-04:00  INFO 436778 --- [core-sifa-test] [SpringApplicationShutdownHook] com.zaxxer.hikari.HikariDataSource       : HikariPool-1 - Shutdown initiated...
2026-06-15T17:04:00.507-04:00  INFO 436778 --- [core-sifa-test] [SpringApplicationShutdownHook] com.zaxxer.hikari.HikariDataSource       : HikariPool-1 - Shutdown completed.
2026-06-15T17:04:57.191-04:00  INFO 438454 --- [core-sifa-test] [main] c.s.c.i.InfraccionFlowIntegrationTest    : Starting InfraccionFlowIntegrationTest using Java 21.0.11 with PID 438454 (started by andres-ortega in /home/andres-ortega/Escritorio/proyects/core-sifa)
2026-06-15T17:04:57.194-04:00  INFO 438454 --- [core-sifa-test] [main] c.s.c.i.InfraccionFlowIntegrationTest    : The following 2 profiles are active: "test", "dev"
2026-06-15T17:04:59.110-04:00  INFO 438454 --- [core-sifa-test] [main] .s.d.r.c.RepositoryConfigurationDelegate : Bootstrapping Spring Data JPA repositories in DEFAULT mode.
2026-06-15T17:04:59.267-04:00  INFO 438454 --- [core-sifa-test] [main] .s.d.r.c.RepositoryConfigurationDelegate : Finished Spring Data repository scanning in 134 ms. Found 10 JPA repository interfaces.
2026-06-15T17:05:03.433-04:00  INFO 438454 --- [core-sifa-test] [main] o.hibernate.jpa.internal.util.LogHelper  : HHH000204: Processing PersistenceUnitInfo [name: default]
2026-06-15T17:05:03.641-04:00  INFO 438454 --- [core-sifa-test] [main] org.hibernate.Version                    : HHH000412: Hibernate ORM core version 6.6.8.Final
2026-06-15T17:05:03.769-04:00  INFO 438454 --- [core-sifa-test] [main] o.h.c.internal.RegionFactoryInitiator    : HHH000026: Second-level cache disabled
2026-06-15T17:05:04.250-04:00  INFO 438454 --- [core-sifa-test] [main] o.s.o.j.p.SpringPersistenceUnitInfo      : No LoadTimeWeaver setup: ignoring JPA class transformer
2026-06-15T17:05:04.350-04:00  INFO 438454 --- [core-sifa-test] [main] com.zaxxer.hikari.HikariDataSource       : HikariPool-1 - Starting...
2026-06-15T17:05:05.146-04:00  INFO 438454 --- [core-sifa-test] [main] com.zaxxer.hikari.pool.HikariPool        : HikariPool-1 - Added connection conn0: url=jdbc:h2:mem:testdb user=SA
2026-06-15T17:05:05.151-04:00  INFO 438454 --- [core-sifa-test] [main] com.zaxxer.hikari.HikariDataSource       : HikariPool-1 - Start completed.
2026-06-15T17:05:05.216-04:00  WARN 438454 --- [core-sifa-test] [main] org.hibernate.orm.deprecation            : HHH90000025: H2Dialect does not need to be specified explicitly using 'hibernate.dialect' (remove the property setting and it will be selected by default)
2026-06-15T17:05:05.284-04:00  INFO 438454 --- [core-sifa-test] [main] org.hibernate.orm.connections.pooling    : HHH10001005: Database info:
	Database JDBC URL [Connecting through datasource 'HikariDataSource (HikariPool-1)']
	Database driver: undefined/unknown
	Database version: 2.3.232
	Autocommit mode: undefined/unknown
	Isolation level: undefined/unknown
	Minimum pool size: undefined/unknown
	Maximum pool size: undefined/unknown
2026-06-15T17:05:08.401-04:00  INFO 438454 --- [core-sifa-test] [main] o.h.e.t.j.p.i.JtaPlatformInitiator       : HHH000489: No JTA platform available (set 'hibernate.transaction.jta.platform' to enable JTA platform integration)
2026-06-15T17:05:08.558-04:00  INFO 438454 --- [core-sifa-test] [main] j.LocalContainerEntityManagerFactoryBean : Initialized JPA EntityManagerFactory for persistence unit 'default'
2026-06-15T17:05:09.267-04:00  INFO 438454 --- [core-sifa-test] [main] o.s.d.j.r.query.QueryEnhancerFactory     : Hibernate is in classpath; If applicable, HQL parser will be used.
2026-06-15T17:05:14.815-04:00  WARN 438454 --- [core-sifa-test] [main] JpaBaseConfiguration$JpaWebConfiguration : spring.jpa.open-in-view is enabled by default. Therefore, database queries may be performed during view rendering. Explicitly configure spring.jpa.open-in-view to disable this warning
2026-06-15T17:05:14.862-04:00  WARN 438454 --- [core-sifa-test] [main] .s.s.UserDetailsServiceAutoConfiguration : 

Using generated security password: e742f778-adff-42ec-8e5d-3b4f8e61499a

This generated password is for development use only. Your security configuration must be updated before running your application in production.

2026-06-15T17:05:14.902-04:00  INFO 438454 --- [core-sifa-test] [main] r$InitializeUserDetailsManagerConfigurer : Global AuthenticationManager configured with UserDetailsService bean with name inMemoryUserDetailsManager
2026-06-15T17:05:16.481-04:00  INFO 438454 --- [core-sifa-test] [main] c.s.c.i.InfraccionFlowIntegrationTest    : Started InfraccionFlowIntegrationTest in 20.075 seconds (process running for 23.026)
2026-06-15T17:05:16.486-04:00  INFO 438454 --- [core-sifa-test] [main] c.s.c.config.DataInitializerConfig       : ========================================================
2026-06-15T17:05:16.486-04:00  INFO 438454 --- [core-sifa-test] [main] c.s.c.config.DataInitializerConfig       : Verificando e inicializando Dataset de prueba en MySQL...
2026-06-15T17:05:16.715-04:00  INFO 438454 --- [core-sifa-test] [main] c.s.c.config.DataInitializerConfig       : [+] Tipo de Infracción 'Mal Estacionado' registrado.
2026-06-15T17:05:16.769-04:00  INFO 438454 --- [core-sifa-test] [main] c.s.c.config.DataInitializerConfig       : [+] Propietario RUT 9330521-3 registrado exitosamente.
2026-06-15T17:05:16.820-04:00  INFO 438454 --- [core-sifa-test] [main] c.s.c.config.DataInitializerConfig       : [+] Vehículo patente TZPW11 (Subaru Outback) registrado y enlazado al RUT 9330521-3.
2026-06-15T17:05:16.821-04:00  INFO 438454 --- [core-sifa-test] [main] c.s.c.config.DataInitializerConfig       : Dataset inicial revisado y/o cargado correctamente.
2026-06-15T17:05:16.821-04:00  INFO 438454 --- [core-sifa-test] [main] c.s.c.config.DataInitializerConfig       : ========================================================
2026-06-15T17:05:16.966-04:00  INFO 438454 --- [core-sifa-test] [main] c.s.c.s.i.InfraccionServiceImpl          : Iniciando creación de infracción para patente: INTG11
2026-06-15T17:05:16.972-04:00  INFO 438454 --- [core-sifa-test] [main] c.s.c.s.storage.MockStorageServiceImpl   : MOCK STORAGE -> Archivo simulado: https://mock.sifa.cl/INTG11_1.jpg
2026-06-15T17:05:16.973-04:00  INFO 438454 --- [core-sifa-test] [main] c.s.c.s.storage.MockStorageServiceImpl   : MOCK STORAGE -> Archivo simulado: https://mock.sifa.cl/INTG11_2.jpg
2026-06-15T17:05:16.981-04:00  INFO 438454 --- [core-sifa-test] [main] c.s.c.s.i.InfraccionServiceImpl          : Infracción creada exitosamente con ID: 1
2026-06-15T17:05:16.982-04:00  INFO 438454 --- [core-sifa-test] [main] c.s.core_sifa.service.CitacionService    : Creando citación para la infracción ID: 1
2026-06-15T17:05:16.987-04:00  INFO 438454 --- [core-sifa-test] [main] c.s.core_sifa.service.CitacionService    : Citación ID 1 creada exitosamente
2026-06-15T17:05:16.993-04:00  INFO 438454 --- [core-sifa-test] [main] c.s.c.s.i.InfraccionServiceImpl          : [+] Citación empadronada gatillada y enlazada automáticamente en la transacción.
2026-06-15T17:05:17.101-04:00  INFO 438454 --- [core-sifa-test] [main] c.s.c.s.i.InfraccionServiceImpl          : Buscando infraccion con id: 1
2026-06-15T17:05:17.114-04:00  INFO 438454 --- [core-sifa-test] [main] c.s.c.s.i.InfraccionServiceImpl          : Administrativo JPL jpl@test.cl procesando infracción ID: 1
2026-06-15T17:05:17.118-04:00  INFO 438454 --- [core-sifa-test] [main] c.s.c.s.i.InfraccionServiceImpl          : Infracción ID: 1 procesada exitosamente con estado: APROBADA
2026-06-15T17:05:17.165-04:00  INFO 438454 --- [core-sifa-test] [main] c.s.c.s.audits.AuditLogServiceImpl       : Auditoría guardada exitosamente | Usuario: jpl@test.cl | Acción: PROCESAR_INFRACCION
2026-06-15T17:05:17.241-04:00  INFO 438454 --- [core-sifa-test] [main] t.c.s.AnnotationConfigContextLoaderUtils : Could not detect default configuration classes for test class [com.sifa.core_sifa.controller.TipoInfraccionControllerTest]: TipoInfraccionControllerTest does not declare any static, non-private, non-final, nested classes annotated with @Configuration.
2026-06-15T17:05:17.313-04:00  INFO 438454 --- [core-sifa-test] [main] .b.t.c.SpringBootTestContextBootstrapper : Found @SpringBootConfiguration com.sifa.core_sifa.CoreSifaApplication for test class com.sifa.core_sifa.controller.TipoInfraccionControllerTest
2026-06-15T17:05:17.395-04:00  INFO 438454 --- [core-sifa-test] [main] c.s.c.c.TipoInfraccionControllerTest     : Starting TipoInfraccionControllerTest using Java 21.0.11 with PID 438454 (started by andres-ortega in /home/andres-ortega/Escritorio/proyects/core-sifa)
2026-06-15T17:05:17.396-04:00  INFO 438454 --- [core-sifa-test] [main] c.s.c.c.TipoInfraccionControllerTest     : The following 1 profile is active: "test"
2026-06-15T17:05:17.869-04:00  WARN 438454 --- [core-sifa-test] [main] .s.s.UserDetailsServiceAutoConfiguration : 

Using generated security password: 1a7c38cd-e352-4ba4-9373-80f12a0eac2b

This generated password is for development use only. Your security configuration must be updated before running your application in production.

2026-06-15T17:05:17.871-04:00  INFO 438454 --- [core-sifa-test] [main] r$InitializeUserDetailsManagerConfigurer : Global AuthenticationManager configured with UserDetailsService bean with name inMemoryUserDetailsManager
2026-06-15T17:05:18.203-04:00  INFO 438454 --- [core-sifa-test] [main] o.s.b.t.m.w.SpringBootMockServletContext : Initializing Spring TestDispatcherServlet ''
2026-06-15T17:05:18.203-04:00  INFO 438454 --- [core-sifa-test] [main] o.s.t.web.servlet.TestDispatcherServlet  : Initializing Servlet ''
2026-06-15T17:05:18.205-04:00  INFO 438454 --- [core-sifa-test] [main] o.s.t.web.servlet.TestDispatcherServlet  : Completed initialization in 2 ms
2026-06-15T17:05:18.227-04:00  INFO 438454 --- [core-sifa-test] [main] c.s.c.c.TipoInfraccionControllerTest     : Started TipoInfraccionControllerTest in 0.906 seconds (process running for 24.772)
2026-06-15T17:05:18.600-04:00  INFO 438454 --- [core-sifa-test] [main] c.s.c.c.TipoInfraccionController         : Creando tipo de infracción
2026-06-15T17:05:18.618-04:00  INFO 438454 --- [core-sifa-test] [main] c.s.c.c.TipoInfraccionController         : Obteniendo tipos de infracción paginados - página: 0, tamaño: 10
2026-06-15T17:05:18.627-04:00  WARN 438454 --- [core-sifa-test] [main] ration$PageModule$WarningLoggingModifier : Serializing PageImpl instances as-is is not supported, meaning that there is no guarantee about the stability of the resulting JSON structure!
	For a stable JSON structure, please use Spring Data's PagedModel (globally via @EnableSpringDataWebSupport(pageSerializationMode = VIA_DTO))
	or Spring HATEOAS and Spring Data's PagedResourcesAssembler as documented in https://docs.spring.io/spring-data/commons/reference/repositories/core-extensions.html#core.web.pageables.

2026-06-15T17:05:18.663-04:00  INFO 438454 --- [core-sifa-test] [main] c.s.c.c.TipoInfraccionController         : Eliminando (deshabilitando) tipo de infracción con id 1
2026-06-15T17:05:18.686-04:00  INFO 438454 --- [core-sifa-test] [main] c.s.c.c.TipoInfraccionController         : Actualizando tipo de infracción con id 1
2026-06-15T17:05:18.707-04:00  INFO 438454 --- [core-sifa-test] [main] t.c.s.AnnotationConfigContextLoaderUtils : Could not detect default configuration classes for test class [com.sifa.core_sifa.controller.CitacionControllerTest]: CitacionControllerTest does not declare any static, non-private, non-final, nested classes annotated with @Configuration.
2026-06-15T17:05:18.732-04:00  INFO 438454 --- [core-sifa-test] [main] .b.t.c.SpringBootTestContextBootstrapper : Found @SpringBootConfiguration com.sifa.core_sifa.CoreSifaApplication for test class com.sifa.core_sifa.controller.CitacionControllerTest
2026-06-15T17:05:18.790-04:00  INFO 438454 --- [core-sifa-test] [main] c.s.c.controller.CitacionControllerTest  : Starting CitacionControllerTest using Java 21.0.11 with PID 438454 (started by andres-ortega in /home/andres-ortega/Escritorio/proyects/core-sifa)
2026-06-15T17:05:18.791-04:00  INFO 438454 --- [core-sifa-test] [main] c.s.c.controller.CitacionControllerTest  : The following 1 profile is active: "test"
2026-06-15T17:05:19.202-04:00  WARN 438454 --- [core-sifa-test] [main] .s.s.UserDetailsServiceAutoConfiguration : 

Using generated security password: 70f56c4c-e4ae-480e-8c23-2bd591b49786

This generated password is for development use only. Your security configuration must be updated before running your application in production.

2026-06-15T17:05:19.203-04:00  INFO 438454 --- [core-sifa-test] [main] r$InitializeUserDetailsManagerConfigurer : Global AuthenticationManager configured with UserDetailsService bean with name inMemoryUserDetailsManager
2026-06-15T17:05:19.417-04:00  INFO 438454 --- [core-sifa-test] [main] o.s.b.t.m.w.SpringBootMockServletContext : Initializing Spring TestDispatcherServlet ''
2026-06-15T17:05:19.418-04:00  INFO 438454 --- [core-sifa-test] [main] o.s.t.web.servlet.TestDispatcherServlet  : Initializing Servlet ''
2026-06-15T17:05:19.419-04:00  INFO 438454 --- [core-sifa-test] [main] o.s.t.web.servlet.TestDispatcherServlet  : Completed initialization in 1 ms
2026-06-15T17:05:19.429-04:00  INFO 438454 --- [core-sifa-test] [main] c.s.c.controller.CitacionControllerTest  : Started CitacionControllerTest in 0.69 seconds (process running for 25.974)
2026-06-15T17:05:19.459-04:00  INFO 438454 --- [core-sifa-test] [main] c.s.c.controller.CitacionController      : Petición PUT para actualizar citación ID: 1 recibida. Administrativo: admin@sifa.cl
2026-06-15T17:05:19.487-04:00  INFO 438454 --- [core-sifa-test] [main] c.s.c.controller.CitacionController      : Petición GET para listar citaciones - page: 0, size: 10, startDate: null, endDate: null, search: null
2026-06-15T17:05:19.493-04:00  WARN 438454 --- [core-sifa-test] [main] ration$PageModule$WarningLoggingModifier : Serializing PageImpl instances as-is is not supported, meaning that there is no guarantee about the stability of the resulting JSON structure!
	For a stable JSON structure, please use Spring Data's PagedModel (globally via @EnableSpringDataWebSupport(pageSerializationMode = VIA_DTO))
	or Spring HATEOAS and Spring Data's PagedResourcesAssembler as documented in https://docs.spring.io/spring-data/commons/reference/repositories/core-extensions.html#core.web.pageables.

2026-06-15T17:05:19.528-04:00  INFO 438454 --- [core-sifa-test] [main] c.s.c.controller.CitacionController      : Petición GET para citación ID: 1
2026-06-15T17:05:19.543-04:00  INFO 438454 --- [core-sifa-test] [main] t.c.s.AnnotationConfigContextLoaderUtils : Could not detect default configuration classes for test class [com.sifa.core_sifa.controller.NotificationLogControllerTest]: NotificationLogControllerTest does not declare any static, non-private, non-final, nested classes annotated with @Configuration.
2026-06-15T17:05:19.572-04:00  INFO 438454 --- [core-sifa-test] [main] .b.t.c.SpringBootTestContextBootstrapper : Found @SpringBootConfiguration com.sifa.core_sifa.CoreSifaApplication for test class com.sifa.core_sifa.controller.NotificationLogControllerTest
2026-06-15T17:05:19.624-04:00  INFO 438454 --- [core-sifa-test] [main] c.s.c.c.NotificationLogControllerTest    : Starting NotificationLogControllerTest using Java 21.0.11 with PID 438454 (started by andres-ortega in /home/andres-ortega/Escritorio/proyects/core-sifa)
2026-06-15T17:05:19.625-04:00  INFO 438454 --- [core-sifa-test] [main] c.s.c.c.NotificationLogControllerTest    : The following 1 profile is active: "test"
2026-06-15T17:05:20.001-04:00  WARN 438454 --- [core-sifa-test] [main] .s.s.UserDetailsServiceAutoConfiguration : 

Using generated security password: 1c4cfac8-8c73-4c4b-81b6-ea5313eda82a

This generated password is for development use only. Your security configuration must be updated before running your application in production.

2026-06-15T17:05:20.002-04:00  INFO 438454 --- [core-sifa-test] [main] r$InitializeUserDetailsManagerConfigurer : Global AuthenticationManager configured with UserDetailsService bean with name inMemoryUserDetailsManager
2026-06-15T17:05:20.205-04:00  INFO 438454 --- [core-sifa-test] [main] o.s.b.t.m.w.SpringBootMockServletContext : Initializing Spring TestDispatcherServlet ''
2026-06-15T17:05:20.206-04:00  INFO 438454 --- [core-sifa-test] [main] o.s.t.web.servlet.TestDispatcherServlet  : Initializing Servlet ''
2026-06-15T17:05:20.206-04:00  INFO 438454 --- [core-sifa-test] [main] o.s.t.web.servlet.TestDispatcherServlet  : Completed initialization in 0 ms
2026-06-15T17:05:20.215-04:00  INFO 438454 --- [core-sifa-test] [main] c.s.c.c.NotificationLogControllerTest    : Started NotificationLogControllerTest in 0.636 seconds (process running for 26.76)
2026-06-15T17:05:20.235-04:00  WARN 438454 --- [core-sifa-test] [main] ration$PageModule$WarningLoggingModifier : Serializing PageImpl instances as-is is not supported, meaning that there is no guarantee about the stability of the resulting JSON structure!
	For a stable JSON structure, please use Spring Data's PagedModel (globally via @EnableSpringDataWebSupport(pageSerializationMode = VIA_DTO))
	or Spring HATEOAS and Spring Data's PagedResourcesAssembler as documented in https://docs.spring.io/spring-data/commons/reference/repositories/core-extensions.html#core.web.pageables.

2026-06-15T17:05:20.295-04:00  INFO 438454 --- [core-sifa-test] [main] t.c.s.AnnotationConfigContextLoaderUtils : Could not detect default configuration classes for test class [com.sifa.core_sifa.controller.DeviceTokenControllerTest]: DeviceTokenControllerTest does not declare any static, non-private, non-final, nested classes annotated with @Configuration.
2026-06-15T17:05:20.309-04:00  INFO 438454 --- [core-sifa-test] [main] .b.t.c.SpringBootTestContextBootstrapper : Found @SpringBootConfiguration com.sifa.core_sifa.CoreSifaApplication for test class com.sifa.core_sifa.controller.DeviceTokenControllerTest
2026-06-15T17:05:20.344-04:00  INFO 438454 --- [core-sifa-test] [main] c.s.c.c.DeviceTokenControllerTest        : Starting DeviceTokenControllerTest using Java 21.0.11 with PID 438454 (started by andres-ortega in /home/andres-ortega/Escritorio/proyects/core-sifa)
2026-06-15T17:05:20.345-04:00  INFO 438454 --- [core-sifa-test] [main] c.s.c.c.DeviceTokenControllerTest        : The following 1 profile is active: "test"
2026-06-15T17:05:20.738-04:00  WARN 438454 --- [core-sifa-test] [main] .s.s.UserDetailsServiceAutoConfiguration : 

Using generated security password: b4f004fe-6c8a-430b-ac41-9f43b6b290d2

This generated password is for development use only. Your security configuration must be updated before running your application in production.

2026-06-15T17:05:20.740-04:00  INFO 438454 --- [core-sifa-test] [main] r$InitializeUserDetailsManagerConfigurer : Global AuthenticationManager configured with UserDetailsService bean with name inMemoryUserDetailsManager
2026-06-15T17:05:20.997-04:00  INFO 438454 --- [core-sifa-test] [main] o.s.b.t.m.w.SpringBootMockServletContext : Initializing Spring TestDispatcherServlet ''
2026-06-15T17:05:20.997-04:00  INFO 438454 --- [core-sifa-test] [main] o.s.t.web.servlet.TestDispatcherServlet  : Initializing Servlet ''
2026-06-15T17:05:20.998-04:00  INFO 438454 --- [core-sifa-test] [main] o.s.t.web.servlet.TestDispatcherServlet  : Completed initialization in 1 ms
2026-06-15T17:05:21.006-04:00  INFO 438454 --- [core-sifa-test] [main] c.s.c.c.DeviceTokenControllerTest        : Started DeviceTokenControllerTest in 0.692 seconds (process running for 27.551)
2026-06-15T17:05:21.107-04:00  INFO 438454 --- [core-sifa-test] [main] t.c.s.AnnotationConfigContextLoaderUtils : Could not detect default configuration classes for test class [com.sifa.core_sifa.controller.FiscalizadorPresenciaControllerTest]: FiscalizadorPresenciaControllerTest does not declare any static, non-private, non-final, nested classes annotated with @Configuration.
2026-06-15T17:05:21.120-04:00  INFO 438454 --- [core-sifa-test] [main] .b.t.c.SpringBootTestContextBootstrapper : Found @SpringBootConfiguration com.sifa.core_sifa.CoreSifaApplication for test class com.sifa.core_sifa.controller.FiscalizadorPresenciaControllerTest
2026-06-15T17:05:21.156-04:00  INFO 438454 --- [core-sifa-test] [main] .c.c.FiscalizadorPresenciaControllerTest : Starting FiscalizadorPresenciaControllerTest using Java 21.0.11 with PID 438454 (started by andres-ortega in /home/andres-ortega/Escritorio/proyects/core-sifa)
2026-06-15T17:05:21.156-04:00  INFO 438454 --- [core-sifa-test] [main] .c.c.FiscalizadorPresenciaControllerTest : The following 1 profile is active: "test"
2026-06-15T17:05:21.435-04:00  WARN 438454 --- [core-sifa-test] [main] .s.s.UserDetailsServiceAutoConfiguration : 

Using generated security password: 5ba290ff-5481-44ed-b1e6-1feef4d20590

This generated password is for development use only. Your security configuration must be updated before running your application in production.

2026-06-15T17:05:21.437-04:00  INFO 438454 --- [core-sifa-test] [main] r$InitializeUserDetailsManagerConfigurer : Global AuthenticationManager configured with UserDetailsService bean with name inMemoryUserDetailsManager
2026-06-15T17:05:21.598-04:00  INFO 438454 --- [core-sifa-test] [main] o.s.b.t.m.w.SpringBootMockServletContext : Initializing Spring TestDispatcherServlet ''
2026-06-15T17:05:21.599-04:00  INFO 438454 --- [core-sifa-test] [main] o.s.t.web.servlet.TestDispatcherServlet  : Initializing Servlet ''
2026-06-15T17:05:21.600-04:00  INFO 438454 --- [core-sifa-test] [main] o.s.t.web.servlet.TestDispatcherServlet  : Completed initialization in 1 ms
2026-06-15T17:05:21.612-04:00  INFO 438454 --- [core-sifa-test] [main] .c.c.FiscalizadorPresenciaControllerTest : Started FiscalizadorPresenciaControllerTest in 0.488 seconds (process running for 28.157)
2026-06-15T17:05:21.695-04:00  WARN 438454 --- [core-sifa-test] [main] ration$PageModule$WarningLoggingModifier : Serializing PageImpl instances as-is is not supported, meaning that there is no guarantee about the stability of the resulting JSON structure!
	For a stable JSON structure, please use Spring Data's PagedModel (globally via @EnableSpringDataWebSupport(pageSerializationMode = VIA_DTO))
	or Spring HATEOAS and Spring Data's PagedResourcesAssembler as documented in https://docs.spring.io/spring-data/commons/reference/repositories/core-extensions.html#core.web.pageables.

2026-06-15T17:05:21.723-04:00  INFO 438454 --- [core-sifa-test] [main] t.c.s.AnnotationConfigContextLoaderUtils : Could not detect default configuration classes for test class [com.sifa.core_sifa.controller.NotificationPushControllerTest]: NotificationPushControllerTest does not declare any static, non-private, non-final, nested classes annotated with @Configuration.
2026-06-15T17:05:21.734-04:00  INFO 438454 --- [core-sifa-test] [main] .b.t.c.SpringBootTestContextBootstrapper : Found @SpringBootConfiguration com.sifa.core_sifa.CoreSifaApplication for test class com.sifa.core_sifa.controller.NotificationPushControllerTest
2026-06-15T17:05:21.769-04:00  INFO 438454 --- [core-sifa-test] [main] c.s.c.c.NotificationPushControllerTest   : Starting NotificationPushControllerTest using Java 21.0.11 with PID 438454 (started by andres-ortega in /home/andres-ortega/Escritorio/proyects/core-sifa)
2026-06-15T17:05:21.769-04:00  INFO 438454 --- [core-sifa-test] [main] c.s.c.c.NotificationPushControllerTest   : The following 1 profile is active: "test"
2026-06-15T17:05:22.110-04:00  WARN 438454 --- [core-sifa-test] [main] .s.s.UserDetailsServiceAutoConfiguration : 

Using generated security password: e8c9b3ba-0c90-48ad-bb79-f7a1c04d55cc

This generated password is for development use only. Your security configuration must be updated before running your application in production.

2026-06-15T17:05:22.112-04:00  INFO 438454 --- [core-sifa-test] [main] r$InitializeUserDetailsManagerConfigurer : Global AuthenticationManager configured with UserDetailsService bean with name inMemoryUserDetailsManager
2026-06-15T17:05:22.308-04:00  INFO 438454 --- [core-sifa-test] [main] o.s.b.t.m.w.SpringBootMockServletContext : Initializing Spring TestDispatcherServlet ''
2026-06-15T17:05:22.308-04:00  INFO 438454 --- [core-sifa-test] [main] o.s.t.web.servlet.TestDispatcherServlet  : Initializing Servlet ''
2026-06-15T17:05:22.309-04:00  INFO 438454 --- [core-sifa-test] [main] o.s.t.web.servlet.TestDispatcherServlet  : Completed initialization in 1 ms
2026-06-15T17:05:22.320-04:00  INFO 438454 --- [core-sifa-test] [main] c.s.c.c.NotificationPushControllerTest   : Started NotificationPushControllerTest in 0.582 seconds (process running for 28.865)
2026-06-15T17:05:22.474-04:00  INFO 438454 --- [core-sifa-test] [main] t.c.s.AnnotationConfigContextLoaderUtils : Could not detect default configuration classes for test class [com.sifa.core_sifa.controller.InfraccionControllerTest]: InfraccionControllerTest does not declare any static, non-private, non-final, nested classes annotated with @Configuration.
2026-06-15T17:05:22.484-04:00  INFO 438454 --- [core-sifa-test] [main] .b.t.c.SpringBootTestContextBootstrapper : Found @SpringBootConfiguration com.sifa.core_sifa.CoreSifaApplication for test class com.sifa.core_sifa.controller.InfraccionControllerTest
2026-06-15T17:05:22.517-04:00  INFO 438454 --- [core-sifa-test] [main] c.s.c.c.InfraccionControllerTest         : Starting InfraccionControllerTest using Java 21.0.11 with PID 438454 (started by andres-ortega in /home/andres-ortega/Escritorio/proyects/core-sifa)
2026-06-15T17:05:22.517-04:00  INFO 438454 --- [core-sifa-test] [main] c.s.c.c.InfraccionControllerTest         : The following 1 profile is active: "test"
2026-06-15T17:05:22.815-04:00  WARN 438454 --- [core-sifa-test] [main] .s.s.UserDetailsServiceAutoConfiguration : 

Using generated security password: d843c9df-6114-4a6e-9529-f723866d32c6

This generated password is for development use only. Your security configuration must be updated before running your application in production.

2026-06-15T17:05:22.816-04:00  INFO 438454 --- [core-sifa-test] [main] r$InitializeUserDetailsManagerConfigurer : Global AuthenticationManager configured with UserDetailsService bean with name inMemoryUserDetailsManager
2026-06-15T17:05:22.978-04:00  INFO 438454 --- [core-sifa-test] [main] o.s.b.t.m.w.SpringBootMockServletContext : Initializing Spring TestDispatcherServlet ''
2026-06-15T17:05:22.978-04:00  INFO 438454 --- [core-sifa-test] [main] o.s.t.web.servlet.TestDispatcherServlet  : Initializing Servlet ''
2026-06-15T17:05:22.979-04:00  INFO 438454 --- [core-sifa-test] [main] o.s.t.web.servlet.TestDispatcherServlet  : Completed initialization in 1 ms
2026-06-15T17:05:22.989-04:00  INFO 438454 --- [core-sifa-test] [main] c.s.c.c.InfraccionControllerTest         : Started InfraccionControllerTest in 0.5 seconds (process running for 29.534)
2026-06-15T17:05:23.003-04:00  INFO 438454 --- [core-sifa-test] [main] c.s.c.controller.InfraccionController    : Petición PATCH recibida para actualizar estado de infracción ID: 1 a accepted
2026-06-15T17:05:23.027-04:00  INFO 438454 --- [core-sifa-test] [main] c.s.c.controller.InfraccionController    : Petición GET para estadísticas del Dashboard
2026-06-15T17:05:23.052-04:00  INFO 438454 --- [core-sifa-test] [main] c.s.c.controller.InfraccionController    : Obteniendo infracciones paginadas
2026-06-15T17:05:23.055-04:00  WARN 438454 --- [core-sifa-test] [main] ration$PageModule$WarningLoggingModifier : Serializing PageImpl instances as-is is not supported, meaning that there is no guarantee about the stability of the resulting JSON structure!
	For a stable JSON structure, please use Spring Data's PagedModel (globally via @EnableSpringDataWebSupport(pageSerializationMode = VIA_DTO))
	or Spring HATEOAS and Spring Data's PagedResourcesAssembler as documented in https://docs.spring.io/spring-data/commons/reference/repositories/core-extensions.html#core.web.pageables.

2026-06-15T17:05:23.084-04:00  INFO 438454 --- [core-sifa-test] [main] c.s.c.controller.InfraccionController    : Obteniendo infracciones paginadas
2026-06-15T17:05:23.110-04:00  INFO 438454 --- [core-sifa-test] [main] c.s.c.controller.InfraccionController    : Petición GET para reporte de productividad
2026-06-15T17:05:23.140-04:00  INFO 438454 --- [core-sifa-test] [main] c.s.c.controller.InfraccionController    : Petición para procesar infracción ID: 1 recibida. Administrativo JPL ID: jpl@test.cl
2026-06-15T17:05:23.160-04:00  INFO 438454 --- [core-sifa-test] [main] c.s.c.controller.InfraccionController    : Obteniendo resumen del reporte de infracciones
2026-06-15T17:05:23.181-04:00  INFO 438454 --- [core-sifa-test] [main] c.s.c.controller.InfraccionController    : Obteniendo infraccion con id: 1
2026-06-15T17:05:23.196-04:00  INFO 438454 --- [core-sifa-test] [main] c.s.c.controller.InfraccionController    : Obteniendo coordenadas de infracciones para el mapa de calor
2026-06-15T17:05:23.270-04:00  INFO 438454 --- [core-sifa-test] [main] c.s.c.controller.InfraccionController    : Petición de creación de infracción recibida desde el Gateway. Fiscalizador ID: fiscalizador@test.cl
2026-06-15T17:05:23.283-04:00  INFO 438454 --- [core-sifa-test] [main] t.c.s.AnnotationConfigContextLoaderUtils : Could not detect default configuration classes for test class [com.sifa.core_sifa.controller.AuditLogControllerTest]: AuditLogControllerTest does not declare any static, non-private, non-final, nested classes annotated with @Configuration.
2026-06-15T17:05:23.304-04:00  INFO 438454 --- [core-sifa-test] [main] .b.t.c.SpringBootTestContextBootstrapper : Found @SpringBootConfiguration com.sifa.core_sifa.CoreSifaApplication for test class com.sifa.core_sifa.controller.AuditLogControllerTest
2026-06-15T17:05:23.341-04:00  INFO 438454 --- [core-sifa-test] [main] c.s.c.controller.AuditLogControllerTest  : Starting AuditLogControllerTest using Java 21.0.11 with PID 438454 (started by andres-ortega in /home/andres-ortega/Escritorio/proyects/core-sifa)
2026-06-15T17:05:23.341-04:00  INFO 438454 --- [core-sifa-test] [main] c.s.c.controller.AuditLogControllerTest  : The following 1 profile is active: "test"
2026-06-15T17:05:23.668-04:00  WARN 438454 --- [core-sifa-test] [main] .s.s.UserDetailsServiceAutoConfiguration : 

Using generated security password: 513a174d-f5f6-4b73-a594-4f9328c66511

This generated password is for development use only. Your security configuration must be updated before running your application in production.

2026-06-15T17:05:23.670-04:00  INFO 438454 --- [core-sifa-test] [main] r$InitializeUserDetailsManagerConfigurer : Global AuthenticationManager configured with UserDetailsService bean with name inMemoryUserDetailsManager
2026-06-15T17:05:23.872-04:00  INFO 438454 --- [core-sifa-test] [main] o.s.b.t.m.w.SpringBootMockServletContext : Initializing Spring TestDispatcherServlet ''
2026-06-15T17:05:23.872-04:00  INFO 438454 --- [core-sifa-test] [main] o.s.t.web.servlet.TestDispatcherServlet  : Initializing Servlet ''
2026-06-15T17:05:23.873-04:00  INFO 438454 --- [core-sifa-test] [main] o.s.t.web.servlet.TestDispatcherServlet  : Completed initialization in 1 ms
2026-06-15T17:05:23.882-04:00  INFO 438454 --- [core-sifa-test] [main] c.s.c.controller.AuditLogControllerTest  : Started AuditLogControllerTest in 0.572 seconds (process running for 30.426)
2026-06-15T17:05:23.893-04:00  INFO 438454 --- [core-sifa-test] [main] c.s.c.controller.AuditLogController      : Obteniendo auditorias paginadas
2026-06-15T17:05:23.896-04:00  WARN 438454 --- [core-sifa-test] [main] ration$PageModule$WarningLoggingModifier : Serializing PageImpl instances as-is is not supported, meaning that there is no guarantee about the stability of the resulting JSON structure!
	For a stable JSON structure, please use Spring Data's PagedModel (globally via @EnableSpringDataWebSupport(pageSerializationMode = VIA_DTO))
	or Spring HATEOAS and Spring Data's PagedResourcesAssembler as documented in https://docs.spring.io/spring-data/commons/reference/repositories/core-extensions.html#core.web.pageables.

2026-06-15T17:05:23.924-04:00  INFO 438454 --- [core-sifa-test] [main] c.s.c.controller.AuditLogController      : Obteniendo auditorias paginadas
2026-06-15T17:05:23.968-04:00  INFO 438454 --- [core-sifa-test] [main] t.c.s.AnnotationConfigContextLoaderUtils : Could not detect default configuration classes for test class [com.sifa.core_sifa.controller.VehiculoControllerTest]: VehiculoControllerTest does not declare any static, non-private, non-final, nested classes annotated with @Configuration.
2026-06-15T17:05:23.988-04:00  INFO 438454 --- [core-sifa-test] [main] .b.t.c.SpringBootTestContextBootstrapper : Found @SpringBootConfiguration com.sifa.core_sifa.CoreSifaApplication for test class com.sifa.core_sifa.controller.VehiculoControllerTest
2026-06-15T17:05:24.019-04:00  INFO 438454 --- [core-sifa-test] [main] c.s.c.controller.VehiculoControllerTest  : Starting VehiculoControllerTest using Java 21.0.11 with PID 438454 (started by andres-ortega in /home/andres-ortega/Escritorio/proyects/core-sifa)
2026-06-15T17:05:24.020-04:00  INFO 438454 --- [core-sifa-test] [main] c.s.c.controller.VehiculoControllerTest  : The following 1 profile is active: "test"
2026-06-15T17:05:24.373-04:00  WARN 438454 --- [core-sifa-test] [main] .s.s.UserDetailsServiceAutoConfiguration : 

Using generated security password: 1f9b2648-e048-4d87-98b1-9ae9490ae02a

This generated password is for development use only. Your security configuration must be updated before running your application in production.

2026-06-15T17:05:24.375-04:00  INFO 438454 --- [core-sifa-test] [main] r$InitializeUserDetailsManagerConfigurer : Global AuthenticationManager configured with UserDetailsService bean with name inMemoryUserDetailsManager
2026-06-15T17:05:24.587-04:00  INFO 438454 --- [core-sifa-test] [main] o.s.b.t.m.w.SpringBootMockServletContext : Initializing Spring TestDispatcherServlet ''
2026-06-15T17:05:24.588-04:00  INFO 438454 --- [core-sifa-test] [main] o.s.t.web.servlet.TestDispatcherServlet  : Initializing Servlet ''
2026-06-15T17:05:24.588-04:00  INFO 438454 --- [core-sifa-test] [main] o.s.t.web.servlet.TestDispatcherServlet  : Completed initialization in 0 ms
2026-06-15T17:05:24.597-04:00  INFO 438454 --- [core-sifa-test] [main] c.s.c.controller.VehiculoControllerTest  : Started VehiculoControllerTest in 0.605 seconds (process running for 31.141)
2026-06-15T17:05:24.608-04:00  INFO 438454 --- [core-sifa-test] [main] c.s.c.controller.VehiculoController      : Obteniendo todos los vehículos
2026-06-15T17:05:24.629-04:00  INFO 438454 --- [core-sifa-test] [main] c.s.c.controller.VehiculoController      : Obteniendo vehiculo con id: ABCD12
2026-06-15T17:05:24.644-04:00  INFO 438454 --- [core-sifa-test] [main] c.s.c.controller.VehiculoController      : Obteniendo todos los vehículos
2026-06-15T17:05:25.166-04:00  INFO 438454 --- [core-sifa-test] [main] c.s.c.service.TipoInfraccionServiceImpl  : Creando tipo de infracción: Nuevo Tipo
2026-06-15T17:05:25.171-04:00  INFO 438454 --- [core-sifa-test] [main] c.s.c.service.TipoInfraccionServiceImpl  : Buscando tipo de infracción con id: 1
2026-06-15T17:05:25.179-04:00  INFO 438454 --- [core-sifa-test] [main] c.s.c.service.TipoInfraccionServiceImpl  : Buscando tipo de infracción con id: 99
2026-06-15T17:05:25.186-04:00  INFO 438454 --- [core-sifa-test] [main] c.s.c.service.TipoInfraccionServiceImpl  : Deshabilitando tipo de infracción con id: 1
2026-06-15T17:05:25.193-04:00  INFO 438454 --- [core-sifa-test] [main] c.s.c.service.TipoInfraccionServiceImpl  : Deshabilitando tipo de infracción con id: 99
2026-06-15T17:05:25.201-04:00  INFO 438454 --- [core-sifa-test] [main] c.s.c.service.TipoInfraccionServiceImpl  : Actualizando tipo de infracción con id: 1
2026-06-15T17:05:25.206-04:00  INFO 438454 --- [core-sifa-test] [main] c.s.c.service.TipoInfraccionServiceImpl  : Listando todos los tipos de infracción
2026-06-15T17:05:25.212-04:00  INFO 438454 --- [core-sifa-test] [main] c.s.c.service.TipoInfraccionServiceImpl  : Listando tipos de infracción paginados - página: 0, tamaño: 10
2026-06-15T17:05:25.221-04:00  INFO 438454 --- [core-sifa-test] [main] c.s.c.s.device.DeviceMaintenanceService  : Running device status cleanup...
2026-06-15T17:05:25.222-04:00  INFO 438454 --- [core-sifa-test] [main] c.s.c.s.device.DeviceMaintenanceService  : Device cleanup completed: 5 devices affected
2026-06-15T17:05:25.225-04:00  INFO 438454 --- [core-sifa-test] [main] c.s.c.s.device.DeviceMaintenanceService  : Running device status cleanup...
2026-06-15T17:05:25.366-04:00  INFO 438454 --- [core-sifa-test] [main] c.s.c.s.device.DeviceTokenServiceImpl    : Sending notification to all 1 registered devices
2026-06-15T17:05:25.367-04:00 ERROR 438454 --- [core-sifa-test] [main] c.s.c.s.device.DeviceTokenServiceImpl    : Failed to send notification to device bad-token (user: u1@test.cl): Firebase error
2026-06-15T17:05:25.367-04:00  INFO 438454 --- [core-sifa-test] [main] c.s.c.s.device.DeviceTokenServiceImpl    : Notification sent to 0/1 devices
2026-06-15T17:05:25.373-04:00  INFO 438454 --- [core-sifa-test] [main] c.s.c.s.device.DeviceTokenServiceImpl    : Sending notification to 2 outdated devices (current version: 2.0.0)
2026-06-15T17:05:25.373-04:00  INFO 438454 --- [core-sifa-test] [main] c.s.c.s.device.DeviceTokenServiceImpl    : Notification sent to 2/2 devices
2026-06-15T17:05:25.382-04:00  INFO 438454 --- [core-sifa-test] [main] c.s.c.s.device.DeviceTokenServiceImpl    : Cleanup: marked 3 devices as INACTIVE
2026-06-15T17:05:25.386-04:00  INFO 438454 --- [core-sifa-test] [main] c.s.c.s.device.DeviceTokenServiceImpl    : Registrando dispositivo para usuario: user@test.cl, platform: ANDROID, appVersion: unknown
2026-06-15T17:05:25.386-04:00  INFO 438454 --- [core-sifa-test] [main] c.s.c.s.device.DeviceTokenServiceImpl    : Nuevo dispositivo registrado para: user@test.cl
2026-06-15T17:05:25.391-04:00  WARN 438454 --- [core-sifa-test] [main] c.s.c.s.device.DeviceTokenServiceImpl    : Auto-registrado nuevo DeviceToken null para usuario user@test.cl desde heartbeat (fcmToken provisto)
2026-06-15T17:05:25.395-04:00  INFO 438454 --- [core-sifa-test] [main] c.s.c.s.device.DeviceTokenServiceImpl    : Registrando dispositivo para usuario: user@test.cl, platform: IOS, appVersion: unknown
2026-06-15T17:05:25.395-04:00  INFO 438454 --- [core-sifa-test] [main] c.s.c.s.device.DeviceTokenServiceImpl    : Eliminados 1 token(s) antiguo(s) para: user@test.cl
2026-06-15T17:05:25.396-04:00  INFO 438454 --- [core-sifa-test] [main] c.s.c.s.device.DeviceTokenServiceImpl    : Nuevo dispositivo registrado para: user@test.cl
2026-06-15T17:05:25.402-04:00  INFO 438454 --- [core-sifa-test] [main] c.s.c.s.device.DeviceTokenServiceImpl    : No registered devices found for platform: IOS
2026-06-15T17:05:25.405-04:00  INFO 438454 --- [core-sifa-test] [main] c.s.c.s.device.DeviceTokenServiceImpl    : Sending notification to 1 devices on platform: ANDROID
2026-06-15T17:05:25.405-04:00  INFO 438454 --- [core-sifa-test] [main] c.s.c.s.device.DeviceTokenServiceImpl    : Notification sent to 1/1 devices
2026-06-15T17:05:25.409-04:00  INFO 438454 --- [core-sifa-test] [main] c.s.c.s.device.DeviceTokenServiceImpl    : No outdated devices found (current version: 2.0.0)
2026-06-15T17:05:25.414-04:00  INFO 438454 --- [core-sifa-test] [main] c.s.c.s.device.DeviceTokenServiceImpl    : Sending notification to all 1 registered devices
2026-06-15T17:05:25.414-04:00  INFO 438454 --- [core-sifa-test] [main] c.s.c.s.device.DeviceTokenServiceImpl    : Notification sent to 1/1 devices
2026-06-15T17:05:25.419-04:00  INFO 438454 --- [core-sifa-test] [main] c.s.c.s.device.DeviceTokenServiceImpl    : Sending notification to 1 selected devices
2026-06-15T17:05:25.419-04:00  INFO 438454 --- [core-sifa-test] [main] c.s.c.s.device.DeviceTokenServiceImpl    : Notification sent to 1/1 devices
2026-06-15T17:05:25.425-04:00  INFO 438454 --- [core-sifa-test] [main] c.s.c.s.device.DeviceTokenServiceImpl    : No devices found for the given IDs
2026-06-15T17:05:25.431-04:00  INFO 438454 --- [core-sifa-test] [main] c.s.c.s.device.DeviceTokenServiceImpl    : No registered devices found
2026-06-15T17:05:25.435-04:00  INFO 438454 --- [core-sifa-test] [main] c.s.c.s.device.DeviceTokenServiceImpl    : Registrando dispositivo para usuario: user@test.cl, platform: ANDROID, appVersion: 2.0.0
2026-06-15T17:05:25.437-04:00  INFO 438454 --- [core-sifa-test] [main] c.s.c.s.device.DeviceTokenServiceImpl    : Token existente actualizado para: user@test.cl
2026-06-15T17:05:25.442-04:00  INFO 438454 --- [core-sifa-test] [main] c.s.c.s.device.DeviceTokenServiceImpl    : Linked deviceId device-456 to token 2 (user: user@test.cl)
2026-06-15T17:05:25.448-04:00  WARN 438454 --- [core-sifa-test] [main] c.s.c.s.device.DeviceTokenServiceImpl    : Heartbeat recibido para usuario user@test.cl (deviceId device-000) pero NO existe DeviceToken ni se puede crear (falta fcmToken). El dispositivo NO recibirá notificaciones push hasta que la app móvil registre su FCM token.
2026-06-15T17:05:25.801-04:00  INFO 438454 --- [core-sifa-test] [main] c.s.c.s.i.InfraccionServiceImpl          : Buscando infracciones por patente: ABCD12
2026-06-15T17:05:25.805-04:00  INFO 438454 --- [core-sifa-test] [main] c.s.c.s.i.InfraccionServiceImpl          : Buscando infraccion con id: 1
2026-06-15T17:05:25.810-04:00  INFO 438454 --- [core-sifa-test] [main] c.s.c.s.i.InfraccionServiceImpl          : Administrativo JPL jpl@test.cl procesando infracción ID: 1
2026-06-15T17:05:25.814-04:00  INFO 438454 --- [core-sifa-test] [main] c.s.c.s.i.InfraccionServiceImpl          : Administrativo JPL jpl@test.cl procesando infracción ID: 1
2026-06-15T17:05:25.820-04:00  INFO 438454 --- [core-sifa-test] [main] c.s.c.s.i.InfraccionServiceImpl          : Administrativo JPL jpl@test.cl procesando infracción ID: 1
2026-06-15T17:05:25.820-04:00  INFO 438454 --- [core-sifa-test] [main] c.s.c.s.i.InfraccionServiceImpl          : Infracción ID: 1 procesada exitosamente con estado: APROBADA
2026-06-15T17:05:25.830-04:00  INFO 438454 --- [core-sifa-test] [main] c.s.c.s.i.InfraccionServiceImpl          : Generando reporte de productividad de fiscalizadores
2026-06-15T17:05:25.835-04:00  INFO 438454 --- [core-sifa-test] [main] c.s.c.s.i.InfraccionServiceImpl          : Buscando infraccion con id: 99
2026-06-15T17:05:25.841-04:00  INFO 438454 --- [core-sifa-test] [main] c.s.c.s.i.InfraccionServiceImpl          : Iniciando creación de infracción para patente: ABCD12
2026-06-15T17:05:25.847-04:00  INFO 438454 --- [core-sifa-test] [main] c.s.c.s.i.InfraccionServiceImpl          : Generando estadísticas del Dashboard
2026-06-15T17:05:25.850-04:00  INFO 438454 --- [core-sifa-test] [main] c.s.c.s.i.InfraccionServiceImpl          : Iniciando creación de infracción para patente: ABCD12
2026-06-15T17:05:25.854-04:00  INFO 438454 --- [core-sifa-test] [main] c.s.c.s.i.InfraccionServiceImpl          : Generando reporte de productividad de fiscalizadores
2026-06-15T17:05:25.965-04:00  INFO 438454 --- [core-sifa-test] [main] c.s.c.s.i.InfraccionServiceImpl          : Iniciando creación de infracción para patente: ABCD12
2026-06-15T17:05:25.966-04:00  INFO 438454 --- [core-sifa-test] [main] c.s.c.s.i.InfraccionServiceImpl          : Infracción creada exitosamente con ID: 1
2026-06-15T17:05:25.967-04:00  INFO 438454 --- [core-sifa-test] [main] c.s.c.s.i.InfraccionServiceImpl          : [+] Citación empadronada gatillada y enlazada automáticamente en la transacción.
2026-06-15T17:05:25.972-04:00  INFO 438454 --- [core-sifa-test] [main] c.s.c.s.i.InfraccionServiceImpl          : Buscando infracciones por id Fiscalizador: fiscalizador@test.cl
2026-06-15T17:05:25.977-04:00  INFO 438454 --- [core-sifa-test] [main] c.s.c.s.i.InfraccionServiceImpl          : Editando infracción ID: 1
2026-06-15T17:05:25.983-04:00  INFO 438454 --- [core-sifa-test] [main] c.s.c.s.i.InfraccionServiceImpl          : Listando todas las infracciones
2026-06-15T17:05:25.994-04:00  INFO 438454 --- [core-sifa-test] [main] c.s.core_sifa.service.VehiculoService    : Listando todos los vehículos
2026-06-15T17:05:26.000-04:00  INFO 438454 --- [core-sifa-test] [main] c.s.core_sifa.service.VehiculoService    : Buscando vehículo con id: ABCD12
2026-06-15T17:05:26.008-04:00  INFO 438454 --- [core-sifa-test] [main] c.s.core_sifa.service.VehiculoService    : Buscando vehículo con id: INVALID
2026-06-15T17:05:26.160-04:00  INFO 438454 --- [core-sifa-test] [main] c.s.c.s.FiscalizadorPresenciaService     : Recibiendo latido de presencia de: fiscalizador@test.cl
2026-06-15T17:05:26.351-04:00  INFO 438454 --- [core-sifa-test] [main] c.s.c.service.push.FirebasePushService   : Push notification sent successfully. MessageId: message-id-123, Token: valid-token...
2026-06-15T17:05:26.568-04:00  INFO 438454 --- [core-sifa-test] [main] c.s.core_sifa.service.CitacionService    : Administrativo jpl@test.cl actualizando citación 1.
2026-06-15T17:05:26.569-04:00  INFO 438454 --- [core-sifa-test] [main] c.s.core_sifa.service.CitacionService    : Citacion actualizada exitosamente con ID 1
2026-06-15T17:05:26.573-04:00  INFO 438454 --- [core-sifa-test] [main] c.s.core_sifa.service.CitacionService    : Creando citación para la infracción ID: 1
2026-06-15T17:05:26.576-04:00  INFO 438454 --- [core-sifa-test] [main] c.s.core_sifa.service.CitacionService    : Buscando citación con ID: 1
2026-06-15T17:05:26.579-04:00  INFO 438454 --- [core-sifa-test] [main] c.s.core_sifa.service.CitacionService    : Administrativo jpl@test.cl actualizando citación 99.
2026-06-15T17:05:26.582-04:00  INFO 438454 --- [core-sifa-test] [main] c.s.core_sifa.service.CitacionService    : Listando citaciones con filtros - startDate: null, endDate: null, search: null
2026-06-15T17:05:26.586-04:00  INFO 438454 --- [core-sifa-test] [main] c.s.core_sifa.service.CitacionService    : Buscando citación con ID: 99
2026-06-15T17:05:26.590-04:00  INFO 438454 --- [core-sifa-test] [main] c.s.core_sifa.service.CitacionService    : Creando citación para la infracción ID: 1
2026-06-15T17:05:26.591-04:00  INFO 438454 --- [core-sifa-test] [main] c.s.core_sifa.service.CitacionService    : Citación ID 1 creada exitosamente
2026-06-15T17:05:26.598-04:00  INFO 438454 --- [core-sifa-test] [main] c.s.core_sifa.service.CitacionService    : Creando citación para la infracción ID: 99
2026-06-15T17:05:26.603-04:00  INFO 438454 --- [core-sifa-test] [main] c.s.c.s.storage.MockStorageServiceImpl   : MOCK STORAGE -> Archivo eliminado: https://mock.sifa.cl/test.jpg
2026-06-15T17:05:26.605-04:00  INFO 438454 --- [core-sifa-test] [main] c.s.c.s.storage.MockStorageServiceImpl   : MOCK STORAGE -> Archivo simulado: https://mock.sifa.cl/infraccion_1.jpg
2026-06-15T17:05:26.607-04:00  INFO 438454 --- [core-sifa-test] [main] c.s.c.s.storage.MockStorageServiceImpl   : MOCK STORAGE -> Archivo simulado: https://mock.sifa.cl/infraccion_1_1.jpg
2026-06-15T17:05:26.607-04:00  INFO 438454 --- [core-sifa-test] [main] c.s.c.s.storage.MockStorageServiceImpl   : MOCK STORAGE -> Archivo simulado: https://mock.sifa.cl/infraccion_1_2.jpg
2026-06-15T17:05:26.774-04:00  INFO 438454 --- [core-sifa-test] [main] c.s.c.s.n.NotificationLogServiceImpl     : Notification log saved: targetType=ALL, devicesCount=10, sentBy=admin@test.cl
2026-06-15T17:05:26.917-04:00 ERROR 438454 --- [core-sifa-test] [main] c.s.c.s.audits.AuditLogServiceImpl       : [AUDITORIA-ERROR] Error silencioso general al comunicarse con el Core.
2026-06-15T17:05:26.918-04:00 ERROR 438454 --- [core-sifa-test] [main] c.s.c.s.audits.AuditLogServiceImpl       : Clase del error: java.lang.RuntimeException
2026-06-15T17:05:26.918-04:00 ERROR 438454 --- [core-sifa-test] [main] c.s.c.s.audits.AuditLogServiceImpl       : Mensaje exacto: DB error
2026-06-15T17:05:26.918-04:00 ERROR 438454 --- [core-sifa-test] [main] c.s.c.s.audits.AuditLogServiceImpl       : Stacktrace completo: 

java.lang.RuntimeException: DB error
	at com.sifa.core_sifa.service.audits.AuditLogServiceImpl.registrarLog(AuditLogServiceImpl.java:81) ~[classes/:na]
	at com.sifa.core_sifa.service.audits.AuditLogServiceImplTest.registrarLog_cuandoError_noPropagaExcepcion(AuditLogServiceImplTest.java:111) ~[test-classes/:na]
	at java.base/jdk.internal.reflect.DirectMethodHandleAccessor.invoke(DirectMethodHandleAccessor.java:103) ~[na:na]
	at java.base/java.lang.reflect.Method.invoke(Method.java:580) ~[na:na]
	at org.junit.platform.commons.util.ReflectionUtils.invokeMethod(ReflectionUtils.java:767) ~[junit-platform-commons-1.11.4.jar:1.11.4]
	at org.junit.jupiter.engine.execution.MethodInvocation.proceed(MethodInvocation.java:60) ~[junit-jupiter-engine-5.11.4.jar:5.11.4]
	at org.junit.jupiter.engine.execution.InvocationInterceptorChain$ValidatingInvocation.proceed(InvocationInterceptorChain.java:131) ~[junit-jupiter-engine-5.11.4.jar:5.11.4]
	at org.junit.jupiter.engine.extension.TimeoutExtension.intercept(TimeoutExtension.java:156) ~[junit-jupiter-engine-5.11.4.jar:5.11.4]
	at org.junit.jupiter.engine.extension.TimeoutExtension.interceptTestableMethod(TimeoutExtension.java:147) ~[junit-jupiter-engine-5.11.4.jar:5.11.4]
	at org.junit.jupiter.engine.extension.TimeoutExtension.interceptTestMethod(TimeoutExtension.java:86) ~[junit-jupiter-engine-5.11.4.jar:5.11.4]
	at org.junit.jupiter.engine.execution.InterceptingExecutableInvoker$ReflectiveInterceptorCall.lambda$ofVoidMethod$0(InterceptingExecutableInvoker.java:103) ~[junit-jupiter-engine-5.11.4.jar:5.11.4]
	at org.junit.jupiter.engine.execution.InterceptingExecutableInvoker.lambda$invoke$0(InterceptingExecutableInvoker.java:93) ~[junit-jupiter-engine-5.11.4.jar:5.11.4]
	at org.junit.jupiter.engine.execution.InvocationInterceptorChain$InterceptedInvocation.proceed(InvocationInterceptorChain.java:106) ~[junit-jupiter-engine-5.11.4.jar:5.11.4]
	at org.junit.jupiter.engine.execution.InvocationInterceptorChain.proceed(InvocationInterceptorChain.java:64) ~[junit-jupiter-engine-5.11.4.jar:5.11.4]
	at org.junit.jupiter.engine.execution.InvocationInterceptorChain.chainAndInvoke(InvocationInterceptorChain.java:45) ~[junit-jupiter-engine-5.11.4.jar:5.11.4]
	at org.junit.jupiter.engine.execution.InvocationInterceptorChain.invoke(InvocationInterceptorChain.java:37) ~[junit-jupiter-engine-5.11.4.jar:5.11.4]
	at org.junit.jupiter.engine.execution.InterceptingExecutableInvoker.invoke(InterceptingExecutableInvoker.java:92) ~[junit-jupiter-engine-5.11.4.jar:5.11.4]
	at org.junit.jupiter.engine.execution.InterceptingExecutableInvoker.invoke(InterceptingExecutableInvoker.java:86) ~[junit-jupiter-engine-5.11.4.jar:5.11.4]
	at org.junit.jupiter.engine.descriptor.TestMethodTestDescriptor.lambda$invokeTestMethod$8(TestMethodTestDescriptor.java:217) ~[junit-jupiter-engine-5.11.4.jar:5.11.4]
	at org.junit.platform.engine.support.hierarchical.ThrowableCollector.execute(ThrowableCollector.java:73) ~[junit-platform-engine-1.11.4.jar:1.11.4]
	at org.junit.jupiter.engine.descriptor.TestMethodTestDescriptor.invokeTestMethod(TestMethodTestDescriptor.java:213) ~[junit-jupiter-engine-5.11.4.jar:5.11.4]
	at org.junit.jupiter.engine.descriptor.TestMethodTestDescriptor.execute(TestMethodTestDescriptor.java:138) ~[junit-jupiter-engine-5.11.4.jar:5.11.4]
	at org.junit.jupiter.engine.descriptor.TestMethodTestDescriptor.execute(TestMethodTestDescriptor.java:68) ~[junit-jupiter-engine-5.11.4.jar:5.11.4]
	at org.junit.platform.engine.support.hierarchical.NodeTestTask.lambda$executeRecursively$6(NodeTestTask.java:156) ~[junit-platform-engine-1.11.4.jar:1.11.4]
	at org.junit.platform.engine.support.hierarchical.ThrowableCollector.execute(ThrowableCollector.java:73) ~[junit-platform-engine-1.11.4.jar:1.11.4]
	at org.junit.platform.engine.support.hierarchical.NodeTestTask.lambda$executeRecursively$8(NodeTestTask.java:146) ~[junit-platform-engine-1.11.4.jar:1.11.4]
	at org.junit.platform.engine.support.hierarchical.Node.around(Node.java:137) ~[junit-platform-engine-1.11.4.jar:1.11.4]
	at org.junit.platform.engine.support.hierarchical.NodeTestTask.lambda$executeRecursively$9(NodeTestTask.java:144) ~[junit-platform-engine-1.11.4.jar:1.11.4]
	at org.junit.platform.engine.support.hierarchical.ThrowableCollector.execute(ThrowableCollector.java:73) ~[junit-platform-engine-1.11.4.jar:1.11.4]
	at org.junit.platform.engine.support.hierarchical.NodeTestTask.executeRecursively(NodeTestTask.java:143) ~[junit-platform-engine-1.11.4.jar:1.11.4]
	at org.junit.platform.engine.support.hierarchical.NodeTestTask.execute(NodeTestTask.java:100) ~[junit-platform-engine-1.11.4.jar:1.11.4]
	at java.base/java.util.ArrayList.forEach(ArrayList.java:1596) ~[na:na]
	at org.junit.platform.engine.support.hierarchical.SameThreadHierarchicalTestExecutorService.invokeAll(SameThreadHierarchicalTestExecutorService.java:41) ~[junit-platform-engine-1.11.4.jar:1.11.4]
	at org.junit.platform.engine.support.hierarchical.NodeTestTask.lambda$executeRecursively$6(NodeTestTask.java:160) ~[junit-platform-engine-1.11.4.jar:1.11.4]
	at org.junit.platform.engine.support.hierarchical.ThrowableCollector.execute(ThrowableCollector.java:73) ~[junit-platform-engine-1.11.4.jar:1.11.4]
	at org.junit.platform.engine.support.hierarchical.NodeTestTask.lambda$executeRecursively$8(NodeTestTask.java:146) ~[junit-platform-engine-1.11.4.jar:1.11.4]
	at org.junit.platform.engine.support.hierarchical.Node.around(Node.java:137) ~[junit-platform-engine-1.11.4.jar:1.11.4]
	at org.junit.platform.engine.support.hierarchical.NodeTestTask.lambda$executeRecursively$9(NodeTestTask.java:144) ~[junit-platform-engine-1.11.4.jar:1.11.4]
	at org.junit.platform.engine.support.hierarchical.ThrowableCollector.execute(ThrowableCollector.java:73) ~[junit-platform-engine-1.11.4.jar:1.11.4]
	at org.junit.platform.engine.support.hierarchical.NodeTestTask.executeRecursively(NodeTestTask.java:143) ~[junit-platform-engine-1.11.4.jar:1.11.4]
	at org.junit.platform.engine.support.hierarchical.NodeTestTask.execute(NodeTestTask.java:100) ~[junit-platform-engine-1.11.4.jar:1.11.4]
	at java.base/java.util.ArrayList.forEach(ArrayList.java:1596) ~[na:na]
	at org.junit.platform.engine.support.hierarchical.SameThreadHierarchicalTestExecutorService.invokeAll(SameThreadHierarchicalTestExecutorService.java:41) ~[junit-platform-engine-1.11.4.jar:1.11.4]
	at org.junit.platform.engine.support.hierarchical.NodeTestTask.lambda$executeRecursively$6(NodeTestTask.java:160) ~[junit-platform-engine-1.11.4.jar:1.11.4]
	at org.junit.platform.engine.support.hierarchical.ThrowableCollector.execute(ThrowableCollector.java:73) ~[junit-platform-engine-1.11.4.jar:1.11.4]
	at org.junit.platform.engine.support.hierarchical.NodeTestTask.lambda$executeRecursively$8(NodeTestTask.java:146) ~[junit-platform-engine-1.11.4.jar:1.11.4]
	at org.junit.platform.engine.support.hierarchical.Node.around(Node.java:137) ~[junit-platform-engine-1.11.4.jar:1.11.4]
	at org.junit.platform.engine.support.hierarchical.NodeTestTask.lambda$executeRecursively$9(NodeTestTask.java:144) ~[junit-platform-engine-1.11.4.jar:1.11.4]
	at org.junit.platform.engine.support.hierarchical.ThrowableCollector.execute(ThrowableCollector.java:73) ~[junit-platform-engine-1.11.4.jar:1.11.4]
	at org.junit.platform.engine.support.hierarchical.NodeTestTask.executeRecursively(NodeTestTask.java:143) ~[junit-platform-engine-1.11.4.jar:1.11.4]
	at org.junit.platform.engine.support.hierarchical.NodeTestTask.execute(NodeTestTask.java:100) ~[junit-platform-engine-1.11.4.jar:1.11.4]
	at org.junit.platform.engine.support.hierarchical.SameThreadHierarchicalTestExecutorService.submit(SameThreadHierarchicalTestExecutorService.java:35) ~[junit-platform-engine-1.11.4.jar:1.11.4]
	at org.junit.platform.engine.support.hierarchical.HierarchicalTestExecutor.execute(HierarchicalTestExecutor.java:57) ~[junit-platform-engine-1.11.4.jar:1.11.4]
	at org.junit.platform.engine.support.hierarchical.HierarchicalTestEngine.execute(HierarchicalTestEngine.java:54) ~[junit-platform-engine-1.11.4.jar:1.11.4]
	at org.junit.platform.launcher.core.EngineExecutionOrchestrator.execute(EngineExecutionOrchestrator.java:198) ~[junit-platform-launcher-1.11.4.jar:1.11.4]
	at org.junit.platform.launcher.core.EngineExecutionOrchestrator.execute(EngineExecutionOrchestrator.java:169) ~[junit-platform-launcher-1.11.4.jar:1.11.4]
	at org.junit.platform.launcher.core.EngineExecutionOrchestrator.execute(EngineExecutionOrchestrator.java:93) ~[junit-platform-launcher-1.11.4.jar:1.11.4]
	at org.junit.platform.launcher.core.EngineExecutionOrchestrator.lambda$execute$0(EngineExecutionOrchestrator.java:58) ~[junit-platform-launcher-1.11.4.jar:1.11.4]
	at org.junit.platform.launcher.core.EngineExecutionOrchestrator.withInterceptedStreams(EngineExecutionOrchestrator.java:141) ~[junit-platform-launcher-1.11.4.jar:1.11.4]
	at org.junit.platform.launcher.core.EngineExecutionOrchestrator.execute(EngineExecutionOrchestrator.java:57) ~[junit-platform-launcher-1.11.4.jar:1.11.4]
	at org.junit.platform.launcher.core.DefaultLauncher.execute(DefaultLauncher.java:103) ~[junit-platform-launcher-1.11.4.jar:1.11.4]
	at org.junit.platform.launcher.core.DefaultLauncher.execute(DefaultLauncher.java:85) ~[junit-platform-launcher-1.11.4.jar:1.11.4]
	at org.junit.platform.launcher.core.DelegatingLauncher.execute(DelegatingLauncher.java:47) ~[junit-platform-launcher-1.11.4.jar:1.11.4]
	at org.apache.maven.surefire.junitplatform.LazyLauncher.execute(LazyLauncher.java:56) ~[surefire-junit-platform-3.5.2.jar:3.5.2]
	at org.apache.maven.surefire.junitplatform.JUnitPlatformProvider.execute(JUnitPlatformProvider.java:184) ~[surefire-junit-platform-3.5.2.jar:3.5.2]
	at org.apache.maven.surefire.junitplatform.JUnitPlatformProvider.invokeAllTests(JUnitPlatformProvider.java:148) ~[surefire-junit-platform-3.5.2.jar:3.5.2]
	at org.apache.maven.surefire.junitplatform.JUnitPlatformProvider.invoke(JUnitPlatformProvider.java:122) ~[surefire-junit-platform-3.5.2.jar:3.5.2]
	at org.apache.maven.surefire.booter.ForkedBooter.runSuitesInProcess(ForkedBooter.java:385) ~[surefire-booter-3.5.2.jar:3.5.2]
	at org.apache.maven.surefire.booter.ForkedBooter.execute(ForkedBooter.java:162) ~[surefire-booter-3.5.2.jar:3.5.2]
	at org.apache.maven.surefire.booter.ForkedBooter.run(ForkedBooter.java:507) ~[surefire-booter-3.5.2.jar:3.5.2]
	at org.apache.maven.surefire.booter.ForkedBooter.main(ForkedBooter.java:495) ~[surefire-booter-3.5.2.jar:3.5.2]

2026-06-15T17:05:26.932-04:00  INFO 438454 --- [core-sifa-test] [main] c.s.c.s.audits.AuditLogServiceImpl       : Buscando auditoria con id: 99
2026-06-15T17:05:26.935-04:00  INFO 438454 --- [core-sifa-test] [main] c.s.c.s.audits.AuditLogServiceImpl       : Auditoría guardada exitosamente | Usuario: admin@test.cl | Acción: PROCESAR_INFRACCION
2026-06-15T17:05:26.940-04:00  INFO 438454 --- [core-sifa-test] [main] c.s.c.s.audits.AuditLogServiceImpl       : Buscando auditoria con id: 1
2026-06-15T17:05:26.947-04:00  INFO 438454 --- [core-sifa-test] [main] t.c.s.AnnotationConfigContextLoaderUtils : Could not detect default configuration classes for test class [com.sifa.core_sifa.CoreSifaApplicationTests]: CoreSifaApplicationTests does not declare any static, non-private, non-final, nested classes annotated with @Configuration.
2026-06-15T17:05:26.958-04:00  INFO 438454 --- [core-sifa-test] [main] .b.t.c.SpringBootTestContextBootstrapper : Found @SpringBootConfiguration com.sifa.core_sifa.CoreSifaApplication for test class com.sifa.core_sifa.CoreSifaApplicationTests
2026-06-15T17:05:27.482-04:00  INFO 438454 --- [core-sifa-test] [main] t.c.s.AnnotationConfigContextLoaderUtils : Could not detect default configuration classes for test class [com.sifa.core_sifa.config.DataInitializerConfigTest]: DataInitializerConfigTest does not declare any static, non-private, non-final, nested classes annotated with @Configuration.
2026-06-15T17:05:27.492-04:00  INFO 438454 --- [core-sifa-test] [main] .b.t.c.SpringBootTestContextBootstrapper : Found @SpringBootConfiguration com.sifa.core_sifa.CoreSifaApplication for test class com.sifa.core_sifa.config.DataInitializerConfigTest
2026-06-15T17:05:27.537-04:00  INFO 438454 --- [core-sifa-test] [main] t.c.s.AnnotationConfigContextLoaderUtils : Could not detect default configuration classes for test class [com.sifa.core_sifa.repository.IAuditLogRepositoryTest]: IAuditLogRepositoryTest does not declare any static, non-private, non-final, nested classes annotated with @Configuration.
2026-06-15T17:05:27.548-04:00  INFO 438454 --- [core-sifa-test] [main] .b.t.c.SpringBootTestContextBootstrapper : Found @SpringBootConfiguration com.sifa.core_sifa.CoreSifaApplication for test class com.sifa.core_sifa.repository.IAuditLogRepositoryTest
2026-06-15T17:05:27.698-04:00  INFO 438454 --- [core-sifa-test] [main] t.c.s.AnnotationConfigContextLoaderUtils : Could not detect default configuration classes for test class [com.sifa.core_sifa.repository.INotificationLogRepositoryTest]: INotificationLogRepositoryTest does not declare any static, non-private, non-final, nested classes annotated with @Configuration.
2026-06-15T17:05:27.699-04:00  INFO 438454 --- [core-sifa-test] [main] .b.t.c.SpringBootTestContextBootstrapper : Found @SpringBootConfiguration com.sifa.core_sifa.CoreSifaApplication for test class com.sifa.core_sifa.repository.INotificationLogRepositoryTest
2026-06-15T17:05:27.794-04:00  INFO 438454 --- [core-sifa-test] [main] t.c.s.AnnotationConfigContextLoaderUtils : Could not detect default configuration classes for test class [com.sifa.core_sifa.repository.IDeviceTokenRepositoryTest]: IDeviceTokenRepositoryTest does not declare any static, non-private, non-final, nested classes annotated with @Configuration.
2026-06-15T17:05:27.796-04:00  INFO 438454 --- [core-sifa-test] [main] .b.t.c.SpringBootTestContextBootstrapper : Found @SpringBootConfiguration com.sifa.core_sifa.CoreSifaApplication for test class com.sifa.core_sifa.repository.IDeviceTokenRepositoryTest
2026-06-15T17:05:28.016-04:00  INFO 438454 --- [core-sifa-test] [main] t.c.s.AnnotationConfigContextLoaderUtils : Could not detect default configuration classes for test class [com.sifa.core_sifa.repository.IPropietarioVehiculoRepositoryTest]: IPropietarioVehiculoRepositoryTest does not declare any static, non-private, non-final, nested classes annotated with @Configuration.
2026-06-15T17:05:28.018-04:00  INFO 438454 --- [core-sifa-test] [main] .b.t.c.SpringBootTestContextBootstrapper : Found @SpringBootConfiguration com.sifa.core_sifa.CoreSifaApplication for test class com.sifa.core_sifa.repository.IPropietarioVehiculoRepositoryTest
2026-06-15T17:05:28.088-04:00  INFO 438454 --- [core-sifa-test] [main] t.c.s.AnnotationConfigContextLoaderUtils : Could not detect default configuration classes for test class [com.sifa.core_sifa.repository.ITipoInfraccionRepositoryTest]: ITipoInfraccionRepositoryTest does not declare any static, non-private, non-final, nested classes annotated with @Configuration.
2026-06-15T17:05:28.091-04:00  INFO 438454 --- [core-sifa-test] [main] .b.t.c.SpringBootTestContextBootstrapper : Found @SpringBootConfiguration com.sifa.core_sifa.CoreSifaApplication for test class com.sifa.core_sifa.repository.ITipoInfraccionRepositoryTest
2026-06-15T17:05:28.149-04:00  INFO 438454 --- [core-sifa-test] [main] t.c.s.AnnotationConfigContextLoaderUtils : Could not detect default configuration classes for test class [com.sifa.core_sifa.repository.IInfraccionRepositoryTest]: IInfraccionRepositoryTest does not declare any static, non-private, non-final, nested classes annotated with @Configuration.
2026-06-15T17:05:28.150-04:00  INFO 438454 --- [core-sifa-test] [main] .b.t.c.SpringBootTestContextBootstrapper : Found @SpringBootConfiguration com.sifa.core_sifa.CoreSifaApplication for test class com.sifa.core_sifa.repository.IInfraccionRepositoryTest
2026-06-15T17:05:28.649-04:00  INFO 438454 --- [core-sifa-test] [main] t.c.s.AnnotationConfigContextLoaderUtils : Could not detect default configuration classes for test class [com.sifa.core_sifa.repository.ICitacionRepositoryTest]: ICitacionRepositoryTest does not declare any static, non-private, non-final, nested classes annotated with @Configuration.
2026-06-15T17:05:28.651-04:00  INFO 438454 --- [core-sifa-test] [main] .b.t.c.SpringBootTestContextBootstrapper : Found @SpringBootConfiguration com.sifa.core_sifa.CoreSifaApplication for test class com.sifa.core_sifa.repository.ICitacionRepositoryTest
2026-06-15T17:05:28.864-04:00  INFO 438454 --- [core-sifa-test] [main] t.c.s.AnnotationConfigContextLoaderUtils : Could not detect default configuration classes for test class [com.sifa.core_sifa.repository.IFiscalizadorPresenciaRepositoryTest]: IFiscalizadorPresenciaRepositoryTest does not declare any static, non-private, non-final, nested classes annotated with @Configuration.
2026-06-15T17:05:28.866-04:00  INFO 438454 --- [core-sifa-test] [main] .b.t.c.SpringBootTestContextBootstrapper : Found @SpringBootConfiguration com.sifa.core_sifa.CoreSifaApplication for test class com.sifa.core_sifa.repository.IFiscalizadorPresenciaRepositoryTest
2026-06-15T17:05:28.985-04:00  INFO 438454 --- [core-sifa-test] [main] t.c.s.AnnotationConfigContextLoaderUtils : Could not detect default configuration classes for test class [com.sifa.core_sifa.repository.IVehiculoRepositoryTest]: IVehiculoRepositoryTest does not declare any static, non-private, non-final, nested classes annotated with @Configuration.
2026-06-15T17:05:28.987-04:00  INFO 438454 --- [core-sifa-test] [main] .b.t.c.SpringBootTestContextBootstrapper : Found @SpringBootConfiguration com.sifa.core_sifa.CoreSifaApplication for test class com.sifa.core_sifa.repository.IVehiculoRepositoryTest
2026-06-15T17:05:29.155-04:00  INFO 438454 --- [core-sifa-test] [main] t.c.s.AnnotationConfigContextLoaderUtils : Could not detect default configuration classes for test class [com.sifa.core_sifa.repository.IEvidenciaFotograficaRepositoryTest]: IEvidenciaFotograficaRepositoryTest does not declare any static, non-private, non-final, nested classes annotated with @Configuration.
2026-06-15T17:05:29.157-04:00  INFO 438454 --- [core-sifa-test] [main] .b.t.c.SpringBootTestContextBootstrapper : Found @SpringBootConfiguration com.sifa.core_sifa.CoreSifaApplication for test class com.sifa.core_sifa.repository.IEvidenciaFotograficaRepositoryTest
2026-06-15T17:05:29.685-04:00  INFO 438454 --- [core-sifa-test] [SpringApplicationShutdownHook] j.LocalContainerEntityManagerFactoryBean : Closing JPA EntityManagerFactory for persistence unit 'default'
2026-06-15T17:05:29.696-04:00  INFO 438454 --- [core-sifa-test] [SpringApplicationShutdownHook] com.zaxxer.hikari.HikariDataSource       : HikariPool-1 - Shutdown initiated...
2026-06-15T17:05:29.698-04:00  INFO 438454 --- [core-sifa-test] [SpringApplicationShutdownHook] com.zaxxer.hikari.HikariDataSource       : HikariPool-1 - Shutdown completed.
